fieldId,name
F0,field_00000
F1,field_00001
F2,field_00002
F3,field_00003
F4,field_00004
F5,field_00005
F6,field_00006
F7,field_00007
F8,field_00008
F9,field_00009
F10,field_00010
F11,field_00011
F12,field_00012
F13,field_00013
F14,field_00014
F15,field_00015
F16,field_00016
F17,field_00017
F18,field_00018
F19,field_00019
F20,field_00020
F21,field_00021
F22,field_00022
F23,field_00023
F24,field_00024
F25,field_00025
F26,field_00026
F27,field_00027
F28,field_00028
F29,field_00029
F30,field_00030
F31,field_00031
F32,field_00032
F33,field_00033
F34,field_00034
F35,field_00035
F36,field_00036
F37,field_00037
F38,field_00038
F39,field_00039
F40,field_00040
F41,field_00041
F42,field_00042
F43,field_00043
F44,field_00044
F45,field_00045
F46,field_00046
F47,field_00047
F48,field_00048
F49,field_00049
F50,field_00050
F51,field_00051
F52,field_00052
F53,field_00053
F54,field_00054
F55,field_00055
F56,field_00056
F57,field_00057
F58,field_00058
F59,field_00059
F60,field_00060
F61,field_00061
F62,field_00062
F63,field_00063
F64,field_00064
F65,field_00065
F66,field_00066
F67,field_00067
F68,field_00068
F69,field_00069
F70,field_00070
F71,field_00071
F72,field_00072
F73,field_00073
F74,field_00074
F75,field_00075
F76,field_00076
F77,field_00077
F78,field_00078
F79,field_00079
F80,field_00080
F81,field_00081
F82,field_00082
F83,field_00083
F84,field_00084
F85,field_00085
F86,field_00086
F87,field_00087
F88,field_00088
F89,field_00089
F90,field_00090
F91,field_00091
F92,field_00092
F93,field_00093
F94,field_00094
F95,field_00095
F96,field_00096
F97,field_00097
F98,field_00098
F99,field_00099
F100,field_00100
F101,field_00101
F102,field_00102
F103,field_00103
F104,field_00104
F105,field_00105
F106,field_00106
F107,field_00107
F108,field_00108
F109,field_00109
F110,field_00110
F111,field_00111
F112,field_00112
F113,field_00113
F114,field_00114
F115,field_00115
F116,field_00116
F117,field_00117
F118,field_00118
F119,field_00119
F120,field_00120
F121,field_00121
F122,field_00122
F123,field_00123
F124,field_00124
F125,field_00125
F126,field_00126
F127,field_00127
F128,field_00128
F129,field_00129
F130,field_00130
F131,field_00131
F132,field_00132
F133,field_00133
F134,field_00134
F135,field_00135
F136,field_00136
F137,field_00137
F138,field_00138
F139,field_00139
F140,field_00140
F141,field_00141
F142,field_00142
F143,field_00143
F144,field_00144
F145,field_00145
F146,field_00146
F147,field_00147
F148,field_00148
F149,field_00149
F150,field_00150
F151,field_00151
F152,field_00152
F153,field_00153
F154,field_00154
F155,field_00155
F156,field_00156
F157,field_00157
F158,field_00158
F159,field_00159
F160,field_00160
F161,field_00161
F162,field_00162
F163,field_00163
F164,field_00164
F165,field_00165
F166,field_00166
F167,field_00167
F168,field_00168
F169,field_00169
F170,field_00170
F171,field_00171
F172,field_00172
F173,field_00173
F174,field_00174
F175,field_00175
F176,field_00176
F177,field_00177
F178,field_00178
F179,field_00179
F180,field_00180
F181,field_00181
F182,field_00182
F183,field_00183
F184,field_00184
F185,field_00185
F186,field_00186
F187,field_00187
F188,field_00188
F189,field_00189
F190,field_00190
F191,field_00191
F192,field_00192
F193,field_00193
F194,field_00194
F195,field_00195
F196,field_00196
F197,field_00197
F198,field_00198
F199,field_00199
F200,field_00200
F201,field_00201
F202,field_00202
F203,field_00203
F204,field_00204
F205,field_00205
F206,field_00206
F207,field_00207
F208,field_00208
F209,field_00209
F210,field_00210
F211,field_00211
F212,field_00212
F213,field_00213
F214,field_00214
F215,field_00215
F216,field_00216
F217,field_00217
F218,field_00218
F219,field_00219
F220,field_00220
F221,field_00221
F222,field_00222
F223,field_00223
F224,field_00224
F225,field_00225
F226,field_00226
F227,field_00227
F228,field_00228
F229,field_00229
F230,field_00230
F231,field_00231
F232,field_00232
F233,field_00233
F234,field_00234
F235,field_00235
F236,field_00236
F237,field_00237
F238,field_00238
F239,field_00239
F240,field_00240
F241,field_00241
F242,field_00242
F243,field_00243
F244,field_00244
F245,field_00245
F246,field_00246
F247,field_00247
F248,field_00248
F249,field_00249
F250,field_00250
F251,field_00251
F252,field_00252
F253,field_00253
F254,field_00254
F255,field_00255
F256,field_00256
F257,field_00257
F258,field_00258
F259,field_00259
F260,field_00260
F261,field_00261
F262,field_00262
F263,field_00263
F264,field_00264
F265,field_00265
F266,field_00266
F267,field_00267
F268,field_00268
F269,field_00269
F270,field_00270
F271,field_00271
F272,field_00272
F273,field_00273
F274,field_00274
F275,field_00275
F276,field_00276
F277,field_00277
F278,field_00278
F279,field_00279
F280,field_00280
F281,field_00281
F282,field_00282
F283,field_00283
F284,field_00284
F285,field_00285
F286,field_00286
F287,field_00287
F288,field_00288
F289,field_00289
F290,field_00290
F291,field_00291
F292,field_00292
F293,field_00293
F294,field_00294
F295,field_00295
F296,field_00296
F297,field_00297
F298,field_00298
F299,field_00299
F300,field_00300
F301,field_00301
F302,field_00302
F303,field_00303
F304,field_00304
F305,field_00305
F306,field_00306
F307,field_00307
F308,field_00308
F309,field_00309
F310,field_00310
F311,field_00311
F312,field_00312
F313,field_00313
F314,field_00314
F315,field_00315
F316,field_00316
F317,field_00317
F318,field_00318
F319,field_00319
F320,field_00320
F321,field_00321
F322,field_00322
F323,field_00323
F324,field_00324
F325,field_00325
F326,field_00326
F327,field_00327
F328,field_00328
F329,field_00329
F330,field_00330
F331,field_00331
F332,field_00332
F333,field_00333
F334,field_00334
F335,field_00335
F336,field_00336
F337,field_00337
F338,field_00338
F339,field_00339
F340,field_00340
F341,field_00341
F342,field_00342
F343,field_00343
F344,field_00344
F345,field_00345
F346,field_00346
F347,field_00347
F348,field_00348
F349,field_00349
F350,field_00350
F351,field_00351
F352,field_00352
F353,field_00353
F354,field_00354
F355,field_00355
F356,field_00356
F357,field_00357
F358,field_00358
F359,field_00359
F360,field_00360
F361,field_00361
F362,field_00362
F363,field_00363
F364,field_00364
F365,field_00365
F366,field_00366
F367,field_00367
F368,field_00368
F369,field_00369
F370,field_00370
F371,field_00371
F372,field_00372
F373,field_00373
F374,field_00374
F375,field_00375
F376,field_00376
F377,field_00377
F378,field_00378
F379,field_00379
F380,field_00380
F381,field_00381
F382,field_00382
F383,field_00383
F384,field_00384
F385,field_00385
F386,field_00386
F387,field_00387
F388,field_00388
F389,field_00389
F390,field_00390
F391,field_00391
F392,field_00392
F393,field_00393
F394,field_00394
F395,field_00395
F396,field_00396
F397,field_00397
F398,field_00398
F399,field_00399
F400,field_00400
F401,field_00401
F402,field_00402
F403,field_00403
F404,field_00404
F405,field_00405
F406,field_00406
F407,field_00407
F408,field_00408
F409,field_00409
F410,field_00410
F411,field_00411
F412,field_00412
F413,field_00413
F414,field_00414
F415,field_00415
F416,field_00416
F417,field_00417
F418,field_00418
F419,field_00419
F420,field_00420
F421,field_00421
F422,field_00422
F423,field_00423
F424,field_00424
F425,field_00425
F426,field_00426
F427,field_00427
F428,field_00428
F429,field_00429
F430,field_00430
F431,field_00431
F432,field_00432
F433,field_00433
F434,field_00434
F435,field_00435
F436,field_00436
F437,field_00437
F438,field_00438
F439,field_00439
F440,field_00440
F441,field_00441
F442,field_00442
F443,field_00443
F444,field_00444
F445,field_00445
F446,field_00446
F447,field_00447
F448,field_00448
F449,field_00449
F450,field_00450
F451,field_00451
F452,field_00452
F453,field_00453
F454,field_00454
F455,field_00455
F456,field_00456
F457,field_00457
F458,field_00458
F459,field_00459
F460,field_00460
F461,field_00461
F462,field_00462
F463,field_00463
F464,field_00464
F465,field_00465
F466,field_00466
F467,field_00467
F468,field_00468
F469,field_00469
F470,field_00470
F471,field_00471
F472,field_00472
F473,field_00473
F474,field_00474
F475,field_00475
F476,field_00476
F477,field_00477
F478,field_00478
F479,field_00479
F480,field_00480
F481,field_00481
F482,field_00482
F483,field_00483
F484,field_00484
F485,field_00485
F486,field_00486
F487,field_00487
F488,field_00488
F489,field_00489
F490,field_00490
F491,field_00491
F492,field_00492
F493,field_00493
F494,field_00494
F495,field_00495
F496,field_00496
F497,field_00497
F498,field_00498
F499,field_00499
F500,field_00500
F501,field_00501
F502,field_00502
F503,field_00503
F504,field_00504
F505,field_00505
F506,field_00506
F507,field_00507
F508,field_00508
F509,field_00509
F510,field_00510
F511,field_00511
F512,field_00512
F513,field_00513
F514,field_00514
F515,field_00515
F516,field_00516
F517,field_00517
F518,field_00518
F519,field_00519
F520,field_00520
F521,field_00521
F522,field_00522
F523,field_00523
F524,field_00524
F525,field_00525
F526,field_00526
F527,field_00527
F528,field_00528
F529,field_00529
F530,field_00530
F531,field_00531
F532,field_00532
F533,field_00533
F534,field_00534
F535,field_00535
F536,field_00536
F537,field_00537
F538,field_00538
F539,field_00539
F540,field_00540
F541,field_00541
F542,field_00542
F543,field_00543
F544,field_00544
F545,field_00545
F546,field_00546
F547,field_00547
F548,field_00548
F549,field_00549
F550,field_00550
F551,field_00551
F552,field_00552
F553,field_00553
F554,field_00554
F555,field_00555
F556,field_00556
F557,field_00557
F558,field_00558
F559,field_00559
F560,field_00560
F561,field_00561
F562,field_00562
F563,field_00563
F564,field_00564
F565,field_00565
F566,field_00566
F567,field_00567
F568,field_00568
F569,field_00569
F570,field_00570
F571,field_00571
F572,field_00572
F573,field_00573
F574,field_00574
F575,field_00575
F576,field_00576
F577,field_00577
F578,field_00578
F579,field_00579
F580,field_00580
F581,field_00581
F582,field_00582
F583,field_00583
F584,field_00584
F585,field_00585
F586,field_00586
F587,field_00587
F588,field_00588
F589,field_00589
F590,field_00590
F591,field_00591
F592,field_00592
F593,field_00593
F594,field_00594
F595,field_00595
F596,field_00596
F597,field_00597
F598,field_00598
F599,field_00599
F600,field_00600
F601,field_00601
F602,field_00602
F603,field_00603
F604,field_00604
F605,field_00605
F606,field_00606
F607,field_00607
F608,field_00608
F609,field_00609
F610,field_00610
F611,field_00611
F612,field_00612
F613,field_00613
F614,field_00614
F615,field_00615
F616,field_00616
F617,field_00617
F618,field_00618
F619,field_00619
F620,field_00620
F621,field_00621
F622,field_00622
F623,field_00623
F624,field_00624
F625,field_00625
F626,field_00626
F627,field_00627
F628,field_00628
F629,field_00629
F630,field_00630
F631,field_00631
F632,field_00632
F633,field_00633
F634,field_00634
F635,field_00635
F636,field_00636
F637,field_00637
F638,field_00638
F639,field_00639
F640,field_00640
F641,field_00641
F642,field_00642
F643,field_00643
F644,field_00644
F645,field_00645
F646,field_00646
F647,field_00647
F648,field_00648
F649,field_00649
F650,field_00650
F651,field_00651
F652,field_00652
F653,field_00653
F654,field_00654
F655,field_00655
F656,field_00656
F657,field_00657
F658,field_00658
F659,field_00659
F660,field_00660
F661,field_00661
F662,field_00662
F663,field_00663
F664,field_00664
F665,field_00665
F666,field_00666
F667,field_00667
F668,field_00668
F669,field_00669
F670,field_00670
F671,field_00671
F672,field_00672
F673,field_00673
F674,field_00674
F675,field_00675
F676,field_00676
F677,field_00677
F678,field_00678
F679,field_00679
F680,field_00680
F681,field_00681
F682,field_00682
F683,field_00683
F684,field_00684
F685,field_00685
F686,field_00686
F687,field_00687
F688,field_00688
F689,field_00689
F690,field_00690
F691,field_00691
F692,field_00692
F693,field_00693
F694,field_00694
F695,field_00695
F696,field_00696
F697,field_00697
F698,field_00698
F699,field_00699
F700,field_00700
F701,field_00701
F702,field_00702
F703,field_00703
F704,field_00704
F705,field_00705
F706,field_00706
F707,field_00707
F708,field_00708
F709,field_00709
F710,field_00710
F711,field_00711
F712,field_00712
F713,field_00713
F714,field_00714
F715,field_00715
F716,field_00716
F717,field_00717
F718,field_00718
F719,field_00719
F720,field_00720
F721,field_00721
F722,field_00722
F723,field_00723
F724,field_00724
F725,field_00725
F726,field_00726
F727,field_00727
F728,field_00728
F729,field_00729
F730,field_00730
F731,field_00731
F732,field_00732
F733,field_00733
F734,field_00734
F735,field_00735
F736,field_00736
F737,field_00737
F738,field_00738
F739,field_00739
F740,field_00740
F741,field_00741
F742,field_00742
F743,field_00743
F744,field_00744
F745,field_00745
F746,field_00746
F747,field_00747
F748,field_00748
F749,field_00749
F750,field_00750
F751,field_00751
F752,field_00752
F753,field_00753
F754,field_00754
F755,field_00755
F756,field_00756
F757,field_00757
F758,field_00758
F759,field_00759
F760,field_00760
F761,field_00761
F762,field_00762
F763,field_00763
F764,field_00764
F765,field_00765
F766,field_00766
F767,field_00767
F768,field_00768
F769,field_00769
F770,field_00770
F771,field_00771
F772,field_00772
F773,field_00773
F774,field_00774
F775,field_00775
F776,field_00776
F777,field_00777
F778,field_00778
F779,field_00779
F780,field_00780
F781,field_00781
F782,field_00782
F783,field_00783
F784,field_00784
F785,field_00785
F786,field_00786
F787,field_00787
F788,field_00788
F789,field_00789
F790,field_00790
F791,field_00791
F792,field_00792
F793,field_00793
F794,field_00794
F795,field_00795
F796,field_00796
F797,field_00797
F798,field_00798
F799,field_00799
F800,field_00800
F801,field_00801
F802,field_00802
F803,field_00803
F804,field_00804
F805,field_00805
F806,field_00806
F807,field_00807
F808,field_00808
F809,field_00809
F810,field_00810
F811,field_00811
F812,field_00812
F813,field_00813
F814,field_00814
F815,field_00815
F816,field_00816
F817,field_00817
F818,field_00818
F819,field_00819
F820,field_00820
F821,field_00821
F822,field_00822
F823,field_00823
F824,field_00824
F825,field_00825
F826,field_00826
F827,field_00827
F828,field_00828
F829,field_00829
F830,field_00830
F831,field_00831
F832,field_00832
F833,field_00833
F834,field_00834
F835,field_00835
F836,field_00836
F837,field_00837
F838,field_00838
F839,field_00839
F840,field_00840
F841,field_00841
F842,field_00842
F843,field_00843
F844,field_00844
F845,field_00845
F846,field_00846
F847,field_00847
F848,field_00848
F849,field_00849
F850,field_00850
F851,field_00851
F852,field_00852
F853,field_00853
F854,field_00854
F855,field_00855
F856,field_00856
F857,field_00857
F858,field_00858
F859,field_00859
F860,field_00860
F861,field_00861
F862,field_00862
F863,field_00863
F864,field_00864
F865,field_00865
F866,field_00866
F867,field_00867
F868,field_00868
F869,field_00869
F870,field_00870
F871,field_00871
F872,field_00872
F873,field_00873
F874,field_00874
F875,field_00875
F876,field_00876
F877,field_00877
F878,field_00878
F879,field_00879
F880,field_00880
F881,field_00881
F882,field_00882
F883,field_00883
F884,field_00884
F885,field_00885
F886,field_00886
F887,field_00887
F888,field_00888
F889,field_00889
F890,field_00890
F891,field_00891
F892,field_00892
F893,field_00893
F894,field_00894
F895,field_00895
F896,field_00896
F897,field_00897
F898,field_00898
F899,field_00899
F900,field_00900
F901,field_00901
F902,field_00902
F903,field_00903
F904,field_00904
F905,field_00905
F906,field_00906
F907,field_00907
F908,field_00908
F909,field_00909
F910,field_00910
F911,field_00911
F912,field_00912
F913,field_00913
F914,field_00914
F915,field_00915
F916,field_00916
F917,field_00917
F918,field_00918
F919,field_00919
F920,field_00920
F921,field_00921
F922,field_00922
F923,field_00923
F924,field_00924
F925,field_00925
F926,field_00926
F927,field_00927
F928,field_00928
F929,field_00929
F930,field_00930
F931,field_00931
F932,field_00932
F933,field_00933
F934,field_00934
F935,field_00935
F936,field_00936
F937,field_00937
F938,field_00938
F939,field_00939
F940,field_00940
F941,field_00941
F942,field_00942
F943,field_00943
F944,field_00944
F945,field_00945
F946,field_00946
F947,field_00947
F948,field_00948
F949,field_00949
F950,field_00950
F951,field_00951
F952,field_00952
F953,field_00953
F954,field_00954
F955,field_00955
F956,field_00956
F957,field_00957
F958,field_00958
F959,field_00959
F960,field_00960
F961,field_00961
F962,field_00962
F963,field_00963
F964,field_00964
F965,field_00965
F966,field_00966
F967,field_00967
F968,field_00968
F969,field_00969
F970,field_00970
F971,field_00971
F972,field_00972
F973,field_00973
F974,field_00974
F975,field_00975
F976,field_00976
F977,field_00977
F978,field_00978
F979,field_00979
F980,field_00980
F981,field_00981
F982,field_00982
F983,field_00983
F984,field_00984
F985,field_00985
F986,field_00986
F987,field_00987
F988,field_00988
F989,field_00989
F990,field_00990
F991,field_00991
F992,field_00992
F993,field_00993
F994,field_00994
F995,field_00995
F996,field_00996
F997,field_00997
F998,field_00998
F999,field_00999
F1000,field_01000
F1001,field_01001
F1002,field_01002
F1003,field_01003
F1004,field_01004
F1005,field_01005
F1006,field_01006
F1007,field_01007
F1008,field_01008
F1009,field_01009
F1010,field_01010
F1011,field_01011
F1012,field_01012
F1013,field_01013
F1014,field_01014
F1015,field_01015
F1016,field_01016
F1017,field_01017
F1018,field_01018
F1019,field_01019
F1020,field_01020
F1021,field_01021
F1022,field_01022
F1023,field_01023
F1024,field_01024
F1025,field_01025
F1026,field_01026
F1027,field_01027
F1028,field_01028
F1029,field_01029
F1030,field_01030
F1031,field_01031
F1032,field_01032
F1033,field_01033
F1034,field_01034
F1035,field_01035
F1036,field_01036
F1037,field_01037
F1038,field_01038
F1039,field_01039
F1040,field_01040
F1041,field_01041
F1042,field_01042
F1043,field_01043
F1044,field_01044
F1045,field_01045
F1046,field_01046
F1047,field_01047
F1048,field_01048
F1049,field_01049
F1050,field_01050
F1051,field_01051
F1052,field_01052
F1053,field_01053
F1054,field_01054
F1055,field_01055
F1056,field_01056
F1057,field_01057
F1058,field_01058
F1059,field_01059
F1060,field_01060
F1061,field_01061
F1062,field_01062
F1063,field_01063
F1064,field_01064
F1065,field_01065
F1066,field_01066
F1067,field_01067
F1068,field_01068
F1069,field_01069
F1070,field_01070
F1071,field_01071
F1072,field_01072
F1073,field_01073
F1074,field_01074
F1075,field_01075
F1076,field_01076
F1077,field_01077
F1078,field_01078
F1079,field_01079
F1080,field_01080
F1081,field_01081
F1082,field_01082
F1083,field_01083
F1084,field_01084
F1085,field_01085
F1086,field_01086
F1087,field_01087
F1088,field_01088
F1089,field_01089
F1090,field_01090
F1091,field_01091
F1092,field_01092
F1093,field_01093
F1094,field_01094
F1095,field_01095
F1096,field_01096
F1097,field_01097
F1098,field_01098
F1099,field_01099
F1100,field_01100
F1101,field_01101
F1102,field_01102
F1103,field_01103
F1104,field_01104
F1105,field_01105
F1106,field_01106
F1107,field_01107
F1108,field_01108
F1109,field_01109
F1110,field_01110
F1111,field_01111
F1112,field_01112
F1113,field_01113
F1114,field_01114
F1115,field_01115
F1116,field_01116
F1117,field_01117
F1118,field_01118
F1119,field_01119
F1120,field_01120
F1121,field_01121
F1122,field_01122
F1123,field_01123
F1124,field_01124
F1125,field_01125
F1126,field_01126
F1127,field_01127
F1128,field_01128
F1129,field_01129
F1130,field_01130
F1131,field_01131
F1132,field_01132
F1133,field_01133
F1134,field_01134
F1135,field_01135
F1136,field_01136
F1137,field_01137
F1138,field_01138
F1139,field_01139
F1140,field_01140
F1141,field_01141
F1142,field_01142
F1143,field_01143
F1144,field_01144
F1145,field_01145
F1146,field_01146
F1147,field_01147
F1148,field_01148
F1149,field_01149
F1150,field_01150
F1151,field_01151
F1152,field_01152
F1153,field_01153
F1154,field_01154
F1155,field_01155
F1156,field_01156
F1157,field_01157
F1158,field_01158
F1159,field_01159
F1160,field_01160
F1161,field_01161
F1162,field_01162
F1163,field_01163
F1164,field_01164
F1165,field_01165
F1166,field_01166
F1167,field_01167
F1168,field_01168
F1169,field_01169
F1170,field_01170
F1171,field_01171
F1172,field_01172
F1173,field_01173
F1174,field_01174
F1175,field_01175
F1176,field_01176
F1177,field_01177
F1178,field_01178
F1179,field_01179
F1180,field_01180
F1181,field_01181
F1182,field_01182
F1183,field_01183
F1184,field_01184
F1185,field_01185
F1186,field_01186
F1187,field_01187
F1188,field_01188
F1189,field_01189
F1190,field_01190
F1191,field_01191
F1192,field_01192
F1193,field_01193
F1194,field_01194
F1195,field_01195
F1196,field_01196
F1197,field_01197
F1198,field_01198
F1199,field_01199
F1200,field_01200
F1201,field_01201
F1202,field_01202
F1203,field_01203
F1204,field_01204
F1205,field_01205
F1206,field_01206
F1207,field_01207
F1208,field_01208
F1209,field_01209
F1210,field_01210
F1211,field_01211
F1212,field_01212
F1213,field_01213
F1214,field_01214
F1215,field_01215
F1216,field_01216
F1217,field_01217
F1218,field_01218
F1219,field_01219
F1220,field_01220
F1221,field_01221
F1222,field_01222
F1223,field_01223
F1224,field_01224
F1225,field_01225
F1226,field_01226
F1227,field_01227
F1228,field_01228
F1229,field_01229
F1230,field_01230
F1231,field_01231
F1232,field_01232
F1233,field_01233
F1234,field_01234
F1235,field_01235
F1236,field_01236
F1237,field_01237
F1238,field_01238
F1239,field_01239
F1240,field_01240
F1241,field_01241
F1242,field_01242
F1243,field_01243
F1244,field_01244
F1245,field_01245
F1246,field_01246
F1247,field_01247
F1248,field_01248
F1249,field_01249
F1250,field_01250
F1251,field_01251
F1252,field_01252
F1253,field_01253
F1254,field_01254
F1255,field_01255
F1256,field_01256
F1257,field_01257
F1258,field_01258
F1259,field_01259
F1260,field_01260
F1261,field_01261
F1262,field_01262
F1263,field_01263
F1264,field_01264
F1265,field_01265
F1266,field_01266
F1267,field_01267
F1268,field_01268
F1269,field_01269
F1270,field_01270
F1271,field_01271
F1272,field_01272
F1273,field_01273
F1274,field_01274
F1275,field_01275
F1276,field_01276
F1277,field_01277
F1278,field_01278
F1279,field_01279
F1280,field_01280
F1281,field_01281
F1282,field_01282
F1283,field_01283
F1284,field_01284
F1285,field_01285
F1286,field_01286
F1287,field_01287
F1288,field_01288
F1289,field_01289
F1290,field_01290
F1291,field_01291
F1292,field_01292
F1293,field_01293
F1294,field_01294
F1295,field_01295
F1296,field_01296
F1297,field_01297
F1298,field_01298
F1299,field_01299
F1300,field_01300
F1301,field_01301
F1302,field_01302
F1303,field_01303
F1304,field_01304
F1305,field_01305
F1306,field_01306
F1307,field_01307
F1308,field_01308
F1309,field_01309
F1310,field_01310
F1311,field_01311
F1312,field_01312
F1313,field_01313
F1314,field_01314
F1315,field_01315
F1316,field_01316
F1317,field_01317
F1318,field_01318
F1319,field_01319
F1320,field_01320
F1321,field_01321
F1322,field_01322
F1323,field_01323
F1324,field_01324
F1325,field_01325
F1326,field_01326
F1327,field_01327
F1328,field_01328
F1329,field_01329
F1330,field_01330
F1331,field_01331
F1332,field_01332
F1333,field_01333
F1334,field_01334
F1335,field_01335
F1336,field_01336
F1337,field_01337
F1338,field_01338
F1339,field_01339
F1340,field_01340
F1341,field_01341
F1342,field_01342
F1343,field_01343
F1344,field_01344
F1345,field_01345
F1346,field_01346
F1347,field_01347
F1348,field_01348
F1349,field_01349
F1350,field_01350
F1351,field_01351
F1352,field_01352
F1353,field_01353
F1354,field_01354
F1355,field_01355
F1356,field_01356
F1357,field_01357
F1358,field_01358
F1359,field_01359
F1360,field_01360
F1361,field_01361
F1362,field_01362
F1363,field_01363
F1364,field_01364
F1365,field_01365
F1366,field_01366
F1367,field_01367
F1368,field_01368
F1369,field_01369
F1370,field_01370
F1371,field_01371
F1372,field_01372
F1373,field_01373
F1374,field_01374
F1375,field_01375
F1376,field_01376
F1377,field_01377
F1378,field_01378
F1379,field_01379
F1380,field_01380
F1381,field_01381
F1382,field_01382
F1383,field_01383
F1384,field_01384
F1385,field_01385
F1386,field_01386
F1387,field_01387
F1388,field_01388
F1389,field_01389
F1390,field_01390
F1391,field_01391
F1392,field_01392
F1393,field_01393
F1394,field_01394
F1395,field_01395
F1396,field_01396
F1397,field_01397
F1398,field_01398
F1399,field_01399
F1400,field_01400
F1401,field_01401
F1402,field_01402
F1403,field_01403
F1404,field_01404
F1405,field_01405
F1406,field_01406
F1407,field_01407
F1408,field_01408
F1409,field_01409
F1410,field_01410
F1411,field_01411
F1412,field_01412
F1413,field_01413
F1414,field_01414
F1415,field_01415
F1416,field_01416
F1417,field_01417
F1418,field_01418
F1419,field_01419
F1420,field_01420
F1421,field_01421
F1422,field_01422
F1423,field_01423
F1424,field_01424
F1425,field_01425
F1426,field_01426
F1427,field_01427
F1428,field_01428
F1429,field_01429
F1430,field_01430
F1431,field_01431
F1432,field_01432
F1433,field_01433
F1434,field_01434
F1435,field_01435
F1436,field_01436
F1437,field_01437
F1438,field_01438
F1439,field_01439
F1440,field_01440
F1441,field_01441
F1442,field_01442
F1443,field_01443
F1444,field_01444
F1445,field_01445
F1446,field_01446
F1447,field_01447
F1448,field_01448
F1449,field_01449
F1450,field_01450
F1451,field_01451
F1452,field_01452
F1453,field_01453
F1454,field_01454
F1455,field_01455
F1456,field_01456
F1457,field_01457
F1458,field_01458
F1459,field_01459
F1460,field_01460
F1461,field_01461
F1462,field_01462
F1463,field_01463
F1464,field_01464
F1465,field_01465
F1466,field_01466
F1467,field_01467
F1468,field_01468
F1469,field_01469
F1470,field_01470
F1471,field_01471
F1472,field_01472
F1473,field_01473
F1474,field_01474
F1475,field_01475
F1476,field_01476
F1477,field_01477
F1478,field_01478
F1479,field_01479
F1480,field_01480
F1481,field_01481
F1482,field_01482
F1483,field_01483
F1484,field_01484
F1485,field_01485
F1486,field_01486
F1487,field_01487
F1488,field_01488
F1489,field_01489
F1490,field_01490
F1491,field_01491
F1492,field_01492
F1493,field_01493
F1494,field_01494
F1495,field_01495
F1496,field_01496
F1497,field_01497
F1498,field_01498
F1499,field_01499
F1500,field_01500
F1501,field_01501
F1502,field_01502
F1503,field_01503
F1504,field_01504
F1505,field_01505
F1506,field_01506
F1507,field_01507
F1508,field_01508
F1509,field_01509
F1510,field_01510
F1511,field_01511
F1512,field_01512
F1513,field_01513
F1514,field_01514
F1515,field_01515
F1516,field_01516
F1517,field_01517
F1518,field_01518
F1519,field_01519
F1520,field_01520
F1521,field_01521
F1522,field_01522
F1523,field_01523
F1524,field_01524
F1525,field_01525
F1526,field_01526
F1527,field_01527
F1528,field_01528
F1529,field_01529
F1530,field_01530
F1531,field_01531
F1532,field_01532
F1533,field_01533
F1534,field_01534
F1535,field_01535
F1536,field_01536
F1537,field_01537
F1538,field_01538
F1539,field_01539
F1540,field_01540
F1541,field_01541
F1542,field_01542
F1543,field_01543
F1544,field_01544
F1545,field_01545
F1546,field_01546
F1547,field_01547
F1548,field_01548
F1549,field_01549
F1550,field_01550
F1551,field_01551
F1552,field_01552
F1553,field_01553
F1554,field_01554
F1555,field_01555
F1556,field_01556
F1557,field_01557
F1558,field_01558
F1559,field_01559
F1560,field_01560
F1561,field_01561
F1562,field_01562
F1563,field_01563
F1564,field_01564
F1565,field_01565
F1566,field_01566
F1567,field_01567
F1568,field_01568
F1569,field_01569
F1570,field_01570
F1571,field_01571
F1572,field_01572
F1573,field_01573
F1574,field_01574
F1575,field_01575
F1576,field_01576
F1577,field_01577
F1578,field_01578
F1579,field_01579
F1580,field_01580
F1581,field_01581
F1582,field_01582
F1583,field_01583
F1584,field_01584
F1585,field_01585
F1586,field_01586
F1587,field_01587
F1588,field_01588
F1589,field_01589
F1590,field_01590
F1591,field_01591
F1592,field_01592
F1593,field_01593
F1594,field_01594
F1595,field_01595
F1596,field_01596
F1597,field_01597
F1598,field_01598
F1599,field_01599
F1600,field_01600
F1601,field_01601
F1602,field_01602
F1603,field_01603
F1604,field_01604
F1605,field_01605
F1606,field_01606
F1607,field_01607
F1608,field_01608
F1609,field_01609
F1610,field_01610
F1611,field_01611
F1612,field_01612
F1613,field_01613
F1614,field_01614
F1615,field_01615
F1616,field_01616
F1617,field_01617
F1618,field_01618
F1619,field_01619
F1620,field_01620
F1621,field_01621
F1622,field_01622
F1623,field_01623
F1624,field_01624
F1625,field_01625
F1626,field_01626
F1627,field_01627
F1628,field_01628
F1629,field_01629
F1630,field_01630
F1631,field_01631
F1632,field_01632
F1633,field_01633
F1634,field_01634
F1635,field_01635
F1636,field_01636
F1637,field_01637
F1638,field_01638
F1639,field_01639
F1640,field_01640
F1641,field_01641
F1642,field_01642
F1643,field_01643
F1644,field_01644
F1645,field_01645
F1646,field_01646
F1647,field_01647
F1648,field_01648
F1649,field_01649
F1650,field_01650
F1651,field_01651
F1652,field_01652
F1653,field_01653
F1654,field_01654
F1655,field_01655
F1656,field_01656
F1657,field_01657
F1658,field_01658
F1659,field_01659
F1660,field_01660
F1661,field_01661
F1662,field_01662
F1663,field_01663
F1664,field_01664
F1665,field_01665
F1666,field_01666
F1667,field_01667
F1668,field_01668
F1669,field_01669
F1670,field_01670
F1671,field_01671
F1672,field_01672
F1673,field_01673
F1674,field_01674
F1675,field_01675
F1676,field_01676
F1677,field_01677
F1678,field_01678
F1679,field_01679
F1680,field_01680
F1681,field_01681
F1682,field_01682
F1683,field_01683
F1684,field_01684
F1685,field_01685
F1686,field_01686
F1687,field_01687
F1688,field_01688
F1689,field_01689
F1690,field_01690
F1691,field_01691
F1692,field_01692
F1693,field_01693
F1694,field_01694
F1695,field_01695
F1696,field_01696
F1697,field_01697
F1698,field_01698
F1699,field_01699
F1700,field_01700
F1701,field_01701
F1702,field_01702
F1703,field_01703
F1704,field_01704
F1705,field_01705
F1706,field_01706
F1707,field_01707
F1708,field_01708
F1709,field_01709
F1710,field_01710
F1711,field_01711
F1712,field_01712
F1713,field_01713
F1714,field_01714
F1715,field_01715
F1716,field_01716
F1717,field_01717
F1718,field_01718
F1719,field_01719
F1720,field_01720
F1721,field_01721
F1722,field_01722
F1723,field_01723
F1724,field_01724
F1725,field_01725
F1726,field_01726
F1727,field_01727
F1728,field_01728
F1729,field_01729
F1730,field_01730
F1731,field_01731
F1732,field_01732
F1733,field_01733
F1734,field_01734
F1735,field_01735
F1736,field_01736
F1737,field_01737
F1738,field_01738
F1739,field_01739
F1740,field_01740
F1741,field_01741
F1742,field_01742
F1743,field_01743
F1744,field_01744
F1745,field_01745
F1746,field_01746
F1747,field_01747
F1748,field_01748
F1749,field_01749
F1750,field_01750
F1751,field_01751
F1752,field_01752
F1753,field_01753
F1754,field_01754
F1755,field_01755
F1756,field_01756
F1757,field_01757
F1758,field_01758
F1759,field_01759
F1760,field_01760
F1761,field_01761
F1762,field_01762
F1763,field_01763
F1764,field_01764
F1765,field_01765
F1766,field_01766
F1767,field_01767
F1768,field_01768
F1769,field_01769
F1770,field_01770
F1771,field_01771
F1772,field_01772
F1773,field_01773
F1774,field_01774
F1775,field_01775
F1776,field_01776
F1777,field_01777
F1778,field_01778
F1779,field_01779
F1780,field_01780
F1781,field_01781
F1782,field_01782
F1783,field_01783
F1784,field_01784
F1785,field_01785
F1786,field_01786
F1787,field_01787
F1788,field_01788
F1789,field_01789
F1790,field_01790
F1791,field_01791
F1792,field_01792
F1793,field_01793
F1794,field_01794
F1795,field_01795
F1796,field_01796
F1797,field_01797
F1798,field_01798
F1799,field_01799
F1800,field_01800
F1801,field_01801
F1802,field_01802
F1803,field_01803
F1804,field_01804
F1805,field_01805
F1806,field_01806
F1807,field_01807
F1808,field_01808
F1809,field_01809
F1810,field_01810
F1811,field_01811
F1812,field_01812
F1813,field_01813
F1814,field_01814
F1815,field_01815
F1816,field_01816
F1817,field_01817
F1818,field_01818
F1819,field_01819
F1820,field_01820
F1821,field_01821
F1822,field_01822
F1823,field_01823
F1824,field_01824
F1825,field_01825
F1826,field_01826
F1827,field_01827
F1828,field_01828
F1829,field_01829
F1830,field_01830
F1831,field_01831
F1832,field_01832
F1833,field_01833
F1834,field_01834
F1835,field_01835
F1836,field_01836
F1837,field_01837
F1838,field_01838
F1839,field_01839
F1840,field_01840
F1841,field_01841
F1842,field_01842
F1843,field_01843
F1844,field_01844
F1845,field_01845
F1846,field_01846
F1847,field_01847
F1848,field_01848
F1849,field_01849
F1850,field_01850
F1851,field_01851
F1852,field_01852
F1853,field_01853
F1854,field_01854
F1855,field_01855
F1856,field_01856
F1857,field_01857
F1858,field_01858
F1859,field_01859
F1860,field_01860
F1861,field_01861
F1862,field_01862
F1863,field_01863
F1864,field_01864
F1865,field_01865
F1866,field_01866
F1867,field_01867
F1868,field_01868
F1869,field_01869
F1870,field_01870
F1871,field_01871
F1872,field_01872
F1873,field_01873
F1874,field_01874
F1875,field_01875
F1876,field_01876
F1877,field_01877
F1878,field_01878
F1879,field_01879
F1880,field_01880
F1881,field_01881
F1882,field_01882
F1883,field_01883
F1884,field_01884
F1885,field_01885
F1886,field_01886
F1887,field_01887
F1888,field_01888
F1889,field_01889
F1890,field_01890
F1891,field_01891
F1892,field_01892
F1893,field_01893
F1894,field_01894
F1895,field_01895
F1896,field_01896
F1897,field_01897
F1898,field_01898
F1899,field_01899
F1900,field_01900
F1901,field_01901
F1902,field_01902
F1903,field_01903
F1904,field_01904
F1905,field_01905
F1906,field_01906
F1907,field_01907
F1908,field_01908
F1909,field_01909
F1910,field_01910
F1911,field_01911
F1912,field_01912
F1913,field_01913
F1914,field_01914
F1915,field_01915
F1916,field_01916
F1917,field_01917
F1918,field_01918
F1919,field_01919
F1920,field_01920
F1921,field_01921
F1922,field_01922
F1923,field_01923
F1924,field_01924
F1925,field_01925
F1926,field_01926
F1927,field_01927
F1928,field_01928
F1929,field_01929
F1930,field_01930
F1931,field_01931
F1932,field_01932
F1933,field_01933
F1934,field_01934
F1935,field_01935
F1936,field_01936
F1937,field_01937
F1938,field_01938
F1939,field_01939
F1940,field_01940
F1941,field_01941
F1942,field_01942
F1943,field_01943
F1944,field_01944
F1945,field_01945
F1946,field_01946
F1947,field_01947
F1948,field_01948
F1949,field_01949
F1950,field_01950
F1951,field_01951
F1952,field_01952
F1953,field_01953
F1954,field_01954
F1955,field_01955
F1956,field_01956
F1957,field_01957
F1958,field_01958
F1959,field_01959
F1960,field_01960
F1961,field_01961
F1962,field_01962
F1963,field_01963
F1964,field_01964
F1965,field_01965
F1966,field_01966
F1967,field_01967
F1968,field_01968
F1969,field_01969
F1970,field_01970
F1971,field_01971
F1972,field_01972
F1973,field_01973
F1974,field_01974
F1975,field_01975
F1976,field_01976
F1977,field_01977
F1978,field_01978
F1979,field_01979
F1980,field_01980
F1981,field_01981
F1982,field_01982
F1983,field_01983
F1984,field_01984
F1985,field_01985
F1986,field_01986
F1987,field_01987
F1988,field_01988
F1989,field_01989
F1990,field_01990
F1991,field_01991
F1992,field_01992
F1993,field_01993
F1994,field_01994
F1995,field_01995
F1996,field_01996
F1997,field_01997
F1998,field_01998
F1999,field_01999
F2000,field_02000
F2001,field_02001
F2002,field_02002
F2003,field_02003
F2004,field_02004
F2005,field_02005
F2006,field_02006
F2007,field_02007
F2008,field_02008
F2009,field_02009
F2010,field_02010
F2011,field_02011
F2012,field_02012
F2013,field_02013
F2014,field_02014
F2015,field_02015
F2016,field_02016
F2017,field_02017
F2018,field_02018
F2019,field_02019
F2020,field_02020
F2021,field_02021
F2022,field_02022
F2023,field_02023
F2024,field_02024
F2025,field_02025
F2026,field_02026
F2027,field_02027
F2028,field_02028
F2029,field_02029
F2030,field_02030
F2031,field_02031
F2032,field_02032
F2033,field_02033
F2034,field_02034
F2035,field_02035
F2036,field_02036
F2037,field_02037
F2038,field_02038
F2039,field_02039
F2040,field_02040
F2041,field_02041
F2042,field_02042
F2043,field_02043
F2044,field_02044
F2045,field_02045
F2046,field_02046
F2047,field_02047
F2048,field_02048
F2049,field_02049
F2050,field_02050
F2051,field_02051
F2052,field_02052
F2053,field_02053
F2054,field_02054
F2055,field_02055
F2056,field_02056
F2057,field_02057
F2058,field_02058
F2059,field_02059
F2060,field_02060
F2061,field_02061
F2062,field_02062
F2063,field_02063
F2064,field_02064
F2065,field_02065
F2066,field_02066
F2067,field_02067
F2068,field_02068
F2069,field_02069
F2070,field_02070
F2071,field_02071
F2072,field_02072
F2073,field_02073
F2074,field_02074
F2075,field_02075
F2076,field_02076
F2077,field_02077
F2078,field_02078
F2079,field_02079
F2080,field_02080
F2081,field_02081
F2082,field_02082
F2083,field_02083
F2084,field_02084
F2085,field_02085
F2086,field_02086
F2087,field_02087
F2088,field_02088
F2089,field_02089
F2090,field_02090
F2091,field_02091
F2092,field_02092
F2093,field_02093
F2094,field_02094
F2095,field_02095
F2096,field_02096
F2097,field_02097
F2098,field_02098
F2099,field_02099
F2100,field_02100
F2101,field_02101
F2102,field_02102
F2103,field_02103
F2104,field_02104
F2105,field_02105
F2106,field_02106
F2107,field_02107
F2108,field_02108
F2109,field_02109
F2110,field_02110
F2111,field_02111
F2112,field_02112
F2113,field_02113
F2114,field_02114
F2115,field_02115
F2116,field_02116
F2117,field_02117
F2118,field_02118
F2119,field_02119
F2120,field_02120
F2121,field_02121
F2122,field_02122
F2123,field_02123
F2124,field_02124
F2125,field_02125
F2126,field_02126
F2127,field_02127
F2128,field_02128
F2129,field_02129
F2130,field_02130
F2131,field_02131
F2132,field_02132
F2133,field_02133
F2134,field_02134
F2135,field_02135
F2136,field_02136
F2137,field_02137
F2138,field_02138
F2139,field_02139
F2140,field_02140
F2141,field_02141
F2142,field_02142
F2143,field_02143
F2144,field_02144
F2145,field_02145
F2146,field_02146
F2147,field_02147
F2148,field_02148
F2149,field_02149
F2150,field_02150
F2151,field_02151
F2152,field_02152
F2153,field_02153
F2154,field_02154
F2155,field_02155
F2156,field_02156
F2157,field_02157
F2158,field_02158
F2159,field_02159
F2160,field_02160
F2161,field_02161
F2162,field_02162
F2163,field_02163
F2164,field_02164
F2165,field_02165
F2166,field_02166
F2167,field_02167
F2168,field_02168
F2169,field_02169
F2170,field_02170
F2171,field_02171
F2172,field_02172
F2173,field_02173
F2174,field_02174
F2175,field_02175
F2176,field_02176
F2177,field_02177
F2178,field_02178
F2179,field_02179
F2180,field_02180
F2181,field_02181
F2182,field_02182
F2183,field_02183
F2184,field_02184
F2185,field_02185
F2186,field_02186
F2187,field_02187
F2188,field_02188
F2189,field_02189
F2190,field_02190
F2191,field_02191
F2192,field_02192
F2193,field_02193
F2194,field_02194
F2195,field_02195
F2196,field_02196
F2197,field_02197
F2198,field_02198
F2199,field_02199
F2200,field_02200
F2201,field_02201
F2202,field_02202
F2203,field_02203
F2204,field_02204
F2205,field_02205
F2206,field_02206
F2207,field_02207
F2208,field_02208
F2209,field_02209
F2210,field_02210
F2211,field_02211
F2212,field_02212
F2213,field_02213
F2214,field_02214
F2215,field_02215
F2216,field_02216
F2217,field_02217
F2218,field_02218
F2219,field_02219
F2220,field_02220
F2221,field_02221
F2222,field_02222
F2223,field_02223
F2224,field_02224
F2225,field_02225
F2226,field_02226
F2227,field_02227
F2228,field_02228
F2229,field_02229
F2230,field_02230
F2231,field_02231
F2232,field_02232
F2233,field_02233
F2234,field_02234
F2235,field_02235
F2236,field_02236
F2237,field_02237
F2238,field_02238
F2239,field_02239
F2240,field_02240
F2241,field_02241
F2242,field_02242
F2243,field_02243
F2244,field_02244
F2245,field_02245
F2246,field_02246
F2247,field_02247
F2248,field_02248
F2249,field_02249
F2250,field_02250
F2251,field_02251
F2252,field_02252
F2253,field_02253
F2254,field_02254
F2255,field_02255
F2256,field_02256
F2257,field_02257
F2258,field_02258
F2259,field_02259
F2260,field_02260
F2261,field_02261
F2262,field_02262
F2263,field_02263
F2264,field_02264
F2265,field_02265
F2266,field_02266
F2267,field_02267
F2268,field_02268
F2269,field_02269
F2270,field_02270
F2271,field_02271
F2272,field_02272
F2273,field_02273
F2274,field_02274
F2275,field_02275
F2276,field_02276
F2277,field_02277
F2278,field_02278
F2279,field_02279
F2280,field_02280
F2281,field_02281
F2282,field_02282
F2283,field_02283
F2284,field_02284
F2285,field_02285
F2286,field_02286
F2287,field_02287
F2288,field_02288
F2289,field_02289
F2290,field_02290
F2291,field_02291
F2292,field_02292
F2293,field_02293
F2294,field_02294
F2295,field_02295
F2296,field_02296
F2297,field_02297
F2298,field_02298
F2299,field_02299
F2300,field_02300
F2301,field_02301
F2302,field_02302
F2303,field_02303
F2304,field_02304
F2305,field_02305
F2306,field_02306
F2307,field_02307
F2308,field_02308
F2309,field_02309
F2310,field_02310
F2311,field_02311
F2312,field_02312
F2313,field_02313
F2314,field_02314
F2315,field_02315
F2316,field_02316
F2317,field_02317
F2318,field_02318
F2319,field_02319
F2320,field_02320
F2321,field_02321
F2322,field_02322
F2323,field_02323
F2324,field_02324
F2325,field_02325
F2326,field_02326
F2327,field_02327
F2328,field_02328
F2329,field_02329
F2330,field_02330
F2331,field_02331
F2332,field_02332
F2333,field_02333
F2334,field_02334
F2335,field_02335
F2336,field_02336
F2337,field_02337
F2338,field_02338
F2339,field_02339
F2340,field_02340
F2341,field_02341
F2342,field_02342
F2343,field_02343
F2344,field_02344
F2345,field_02345
F2346,field_02346
F2347,field_02347
F2348,field_02348
F2349,field_02349
F2350,field_02350
F2351,field_02351
F2352,field_02352
F2353,field_02353
F2354,field_02354
F2355,field_02355
F2356,field_02356
F2357,field_02357
F2358,field_02358
F2359,field_02359
F2360,field_02360
F2361,field_02361
F2362,field_02362
F2363,field_02363
F2364,field_02364
F2365,field_02365
F2366,field_02366
F2367,field_02367
F2368,field_02368
F2369,field_02369
F2370,field_02370
F2371,field_02371
F2372,field_02372
F2373,field_02373
F2374,field_02374
F2375,field_02375
F2376,field_02376
F2377,field_02377
F2378,field_02378
F2379,field_02379
F2380,field_02380
F2381,field_02381
F2382,field_02382
F2383,field_02383
F2384,field_02384
F2385,field_02385
F2386,field_02386
F2387,field_02387
F2388,field_02388
F2389,field_02389
F2390,field_02390
F2391,field_02391
F2392,field_02392
F2393,field_02393
F2394,field_02394
F2395,field_02395
F2396,field_02396
F2397,field_02397
F2398,field_02398
F2399,field_02399
F2400,field_02400
F2401,field_02401
F2402,field_02402
F2403,field_02403
F2404,field_02404
F2405,field_02405
F2406,field_02406
F2407,field_02407
F2408,field_02408
F2409,field_02409
F2410,field_02410
F2411,field_02411
F2412,field_02412
F2413,field_02413
F2414,field_02414
F2415,field_02415
F2416,field_02416
F2417,field_02417
F2418,field_02418
F2419,field_02419
F2420,field_02420
F2421,field_02421
F2422,field_02422
F2423,field_02423
F2424,field_02424
F2425,field_02425
F2426,field_02426
F2427,field_02427
F2428,field_02428
F2429,field_02429
F2430,field_02430
F2431,field_02431
F2432,field_02432
F2433,field_02433
F2434,field_02434
F2435,field_02435
F2436,field_02436
F2437,field_02437
F2438,field_02438
F2439,field_02439
F2440,field_02440
F2441,field_02441
F2442,field_02442
F2443,field_02443
F2444,field_02444
F2445,field_02445
F2446,field_02446
F2447,field_02447
F2448,field_02448
F2449,field_02449
F2450,field_02450
F2451,field_02451
F2452,field_02452
F2453,field_02453
F2454,field_02454
F2455,field_02455
F2456,field_02456
F2457,field_02457
F2458,field_02458
F2459,field_02459
F2460,field_02460
F2461,field_02461
F2462,field_02462
F2463,field_02463
F2464,field_02464
F2465,field_02465
F2466,field_02466
F2467,field_02467
F2468,field_02468
F2469,field_02469
F2470,field_02470
F2471,field_02471
F2472,field_02472
F2473,field_02473
F2474,field_02474
F2475,field_02475
F2476,field_02476
F2477,field_02477
F2478,field_02478
F2479,field_02479
F2480,field_02480
F2481,field_02481
F2482,field_02482
F2483,field_02483
F2484,field_02484
F2485,field_02485
F2486,field_02486
F2487,field_02487
F2488,field_02488
F2489,field_02489
F2490,field_02490
F2491,field_02491
F2492,field_02492
F2493,field_02493
F2494,field_02494
F2495,field_02495
F2496,field_02496
F2497,field_02497
F2498,field_02498
F2499,field_02499
F2500,field_02500
F2501,field_02501
F2502,field_02502
F2503,field_02503
F2504,field_02504
F2505,field_02505
F2506,field_02506
F2507,field_02507
F2508,field_02508
F2509,field_02509
F2510,field_02510
F2511,field_02511
F2512,field_02512
F2513,field_02513
F2514,field_02514
F2515,field_02515
F2516,field_02516
F2517,field_02517
F2518,field_02518
F2519,field_02519
F2520,field_02520
F2521,field_02521
F2522,field_02522
F2523,field_02523
F2524,field_02524
F2525,field_02525
F2526,field_02526
F2527,field_02527
F2528,field_02528
F2529,field_02529
F2530,field_02530
F2531,field_02531
F2532,field_02532
F2533,field_02533
F2534,field_02534
F2535,field_02535
F2536,field_02536
F2537,field_02537
F2538,field_02538
F2539,field_02539
F2540,field_02540
F2541,field_02541
F2542,field_02542
F2543,field_02543
F2544,field_02544
F2545,field_02545
F2546,field_02546
F2547,field_02547
F2548,field_02548
F2549,field_02549
F2550,field_02550
F2551,field_02551
F2552,field_02552
F2553,field_02553
F2554,field_02554
F2555,field_02555
F2556,field_02556
F2557,field_02557
F2558,field_02558
F2559,field_02559
F2560,field_02560
F2561,field_02561
F2562,field_02562
F2563,field_02563
F2564,field_02564
F2565,field_02565
F2566,field_02566
F2567,field_02567
F2568,field_02568
F2569,field_02569
F2570,field_02570
F2571,field_02571
F2572,field_02572
F2573,field_02573
F2574,field_02574
F2575,field_02575
F2576,field_02576
F2577,field_02577
F2578,field_02578
F2579,field_02579
F2580,field_02580
F2581,field_02581
F2582,field_02582
F2583,field_02583
F2584,field_02584
F2585,field_02585
F2586,field_02586
F2587,field_02587
F2588,field_02588
F2589,field_02589
F2590,field_02590
F2591,field_02591
F2592,field_02592
F2593,field_02593
F2594,field_02594
F2595,field_02595
F2596,field_02596
F2597,field_02597
F2598,field_02598
F2599,field_02599
F2600,field_02600
F2601,field_02601
F2602,field_02602
F2603,field_02603
F2604,field_02604
F2605,field_02605
F2606,field_02606
F2607,field_02607
F2608,field_02608
F2609,field_02609
F2610,field_02610
F2611,field_02611
F2612,field_02612
F2613,field_02613
F2614,field_02614
F2615,field_02615
F2616,field_02616
F2617,field_02617
F2618,field_02618
F2619,field_02619
F2620,field_02620
F2621,field_02621
F2622,field_02622
F2623,field_02623
F2624,field_02624
F2625,field_02625
F2626,field_02626
F2627,field_02627
F2628,field_02628
F2629,field_02629
F2630,field_02630
F2631,field_02631
F2632,field_02632
F2633,field_02633
F2634,field_02634
F2635,field_02635
F2636,field_02636
F2637,field_02637
F2638,field_02638
F2639,field_02639
F2640,field_02640
F2641,field_02641
F2642,field_02642
F2643,field_02643
F2644,field_02644
F2645,field_02645
F2646,field_02646
F2647,field_02647
F2648,field_02648
F2649,field_02649
F2650,field_02650
F2651,field_02651
F2652,field_02652
F2653,field_02653
F2654,field_02654
F2655,field_02655
F2656,field_02656
F2657,field_02657
F2658,field_02658
F2659,field_02659
F2660,field_02660
F2661,field_02661
F2662,field_02662
F2663,field_02663
F2664,field_02664
F2665,field_02665
F2666,field_02666
F2667,field_02667
F2668,field_02668
F2669,field_02669
F2670,field_02670
F2671,field_02671
F2672,field_02672
F2673,field_02673
F2674,field_02674
F2675,field_02675
F2676,field_02676
F2677,field_02677
F2678,field_02678
F2679,field_02679
F2680,field_02680
F2681,field_02681
F2682,field_02682
F2683,field_02683
F2684,field_02684
F2685,field_02685
F2686,field_02686
F2687,field_02687
F2688,field_02688
F2689,field_02689
F2690,field_02690
F2691,field_02691
F2692,field_02692
F2693,field_02693
F2694,field_02694
F2695,field_02695
F2696,field_02696
F2697,field_02697
F2698,field_02698
F2699,field_02699
F2700,field_02700
F2701,field_02701
F2702,field_02702
F2703,field_02703
F2704,field_02704
F2705,field_02705
F2706,field_02706
F2707,field_02707
F2708,field_02708
F2709,field_02709
F2710,field_02710
F2711,field_02711
F2712,field_02712
F2713,field_02713
F2714,field_02714
F2715,field_02715
F2716,field_02716
F2717,field_02717
F2718,field_02718
F2719,field_02719
F2720,field_02720
F2721,field_02721
F2722,field_02722
F2723,field_02723
F2724,field_02724
F2725,field_02725
F2726,field_02726
F2727,field_02727
F2728,field_02728
F2729,field_02729
F2730,field_02730
F2731,field_02731
F2732,field_02732
F2733,field_02733
F2734,field_02734
F2735,field_02735
F2736,field_02736
F2737,field_02737
F2738,field_02738
F2739,field_02739
F2740,field_02740
F2741,field_02741
F2742,field_02742
F2743,field_02743
F2744,field_02744
F2745,field_02745
F2746,field_02746
F2747,field_02747
F2748,field_02748
F2749,field_02749
F2750,field_02750
F2751,field_02751
F2752,field_02752
F2753,field_02753
F2754,field_02754
F2755,field_02755
F2756,field_02756
F2757,field_02757
F2758,field_02758
F2759,field_02759
F2760,field_02760
F2761,field_02761
F2762,field_02762
F2763,field_02763
F2764,field_02764
F2765,field_02765
F2766,field_02766
F2767,field_02767
F2768,field_02768
F2769,field_02769
F2770,field_02770
F2771,field_02771
F2772,field_02772
F2773,field_02773
F2774,field_02774
F2775,field_02775
F2776,field_02776
F2777,field_02777
F2778,field_02778
F2779,field_02779
F2780,field_02780
F2781,field_02781
F2782,field_02782
F2783,field_02783
F2784,field_02784
F2785,field_02785
F2786,field_02786
F2787,field_02787
F2788,field_02788
F2789,field_02789
F2790,field_02790
F2791,field_02791
F2792,field_02792
F2793,field_02793
F2794,field_02794
F2795,field_02795
F2796,field_02796
F2797,field_02797
F2798,field_02798
F2799,field_02799
F2800,field_02800
F2801,field_02801
F2802,field_02802
F2803,field_02803
F2804,field_02804
F2805,field_02805
F2806,field_02806
F2807,field_02807
F2808,field_02808
F2809,field_02809
F2810,field_02810
F2811,field_02811
F2812,field_02812
F2813,field_02813
F2814,field_02814
F2815,field_02815
F2816,field_02816
F2817,field_02817
F2818,field_02818
F2819,field_02819
F2820,field_02820
F2821,field_02821
F2822,field_02822
F2823,field_02823
F2824,field_02824
F2825,field_02825
F2826,field_02826
F2827,field_02827
F2828,field_02828
F2829,field_02829
F2830,field_02830
F2831,field_02831
F2832,field_02832
F2833,field_02833
F2834,field_02834
F2835,field_02835
F2836,field_02836
F2837,field_02837
F2838,field_02838
F2839,field_02839
F2840,field_02840
F2841,field_02841
F2842,field_02842
F2843,field_02843
F2844,field_02844
F2845,field_02845
F2846,field_02846
F2847,field_02847
F2848,field_02848
F2849,field_02849
F2850,field_02850
F2851,field_02851
F2852,field_02852
F2853,field_02853
F2854,field_02854
F2855,field_02855
F2856,field_02856
F2857,field_02857
F2858,field_02858
F2859,field_02859
F2860,field_02860
F2861,field_02861
F2862,field_02862
F2863,field_02863
F2864,field_02864
F2865,field_02865
F2866,field_02866
F2867,field_02867
F2868,field_02868
F2869,field_02869
F2870,field_02870
F2871,field_02871
F2872,field_02872
F2873,field_02873
F2874,field_02874
F2875,field_02875
F2876,field_02876
F2877,field_02877
F2878,field_02878
F2879,field_02879
F2880,field_02880
F2881,field_02881
F2882,field_02882
F2883,field_02883
F2884,field_02884
F2885,field_02885
F2886,field_02886
F2887,field_02887
F2888,field_02888
F2889,field_02889
F2890,field_02890
F2891,field_02891
F2892,field_02892
F2893,field_02893
F2894,field_02894
F2895,field_02895
F2896,field_02896
F2897,field_02897
F2898,field_02898
F2899,field_02899
F2900,field_02900
F2901,field_02901
F2902,field_02902
F2903,field_02903
F2904,field_02904
F2905,field_02905
F2906,field_02906
F2907,field_02907
F2908,field_02908
F2909,field_02909
F2910,field_02910
F2911,field_02911
F2912,field_02912
F2913,field_02913
F2914,field_02914
F2915,field_02915
F2916,field_02916
F2917,field_02917
F2918,field_02918
F2919,field_02919
F2920,field_02920
F2921,field_02921
F2922,field_02922
F2923,field_02923
F2924,field_02924
F2925,field_02925
F2926,field_02926
F2927,field_02927
F2928,field_02928
F2929,field_02929
F2930,field_02930
F2931,field_02931
F2932,field_02932
F2933,field_02933
F2934,field_02934
F2935,field_02935
F2936,field_02936
F2937,field_02937
F2938,field_02938
F2939,field_02939
F2940,field_02940
F2941,field_02941
F2942,field_02942
F2943,field_02943
F2944,field_02944
F2945,field_02945
F2946,field_02946
F2947,field_02947
F2948,field_02948
F2949,field_02949
F2950,field_02950
F2951,field_02951
F2952,field_02952
F2953,field_02953
F2954,field_02954
F2955,field_02955
F2956,field_02956
F2957,field_02957
F2958,field_02958
F2959,field_02959
F2960,field_02960
F2961,field_02961
F2962,field_02962
F2963,field_02963
F2964,field_02964
F2965,field_02965
F2966,field_02966
F2967,field_02967
F2968,field_02968
F2969,field_02969
F2970,field_02970
F2971,field_02971
F2972,field_02972
F2973,field_02973
F2974,field_02974
F2975,field_02975
F2976,field_02976
F2977,field_02977
F2978,field_02978
F2979,field_02979
F2980,field_02980
F2981,field_02981
F2982,field_02982
F2983,field_02983
F2984,field_02984
F2985,field_02985
F2986,field_02986
F2987,field_02987
F2988,field_02988
F2989,field_02989
F2990,field_02990
F2991,field_02991
F2992,field_02992
F2993,field_02993
F2994,field_02994
F2995,field_02995
F2996,field_02996
F2997,field_02997
F2998,field_02998
F2999,field_02999
F3000,field_03000
F3001,field_03001
F3002,field_03002
F3003,field_03003
F3004,field_03004
F3005,field_03005
F3006,field_03006
F3007,field_03007
F3008,field_03008
F3009,field_03009
F3010,field_03010
F3011,field_03011
F3012,field_03012
F3013,field_03013
F3014,field_03014
F3015,field_03015
F3016,field_03016
F3017,field_03017
F3018,field_03018
F3019,field_03019
F3020,field_03020
F3021,field_03021
F3022,field_03022
F3023,field_03023
F3024,field_03024
F3025,field_03025
F3026,field_03026
F3027,field_03027
F3028,field_03028
F3029,field_03029
F3030,field_03030
F3031,field_03031
F3032,field_03032
F3033,field_03033
F3034,field_03034
F3035,field_03035
F3036,field_03036
F3037,field_03037
F3038,field_03038
F3039,field_03039
F3040,field_03040
F3041,field_03041
F3042,field_03042
F3043,field_03043
F3044,field_03044
F3045,field_03045
F3046,field_03046
F3047,field_03047
F3048,field_03048
F3049,field_03049
F3050,field_03050
F3051,field_03051
F3052,field_03052
F3053,field_03053
F3054,field_03054
F3055,field_03055
F3056,field_03056
F3057,field_03057
F3058,field_03058
F3059,field_03059
F3060,field_03060
F3061,field_03061
F3062,field_03062
F3063,field_03063
F3064,field_03064
F3065,field_03065
F3066,field_03066
F3067,field_03067
F3068,field_03068
F3069,field_03069
F3070,field_03070
F3071,field_03071
F3072,field_03072
F3073,field_03073
F3074,field_03074
F3075,field_03075
F3076,field_03076
F3077,field_03077
F3078,field_03078
F3079,field_03079
F3080,field_03080
F3081,field_03081
F3082,field_03082
F3083,field_03083
F3084,field_03084
F3085,field_03085
F3086,field_03086
F3087,field_03087
F3088,field_03088
F3089,field_03089
F3090,field_03090
F3091,field_03091
F3092,field_03092
F3093,field_03093
F3094,field_03094
F3095,field_03095
F3096,field_03096
F3097,field_03097
F3098,field_03098
F3099,field_03099
F3100,field_03100
F3101,field_03101
F3102,field_03102
F3103,field_03103
F3104,field_03104
F3105,field_03105
F3106,field_03106
F3107,field_03107
F3108,field_03108
F3109,field_03109
F3110,field_03110
F3111,field_03111
F3112,field_03112
F3113,field_03113
F3114,field_03114
F3115,field_03115
F3116,field_03116
F3117,field_03117
F3118,field_03118
F3119,field_03119
F3120,field_03120
F3121,field_03121
F3122,field_03122
F3123,field_03123
F3124,field_03124
F3125,field_03125
F3126,field_03126
F3127,field_03127
F3128,field_03128
F3129,field_03129
F3130,field_03130
F3131,field_03131
F3132,field_03132
F3133,field_03133
F3134,field_03134
F3135,field_03135
F3136,field_03136
F3137,field_03137
F3138,field_03138
F3139,field_03139
F3140,field_03140
F3141,field_03141
F3142,field_03142
F3143,field_03143
F3144,field_03144
F3145,field_03145
F3146,field_03146
F3147,field_03147
F3148,field_03148
F3149,field_03149
F3150,field_03150
F3151,field_03151
F3152,field_03152
F3153,field_03153
F3154,field_03154
F3155,field_03155
F3156,field_03156
F3157,field_03157
F3158,field_03158
F3159,field_03159
F3160,field_03160
F3161,field_03161
F3162,field_03162
F3163,field_03163
F3164,field_03164
F3165,field_03165
F3166,field_03166
F3167,field_03167
F3168,field_03168
F3169,field_03169
F3170,field_03170
F3171,field_03171
F3172,field_03172
F3173,field_03173
F3174,field_03174
F3175,field_03175
F3176,field_03176
F3177,field_03177
F3178,field_03178
F3179,field_03179
F3180,field_03180
F3181,field_03181
F3182,field_03182
F3183,field_03183
F3184,field_03184
F3185,field_03185
F3186,field_03186
F3187,field_03187
F3188,field_03188
F3189,field_03189
F3190,field_03190
F3191,field_03191
F3192,field_03192
F3193,field_03193
F3194,field_03194
F3195,field_03195
F3196,field_03196
F3197,field_03197
F3198,field_03198
F3199,field_03199
F3200,field_03200
F3201,field_03201
F3202,field_03202
F3203,field_03203
F3204,field_03204
F3205,field_03205
F3206,field_03206
F3207,field_03207
F3208,field_03208
F3209,field_03209
F3210,field_03210
F3211,field_03211
F3212,field_03212
F3213,field_03213
F3214,field_03214
F3215,field_03215
F3216,field_03216
F3217,field_03217
F3218,field_03218
F3219,field_03219
F3220,field_03220
F3221,field_03221
F3222,field_03222
F3223,field_03223
F3224,field_03224
F3225,field_03225
F3226,field_03226
F3227,field_03227
F3228,field_03228
F3229,field_03229
F3230,field_03230
F3231,field_03231
F3232,field_03232
F3233,field_03233
F3234,field_03234
F3235,field_03235
F3236,field_03236
F3237,field_03237
F3238,field_03238
F3239,field_03239
F3240,field_03240
F3241,field_03241
F3242,field_03242
F3243,field_03243
F3244,field_03244
F3245,field_03245
F3246,field_03246
F3247,field_03247
F3248,field_03248
F3249,field_03249
F3250,field_03250
F3251,field_03251
F3252,field_03252
F3253,field_03253
F3254,field_03254
F3255,field_03255
F3256,field_03256
F3257,field_03257
F3258,field_03258
F3259,field_03259
F3260,field_03260
F3261,field_03261
F3262,field_03262
F3263,field_03263
F3264,field_03264
F3265,field_03265
F3266,field_03266
F3267,field_03267
F3268,field_03268
F3269,field_03269
F3270,field_03270
F3271,field_03271
F3272,field_03272
F3273,field_03273
F3274,field_03274
F3275,field_03275
F3276,field_03276
F3277,field_03277
F3278,field_03278
F3279,field_03279
F3280,field_03280
F3281,field_03281
F3282,field_03282
F3283,field_03283
F3284,field_03284
F3285,field_03285
F3286,field_03286
F3287,field_03287
F3288,field_03288
F3289,field_03289
F3290,field_03290
F3291,field_03291
F3292,field_03292
F3293,field_03293
F3294,field_03294
F3295,field_03295
F3296,field_03296
F3297,field_03297
F3298,field_03298
F3299,field_03299
F3300,field_03300
F3301,field_03301
F3302,field_03302
F3303,field_03303
F3304,field_03304
F3305,field_03305
F3306,field_03306
F3307,field_03307
F3308,field_03308
F3309,field_03309
F3310,field_03310
F3311,field_03311
F3312,field_03312
F3313,field_03313
F3314,field_03314
F3315,field_03315
F3316,field_03316
F3317,field_03317
F3318,field_03318
F3319,field_03319
F3320,field_03320
F3321,field_03321
F3322,field_03322
F3323,field_03323
F3324,field_03324
F3325,field_03325
F3326,field_03326
F3327,field_03327
F3328,field_03328
F3329,field_03329
F3330,field_03330
F3331,field_03331
F3332,field_03332
F3333,field_03333
F3334,field_03334
F3335,field_03335
F3336,field_03336
F3337,field_03337
F3338,field_03338
F3339,field_03339
F3340,field_03340
F3341,field_03341
F3342,field_03342
F3343,field_03343
F3344,field_03344
F3345,field_03345
F3346,field_03346
F3347,field_03347
F3348,field_03348
F3349,field_03349
F3350,field_03350
F3351,field_03351
F3352,field_03352
F3353,field_03353
F3354,field_03354
F3355,field_03355
F3356,field_03356
F3357,field_03357
F3358,field_03358
F3359,field_03359
F3360,field_03360
F3361,field_03361
F3362,field_03362
F3363,field_03363
F3364,field_03364
F3365,field_03365
F3366,field_03366
F3367,field_03367
F3368,field_03368
F3369,field_03369
F3370,field_03370
F3371,field_03371
F3372,field_03372
F3373,field_03373
F3374,field_03374
F3375,field_03375
F3376,field_03376
F3377,field_03377
F3378,field_03378
F3379,field_03379
F3380,field_03380
F3381,field_03381
F3382,field_03382
F3383,field_03383
F3384,field_03384
F3385,field_03385
F3386,field_03386
F3387,field_03387
F3388,field_03388
F3389,field_03389
F3390,field_03390
F3391,field_03391
F3392,field_03392
F3393,field_03393
F3394,field_03394
F3395,field_03395
F3396,field_03396
F3397,field_03397
F3398,field_03398
F3399,field_03399
F3400,field_03400
F3401,field_03401
F3402,field_03402
F3403,field_03403
F3404,field_03404
F3405,field_03405
F3406,field_03406
F3407,field_03407
F3408,field_03408
F3409,field_03409
F3410,field_03410
F3411,field_03411
F3412,field_03412
F3413,field_03413
F3414,field_03414
F3415,field_03415
F3416,field_03416
F3417,field_03417
F3418,field_03418
F3419,field_03419
F3420,field_03420
F3421,field_03421
F3422,field_03422
F3423,field_03423
F3424,field_03424
F3425,field_03425
F3426,field_03426
F3427,field_03427
F3428,field_03428
F3429,field_03429
F3430,field_03430
F3431,field_03431
F3432,field_03432
F3433,field_03433
F3434,field_03434
F3435,field_03435
F3436,field_03436
F3437,field_03437
F3438,field_03438
F3439,field_03439
F3440,field_03440
F3441,field_03441
F3442,field_03442
F3443,field_03443
F3444,field_03444
F3445,field_03445
F3446,field_03446
F3447,field_03447
F3448,field_03448
F3449,field_03449
F3450,field_03450
F3451,field_03451
F3452,field_03452
F3453,field_03453
F3454,field_03454
F3455,field_03455
F3456,field_03456
F3457,field_03457
F3458,field_03458
F3459,field_03459
F3460,field_03460
F3461,field_03461
F3462,field_03462
F3463,field_03463
F3464,field_03464
F3465,field_03465
F3466,field_03466
F3467,field_03467
F3468,field_03468
F3469,field_03469
F3470,field_03470
F3471,field_03471
F3472,field_03472
F3473,field_03473
F3474,field_03474
F3475,field_03475
F3476,field_03476
F3477,field_03477
F3478,field_03478
F3479,field_03479
F3480,field_03480
F3481,field_03481
F3482,field_03482
F3483,field_03483
F3484,field_03484
F3485,field_03485
F3486,field_03486
F3487,field_03487
F3488,field_03488
F3489,field_03489
F3490,field_03490
F3491,field_03491
F3492,field_03492
F3493,field_03493
F3494,field_03494
F3495,field_03495
F3496,field_03496
F3497,field_03497
F3498,field_03498
F3499,field_03499
F3500,field_03500
F3501,field_03501
F3502,field_03502
F3503,field_03503
F3504,field_03504
F3505,field_03505
F3506,field_03506
F3507,field_03507
F3508,field_03508
F3509,field_03509
F3510,field_03510
F3511,field_03511
F3512,field_03512
F3513,field_03513
F3514,field_03514
F3515,field_03515
F3516,field_03516
F3517,field_03517
F3518,field_03518
F3519,field_03519
F3520,field_03520
F3521,field_03521
F3522,field_03522
F3523,field_03523
F3524,field_03524
F3525,field_03525
F3526,field_03526
F3527,field_03527
F3528,field_03528
F3529,field_03529
F3530,field_03530
F3531,field_03531
F3532,field_03532
F3533,field_03533
F3534,field_03534
F3535,field_03535
F3536,field_03536
F3537,field_03537
F3538,field_03538
F3539,field_03539
F3540,field_03540
F3541,field_03541
F3542,field_03542
F3543,field_03543
F3544,field_03544
F3545,field_03545
F3546,field_03546
F3547,field_03547
F3548,field_03548
F3549,field_03549
F3550,field_03550
F3551,field_03551
F3552,field_03552
F3553,field_03553
F3554,field_03554
F3555,field_03555
F3556,field_03556
F3557,field_03557
F3558,field_03558
F3559,field_03559
F3560,field_03560
F3561,field_03561
F3562,field_03562
F3563,field_03563
F3564,field_03564
F3565,field_03565
F3566,field_03566
F3567,field_03567
F3568,field_03568
F3569,field_03569
F3570,field_03570
F3571,field_03571
F3572,field_03572
F3573,field_03573
F3574,field_03574
F3575,field_03575
F3576,field_03576
F3577,field_03577
F3578,field_03578
F3579,field_03579
F3580,field_03580
F3581,field_03581
F3582,field_03582
F3583,field_03583
F3584,field_03584
F3585,field_03585
F3586,field_03586
F3587,field_03587
F3588,field_03588
F3589,field_03589
F3590,field_03590
F3591,field_03591
F3592,field_03592
F3593,field_03593
F3594,field_03594
F3595,field_03595
F3596,field_03596
F3597,field_03597
F3598,field_03598
F3599,field_03599
F3600,field_03600
F3601,field_03601
F3602,field_03602
F3603,field_03603
F3604,field_03604
F3605,field_03605
F3606,field_03606
F3607,field_03607
F3608,field_03608
F3609,field_03609
F3610,field_03610
F3611,field_03611
F3612,field_03612
F3613,field_03613
F3614,field_03614
F3615,field_03615
F3616,field_03616
F3617,field_03617
F3618,field_03618
F3619,field_03619
F3620,field_03620
F3621,field_03621
F3622,field_03622
F3623,field_03623
F3624,field_03624
F3625,field_03625
F3626,field_03626
F3627,field_03627
F3628,field_03628
F3629,field_03629
F3630,field_03630
F3631,field_03631
F3632,field_03632
F3633,field_03633
F3634,field_03634
F3635,field_03635
F3636,field_03636
F3637,field_03637
F3638,field_03638
F3639,field_03639
F3640,field_03640
F3641,field_03641
F3642,field_03642
F3643,field_03643
F3644,field_03644
F3645,field_03645
F3646,field_03646
F3647,field_03647
F3648,field_03648
F3649,field_03649
F3650,field_03650
F3651,field_03651
F3652,field_03652
F3653,field_03653
F3654,field_03654
F3655,field_03655
F3656,field_03656
F3657,field_03657
F3658,field_03658
F3659,field_03659
F3660,field_03660
F3661,field_03661
F3662,field_03662
F3663,field_03663
F3664,field_03664
F3665,field_03665
F3666,field_03666
F3667,field_03667
F3668,field_03668
F3669,field_03669
F3670,field_03670
F3671,field_03671
F3672,field_03672
F3673,field_03673
F3674,field_03674
F3675,field_03675
F3676,field_03676
F3677,field_03677
F3678,field_03678
F3679,field_03679
F3680,field_03680
F3681,field_03681
F3682,field_03682
F3683,field_03683
F3684,field_03684
F3685,field_03685
F3686,field_03686
F3687,field_03687
F3688,field_03688
F3689,field_03689
F3690,field_03690
F3691,field_03691
F3692,field_03692
F3693,field_03693
F3694,field_03694
F3695,field_03695
F3696,field_03696
F3697,field_03697
F3698,field_03698
F3699,field_03699
F3700,field_03700
F3701,field_03701
F3702,field_03702
F3703,field_03703
F3704,field_03704
F3705,field_03705
F3706,field_03706
F3707,field_03707
F3708,field_03708
F3709,field_03709
F3710,field_03710
F3711,field_03711
F3712,field_03712
F3713,field_03713
F3714,field_03714
F3715,field_03715
F3716,field_03716
F3717,field_03717
F3718,field_03718
F3719,field_03719
F3720,field_03720
F3721,field_03721
F3722,field_03722
F3723,field_03723
F3724,field_03724
F3725,field_03725
F3726,field_03726
F3727,field_03727
F3728,field_03728
F3729,field_03729
F3730,field_03730
F3731,field_03731
F3732,field_03732
F3733,field_03733
F3734,field_03734
F3735,field_03735
F3736,field_03736
F3737,field_03737
F3738,field_03738
F3739,field_03739
F3740,field_03740
F3741,field_03741
F3742,field_03742
F3743,field_03743
F3744,field_03744
F3745,field_03745
F3746,field_03746
F3747,field_03747
F3748,field_03748
F3749,field_03749
F3750,field_03750
F3751,field_03751
F3752,field_03752
F3753,field_03753
F3754,field_03754
F3755,field_03755
F3756,field_03756
F3757,field_03757
F3758,field_03758
F3759,field_03759
F3760,field_03760
F3761,field_03761
F3762,field_03762
F3763,field_03763
F3764,field_03764
F3765,field_03765
F3766,field_03766
F3767,field_03767
F3768,field_03768
F3769,field_03769
F3770,field_03770
F3771,field_03771
F3772,field_03772
F3773,field_03773
F3774,field_03774
F3775,field_03775
F3776,field_03776
F3777,field_03777
F3778,field_03778
F3779,field_03779
F3780,field_03780
F3781,field_03781
F3782,field_03782
F3783,field_03783
F3784,field_03784
F3785,field_03785
F3786,field_03786
F3787,field_03787
F3788,field_03788
F3789,field_03789
F3790,field_03790
F3791,field_03791
F3792,field_03792
F3793,field_03793
F3794,field_03794
F3795,field_03795
F3796,field_03796
F3797,field_03797
F3798,field_03798
F3799,field_03799
F3800,field_03800
F3801,field_03801
F3802,field_03802
F3803,field_03803
F3804,field_03804
F3805,field_03805
F3806,field_03806
F3807,field_03807
F3808,field_03808
F3809,field_03809
F3810,field_03810
F3811,field_03811
F3812,field_03812
F3813,field_03813
F3814,field_03814
F3815,field_03815
F3816,field_03816
F3817,field_03817
F3818,field_03818
F3819,field_03819
F3820,field_03820
F3821,field_03821
F3822,field_03822
F3823,field_03823
F3824,field_03824
F3825,field_03825
F3826,field_03826
F3827,field_03827
F3828,field_03828
F3829,field_03829
F3830,field_03830
F3831,field_03831
F3832,field_03832
F3833,field_03833
F3834,field_03834
F3835,field_03835
F3836,field_03836
F3837,field_03837
F3838,field_03838
F3839,field_03839
F3840,field_03840
F3841,field_03841
F3842,field_03842
F3843,field_03843
F3844,field_03844
F3845,field_03845
F3846,field_03846
F3847,field_03847
F3848,field_03848
F3849,field_03849
F3850,field_03850
F3851,field_03851
F3852,field_03852
F3853,field_03853
F3854,field_03854
F3855,field_03855
F3856,field_03856
F3857,field_03857
F3858,field_03858
F3859,field_03859
F3860,field_03860
F3861,field_03861
F3862,field_03862
F3863,field_03863
F3864,field_03864
F3865,field_03865
F3866,field_03866
F3867,field_03867
F3868,field_03868
F3869,field_03869
F3870,field_03870
F3871,field_03871
F3872,field_03872
F3873,field_03873
F3874,field_03874
F3875,field_03875
F3876,field_03876
F3877,field_03877
F3878,field_03878
F3879,field_03879
F3880,field_03880
F3881,field_03881
F3882,field_03882
F3883,field_03883
F3884,field_03884
F3885,field_03885
F3886,field_03886
F3887,field_03887
F3888,field_03888
F3889,field_03889
F3890,field_03890
F3891,field_03891
F3892,field_03892
F3893,field_03893
F3894,field_03894
F3895,field_03895
F3896,field_03896
F3897,field_03897
F3898,field_03898
F3899,field_03899
F3900,field_03900
F3901,field_03901
F3902,field_03902
F3903,field_03903
F3904,field_03904
F3905,field_03905
F3906,field_03906
F3907,field_03907
F3908,field_03908
F3909,field_03909
F3910,field_03910
F3911,field_03911
F3912,field_03912
F3913,field_03913
F3914,field_03914
F3915,field_03915
F3916,field_03916
F3917,field_03917
F3918,field_03918
F3919,field_03919
F3920,field_03920
F3921,field_03921
F3922,field_03922
F3923,field_03923
F3924,field_03924
F3925,field_03925
F3926,field_03926
F3927,field_03927
F3928,field_03928
F3929,field_03929
F3930,field_03930
F3931,field_03931
F3932,field_03932
F3933,field_03933
F3934,field_03934
F3935,field_03935
F3936,field_03936
F3937,field_03937
F3938,field_03938
F3939,field_03939
F3940,field_03940
F3941,field_03941
F3942,field_03942
F3943,field_03943
F3944,field_03944
F3945,field_03945
F3946,field_03946
F3947,field_03947
F3948,field_03948
F3949,field_03949
F3950,field_03950
F3951,field_03951
F3952,field_03952
F3953,field_03953
F3954,field_03954
F3955,field_03955
F3956,field_03956
F3957,field_03957
F3958,field_03958
F3959,field_03959
F3960,field_03960
F3961,field_03961
F3962,field_03962
F3963,field_03963
F3964,field_03964
F3965,field_03965
F3966,field_03966
F3967,field_03967
F3968,field_03968
F3969,field_03969
F3970,field_03970
F3971,field_03971
F3972,field_03972
F3973,field_03973
F3974,field_03974
F3975,field_03975
F3976,field_03976
F3977,field_03977
F3978,field_03978
F3979,field_03979
F3980,field_03980
F3981,field_03981
F3982,field_03982
F3983,field_03983
F3984,field_03984
F3985,field_03985
F3986,field_03986
F3987,field_03987
F3988,field_03988
F3989,field_03989
F3990,field_03990
F3991,field_03991
F3992,field_03992
F3993,field_03993
F3994,field_03994
F3995,field_03995
F3996,field_03996
F3997,field_03997
F3998,field_03998
F3999,field_03999
F4000,field_04000
F4001,field_04001
F4002,field_04002
F4003,field_04003
F4004,field_04004
F4005,field_04005
F4006,field_04006
F4007,field_04007
F4008,field_04008
F4009,field_04009
F4010,field_04010
F4011,field_04011
F4012,field_04012
F4013,field_04013
F4014,field_04014
F4015,field_04015
F4016,field_04016
F4017,field_04017
F4018,field_04018
F4019,field_04019
F4020,field_04020
F4021,field_04021
F4022,field_04022
F4023,field_04023
F4024,field_04024
F4025,field_04025
F4026,field_04026
F4027,field_04027
F4028,field_04028
F4029,field_04029
F4030,field_04030
F4031,field_04031
F4032,field_04032
F4033,field_04033
F4034,field_04034
F4035,field_04035
F4036,field_04036
F4037,field_04037
F4038,field_04038
F4039,field_04039
F4040,field_04040
F4041,field_04041
F4042,field_04042
F4043,field_04043
F4044,field_04044
F4045,field_04045
F4046,field_04046
F4047,field_04047
F4048,field_04048
F4049,field_04049
F4050,field_04050
F4051,field_04051
F4052,field_04052
F4053,field_04053
F4054,field_04054
F4055,field_04055
F4056,field_04056
F4057,field_04057
F4058,field_04058
F4059,field_04059
F4060,field_04060
F4061,field_04061
F4062,field_04062
F4063,field_04063
F4064,field_04064
F4065,field_04065
F4066,field_04066
F4067,field_04067
F4068,field_04068
F4069,field_04069
F4070,field_04070
F4071,field_04071
F4072,field_04072
F4073,field_04073
F4074,field_04074
F4075,field_04075
F4076,field_04076
F4077,field_04077
F4078,field_04078
F4079,field_04079
F4080,field_04080
F4081,field_04081
F4082,field_04082
F4083,field_04083
F4084,field_04084
F4085,field_04085
F4086,field_04086
F4087,field_04087
F4088,field_04088
F4089,field_04089
F4090,field_04090
F4091,field_04091
F4092,field_04092
F4093,field_04093
F4094,field_04094
F4095,field_04095
F4096,field_04096
F4097,field_04097
F4098,field_04098
F4099,field_04099
F4100,field_04100
F4101,field_04101
F4102,field_04102
F4103,field_04103
F4104,field_04104
F4105,field_04105
F4106,field_04106
F4107,field_04107
F4108,field_04108
F4109,field_04109
F4110,field_04110
F4111,field_04111
F4112,field_04112
F4113,field_04113
F4114,field_04114
F4115,field_04115
F4116,field_04116
F4117,field_04117
F4118,field_04118
F4119,field_04119
F4120,field_04120
F4121,field_04121
F4122,field_04122
F4123,field_04123
F4124,field_04124
F4125,field_04125
F4126,field_04126
F4127,field_04127
F4128,field_04128
F4129,field_04129
F4130,field_04130
F4131,field_04131
F4132,field_04132
F4133,field_04133
F4134,field_04134
F4135,field_04135
F4136,field_04136
F4137,field_04137
F4138,field_04138
F4139,field_04139
F4140,field_04140
F4141,field_04141
F4142,field_04142
F4143,field_04143
F4144,field_04144
F4145,field_04145
F4146,field_04146
F4147,field_04147
F4148,field_04148
F4149,field_04149
F4150,field_04150
F4151,field_04151
F4152,field_04152
F4153,field_04153
F4154,field_04154
F4155,field_04155
F4156,field_04156
F4157,field_04157
F4158,field_04158
F4159,field_04159
F4160,field_04160
F4161,field_04161
F4162,field_04162
F4163,field_04163
F4164,field_04164
F4165,field_04165
F4166,field_04166
F4167,field_04167
F4168,field_04168
F4169,field_04169
F4170,field_04170
F4171,field_04171
F4172,field_04172
F4173,field_04173
F4174,field_04174
F4175,field_04175
F4176,field_04176
F4177,field_04177
F4178,field_04178
F4179,field_04179
F4180,field_04180
F4181,field_04181
F4182,field_04182
F4183,field_04183
F4184,field_04184
F4185,field_04185
F4186,field_04186
F4187,field_04187
F4188,field_04188
F4189,field_04189
F4190,field_04190
F4191,field_04191
F4192,field_04192
F4193,field_04193
F4194,field_04194
F4195,field_04195
F4196,field_04196
F4197,field_04197
F4198,field_04198
F4199,field_04199
F4200,field_04200
F4201,field_04201
F4202,field_04202
F4203,field_04203
F4204,field_04204
F4205,field_04205
F4206,field_04206
F4207,field_04207
F4208,field_04208
F4209,field_04209
F4210,field_04210
F4211,field_04211
F4212,field_04212
F4213,field_04213
F4214,field_04214
F4215,field_04215
F4216,field_04216
F4217,field_04217
F4218,field_04218
F4219,field_04219
F4220,field_04220
F4221,field_04221
F4222,field_04222
F4223,field_04223
F4224,field_04224
F4225,field_04225
F4226,field_04226
F4227,field_04227
F4228,field_04228
F4229,field_04229
F4230,field_04230
F4231,field_04231
F4232,field_04232
F4233,field_04233
F4234,field_04234
F4235,field_04235
F4236,field_04236
F4237,field_04237
F4238,field_04238
F4239,field_04239
F4240,field_04240
F4241,field_04241
F4242,field_04242
F4243,field_04243
F4244,field_04244
F4245,field_04245
F4246,field_04246
F4247,field_04247
F4248,field_04248
F4249,field_04249
F4250,field_04250
F4251,field_04251
F4252,field_04252
F4253,field_04253
F4254,field_04254
F4255,field_04255
F4256,field_04256
F4257,field_04257
F4258,field_04258
F4259,field_04259
F4260,field_04260
F4261,field_04261
F4262,field_04262
F4263,field_04263
F4264,field_04264
F4265,field_04265
F4266,field_04266
F4267,field_04267
F4268,field_04268
F4269,field_04269
F4270,field_04270
F4271,field_04271
F4272,field_04272
F4273,field_04273
F4274,field_04274
F4275,field_04275
F4276,field_04276
F4277,field_04277
F4278,field_04278
F4279,field_04279
F4280,field_04280
F4281,field_04281
F4282,field_04282
F4283,field_04283
F4284,field_04284
F4285,field_04285
F4286,field_04286
F4287,field_04287
F4288,field_04288
F4289,field_04289
F4290,field_04290
F4291,field_04291
F4292,field_04292
F4293,field_04293
F4294,field_04294
F4295,field_04295
F4296,field_04296
F4297,field_04297
F4298,field_04298
F4299,field_04299
F4300,field_04300
F4301,field_04301
F4302,field_04302
F4303,field_04303
F4304,field_04304
F4305,field_04305
F4306,field_04306
F4307,field_04307
F4308,field_04308
F4309,field_04309
F4310,field_04310
F4311,field_04311
F4312,field_04312
F4313,field_04313
F4314,field_04314
F4315,field_04315
F4316,field_04316
F4317,field_04317
F4318,field_04318
F4319,field_04319
F4320,field_04320
F4321,field_04321
F4322,field_04322
F4323,field_04323
F4324,field_04324
F4325,field_04325
F4326,field_04326
F4327,field_04327
F4328,field_04328
F4329,field_04329
F4330,field_04330
F4331,field_04331
F4332,field_04332
F4333,field_04333
F4334,field_04334
F4335,field_04335
F4336,field_04336
F4337,field_04337
F4338,field_04338
F4339,field_04339
F4340,field_04340
F4341,field_04341
F4342,field_04342
F4343,field_04343
F4344,field_04344
F4345,field_04345
F4346,field_04346
F4347,field_04347
F4348,field_04348
F4349,field_04349
F4350,field_04350
F4351,field_04351
F4352,field_04352
F4353,field_04353
F4354,field_04354
F4355,field_04355
F4356,field_04356
F4357,field_04357
F4358,field_04358
F4359,field_04359
F4360,field_04360
F4361,field_04361
F4362,field_04362
F4363,field_04363
F4364,field_04364
F4365,field_04365
F4366,field_04366
F4367,field_04367
F4368,field_04368
F4369,field_04369
F4370,field_04370
F4371,field_04371
F4372,field_04372
F4373,field_04373
F4374,field_04374
F4375,field_04375
F4376,field_04376
F4377,field_04377
F4378,field_04378
F4379,field_04379
F4380,field_04380
F4381,field_04381
F4382,field_04382
F4383,field_04383
F4384,field_04384
F4385,field_04385
F4386,field_04386
F4387,field_04387
F4388,field_04388
F4389,field_04389
F4390,field_04390
F4391,field_04391
F4392,field_04392
F4393,field_04393
F4394,field_04394
F4395,field_04395
F4396,field_04396
F4397,field_04397
F4398,field_04398
F4399,field_04399
F4400,field_04400
F4401,field_04401
F4402,field_04402
F4403,field_04403
F4404,field_04404
F4405,field_04405
F4406,field_04406
F4407,field_04407
F4408,field_04408
F4409,field_04409
F4410,field_04410
F4411,field_04411
F4412,field_04412
F4413,field_04413
F4414,field_04414
F4415,field_04415
F4416,field_04416
F4417,field_04417
F4418,field_04418
F4419,field_04419
F4420,field_04420
F4421,field_04421
F4422,field_04422
F4423,field_04423
F4424,field_04424
F4425,field_04425
F4426,field_04426
F4427,field_04427
F4428,field_04428
F4429,field_04429
F4430,field_04430
F4431,field_04431
F4432,field_04432
F4433,field_04433
F4434,field_04434
F4435,field_04435
F4436,field_04436
F4437,field_04437
F4438,field_04438
F4439,field_04439
F4440,field_04440
F4441,field_04441
F4442,field_04442
F4443,field_04443
F4444,field_04444
F4445,field_04445
F4446,field_04446
F4447,field_04447
F4448,field_04448
F4449,field_04449
F4450,field_04450
F4451,field_04451
F4452,field_04452
F4453,field_04453
F4454,field_04454
F4455,field_04455
F4456,field_04456
F4457,field_04457
F4458,field_04458
F4459,field_04459
F4460,field_04460
F4461,field_04461
F4462,field_04462
F4463,field_04463
F4464,field_04464
F4465,field_04465
F4466,field_04466
F4467,field_04467
F4468,field_04468
F4469,field_04469
F4470,field_04470
F4471,field_04471
F4472,field_04472
F4473,field_04473
F4474,field_04474
F4475,field_04475
F4476,field_04476
F4477,field_04477
F4478,field_04478
F4479,field_04479
F4480,field_04480
F4481,field_04481
F4482,field_04482
F4483,field_04483
F4484,field_04484
F4485,field_04485
F4486,field_04486
F4487,field_04487
F4488,field_04488
F4489,field_04489
F4490,field_04490
F4491,field_04491
F4492,field_04492
F4493,field_04493
F4494,field_04494
F4495,field_04495
F4496,field_04496
F4497,field_04497
F4498,field_04498
F4499,field_04499
F4500,field_04500
F4501,field_04501
F4502,field_04502
F4503,field_04503
F4504,field_04504
F4505,field_04505
F4506,field_04506
F4507,field_04507
F4508,field_04508
F4509,field_04509
F4510,field_04510
F4511,field_04511
F4512,field_04512
F4513,field_04513
F4514,field_04514
F4515,field_04515
F4516,field_04516
F4517,field_04517
F4518,field_04518
F4519,field_04519
F4520,field_04520
F4521,field_04521
F4522,field_04522
F4523,field_04523
F4524,field_04524
F4525,field_04525
F4526,field_04526
F4527,field_04527
F4528,field_04528
F4529,field_04529
F4530,field_04530
F4531,field_04531
F4532,field_04532
F4533,field_04533
F4534,field_04534
F4535,field_04535
F4536,field_04536
F4537,field_04537
F4538,field_04538
F4539,field_04539
F4540,field_04540
F4541,field_04541
F4542,field_04542
F4543,field_04543
F4544,field_04544
F4545,field_04545
F4546,field_04546
F4547,field_04547
F4548,field_04548
F4549,field_04549
F4550,field_04550
F4551,field_04551
F4552,field_04552
F4553,field_04553
F4554,field_04554
F4555,field_04555
F4556,field_04556
F4557,field_04557
F4558,field_04558
F4559,field_04559
F4560,field_04560
F4561,field_04561
F4562,field_04562
F4563,field_04563
F4564,field_04564
F4565,field_04565
F4566,field_04566
F4567,field_04567
F4568,field_04568
F4569,field_04569
F4570,field_04570
F4571,field_04571
F4572,field_04572
F4573,field_04573
F4574,field_04574
F4575,field_04575
F4576,field_04576
F4577,field_04577
F4578,field_04578
F4579,field_04579
F4580,field_04580
F4581,field_04581
F4582,field_04582
F4583,field_04583
F4584,field_04584
F4585,field_04585
F4586,field_04586
F4587,field_04587
F4588,field_04588
F4589,field_04589
F4590,field_04590
F4591,field_04591
F4592,field_04592
F4593,field_04593
F4594,field_04594
F4595,field_04595
F4596,field_04596
F4597,field_04597
F4598,field_04598
F4599,field_04599
F4600,field_04600
F4601,field_04601
F4602,field_04602
F4603,field_04603
F4604,field_04604
F4605,field_04605
F4606,field_04606
F4607,field_04607
F4608,field_04608
F4609,field_04609
F4610,field_04610
F4611,field_04611
F4612,field_04612
F4613,field_04613
F4614,field_04614
F4615,field_04615
F4616,field_04616
F4617,field_04617
F4618,field_04618
F4619,field_04619
F4620,field_04620
F4621,field_04621
F4622,field_04622
F4623,field_04623
F4624,field_04624
F4625,field_04625
F4626,field_04626
F4627,field_04627
F4628,field_04628
F4629,field_04629
F4630,field_04630
F4631,field_04631
F4632,field_04632
F4633,field_04633
F4634,field_04634
F4635,field_04635
F4636,field_04636
F4637,field_04637
F4638,field_04638
F4639,field_04639
F4640,field_04640
F4641,field_04641
F4642,field_04642
F4643,field_04643
F4644,field_04644
F4645,field_04645
F4646,field_04646
F4647,field_04647
F4648,field_04648
F4649,field_04649
F4650,field_04650
F4651,field_04651
F4652,field_04652
F4653,field_04653
F4654,field_04654
F4655,field_04655
F4656,field_04656
F4657,field_04657
F4658,field_04658
F4659,field_04659
F4660,field_04660
F4661,field_04661
F4662,field_04662
F4663,field_04663
F4664,field_04664
F4665,field_04665
F4666,field_04666
F4667,field_04667
F4668,field_04668
F4669,field_04669
F4670,field_04670
F4671,field_04671
F4672,field_04672
F4673,field_04673
F4674,field_04674
F4675,field_04675
F4676,field_04676
F4677,field_04677
F4678,field_04678
F4679,field_04679
F4680,field_04680
F4681,field_04681
F4682,field_04682
F4683,field_04683
F4684,field_04684
F4685,field_04685
F4686,field_04686
F4687,field_04687
F4688,field_04688
F4689,field_04689
F4690,field_04690
F4691,field_04691
F4692,field_04692
F4693,field_04693
F4694,field_04694
F4695,field_04695
F4696,field_04696
F4697,field_04697
F4698,field_04698
F4699,field_04699
F4700,field_04700
F4701,field_04701
F4702,field_04702
F4703,field_04703
F4704,field_04704
F4705,field_04705
F4706,field_04706
F4707,field_04707
F4708,field_04708
F4709,field_04709
F4710,field_04710
F4711,field_04711
F4712,field_04712
F4713,field_04713
F4714,field_04714
F4715,field_04715
F4716,field_04716
F4717,field_04717
F4718,field_04718
F4719,field_04719
F4720,field_04720
F4721,field_04721
F4722,field_04722
F4723,field_04723
F4724,field_04724
F4725,field_04725
F4726,field_04726
F4727,field_04727
F4728,field_04728
F4729,field_04729
F4730,field_04730
F4731,field_04731
F4732,field_04732
F4733,field_04733
F4734,field_04734
F4735,field_04735
F4736,field_04736
F4737,field_04737
F4738,field_04738
F4739,field_04739
F4740,field_04740
F4741,field_04741
F4742,field_04742
F4743,field_04743
F4744,field_04744
F4745,field_04745
F4746,field_04746
F4747,field_04747
F4748,field_04748
F4749,field_04749
F4750,field_04750
F4751,field_04751
F4752,field_04752
F4753,field_04753
F4754,field_04754
F4755,field_04755
F4756,field_04756
F4757,field_04757
F4758,field_04758
F4759,field_04759
F4760,field_04760
F4761,field_04761
F4762,field_04762
F4763,field_04763
F4764,field_04764
F4765,field_04765
F4766,field_04766
F4767,field_04767
F4768,field_04768
F4769,field_04769
F4770,field_04770
F4771,field_04771
F4772,field_04772
F4773,field_04773
F4774,field_04774
F4775,field_04775
F4776,field_04776
F4777,field_04777
F4778,field_04778
F4779,field_04779
F4780,field_04780
F4781,field_04781
F4782,field_04782
F4783,field_04783
F4784,field_04784
F4785,field_04785
F4786,field_04786
F4787,field_04787
F4788,field_04788
F4789,field_04789
F4790,field_04790
F4791,field_04791
F4792,field_04792
F4793,field_04793
F4794,field_04794
F4795,field_04795
F4796,field_04796
F4797,field_04797
F4798,field_04798
F4799,field_04799
F4800,field_04800
F4801,field_04801
F4802,field_04802
F4803,field_04803
F4804,field_04804
F4805,field_04805
F4806,field_04806
F4807,field_04807
F4808,field_04808
F4809,field_04809
F4810,field_04810
F4811,field_04811
F4812,field_04812
F4813,field_04813
F4814,field_04814
F4815,field_04815
F4816,field_04816
F4817,field_04817
F4818,field_04818
F4819,field_04819
F4820,field_04820
F4821,field_04821
F4822,field_04822
F4823,field_04823
F4824,field_04824
F4825,field_04825
F4826,field_04826
F4827,field_04827
F4828,field_04828
F4829,field_04829
F4830,field_04830
F4831,field_04831
F4832,field_04832
F4833,field_04833
F4834,field_04834
F4835,field_04835
F4836,field_04836
F4837,field_04837
F4838,field_04838
F4839,field_04839
F4840,field_04840
F4841,field_04841
F4842,field_04842
F4843,field_04843
F4844,field_04844
F4845,field_04845
F4846,field_04846
F4847,field_04847
F4848,field_04848
F4849,field_04849
F4850,field_04850
F4851,field_04851
F4852,field_04852
F4853,field_04853
F4854,field_04854
F4855,field_04855
F4856,field_04856
F4857,field_04857
F4858,field_04858
F4859,field_04859
F4860,field_04860
F4861,field_04861
F4862,field_04862
F4863,field_04863
F4864,field_04864
F4865,field_04865
F4866,field_04866
F4867,field_04867
F4868,field_04868
F4869,field_04869
F4870,field_04870
F4871,field_04871
F4872,field_04872
F4873,field_04873
F4874,field_04874
F4875,field_04875
F4876,field_04876
F4877,field_04877
F4878,field_04878
F4879,field_04879
F4880,field_04880
F4881,field_04881
F4882,field_04882
F4883,field_04883
F4884,field_04884
F4885,field_04885
F4886,field_04886
F4887,field_04887
F4888,field_04888
F4889,field_04889
F4890,field_04890
F4891,field_04891
F4892,field_04892
F4893,field_04893
F4894,field_04894
F4895,field_04895
F4896,field_04896
F4897,field_04897
F4898,field_04898
F4899,field_04899
F4900,field_04900
F4901,field_04901
F4902,field_04902
F4903,field_04903
F4904,field_04904
F4905,field_04905
F4906,field_04906
F4907,field_04907
F4908,field_04908
F4909,field_04909
F4910,field_04910
F4911,field_04911
F4912,field_04912
F4913,field_04913
F4914,field_04914
F4915,field_04915
F4916,field_04916
F4917,field_04917
F4918,field_04918
F4919,field_04919
F4920,field_04920
F4921,field_04921
F4922,field_04922
F4923,field_04923
F4924,field_04924
F4925,field_04925
F4926,field_04926
F4927,field_04927
F4928,field_04928
F4929,field_04929
F4930,field_04930
F4931,field_04931
F4932,field_04932
F4933,field_04933
F4934,field_04934
F4935,field_04935
F4936,field_04936
F4937,field_04937
F4938,field_04938
F4939,field_04939
F4940,field_04940
F4941,field_04941
F4942,field_04942
F4943,field_04943
F4944,field_04944
F4945,field_04945
F4946,field_04946
F4947,field_04947
F4948,field_04948
F4949,field_04949
F4950,field_04950
F4951,field_04951
F4952,field_04952
F4953,field_04953
F4954,field_04954
F4955,field_04955
F4956,field_04956
F4957,field_04957
F4958,field_04958
F4959,field_04959
F4960,field_04960
F4961,field_04961
F4962,field_04962
F4963,field_04963
F4964,field_04964
F4965,field_04965
F4966,field_04966
F4967,field_04967
F4968,field_04968
F4969,field_04969
F4970,field_04970
F4971,field_04971
F4972,field_04972
F4973,field_04973
F4974,field_04974
F4975,field_04975
F4976,field_04976
F4977,field_04977
F4978,field_04978
F4979,field_04979
F4980,field_04980
F4981,field_04981
F4982,field_04982
F4983,field_04983
F4984,field_04984
F4985,field_04985
F4986,field_04986
F4987,field_04987
F4988,field_04988
F4989,field_04989
F4990,field_04990
F4991,field_04991
F4992,field_04992
F4993,field_04993
F4994,field_04994
F4995,field_04995
F4996,field_04996
F4997,field_04997
F4998,field_04998
F4999,field_04999
F5000,field_05000
F5001,field_05001
F5002,field_05002
F5003,field_05003
F5004,field_05004
F5005,field_05005
F5006,field_05006
F5007,field_05007
F5008,field_05008
F5009,field_05009
F5010,field_05010
F5011,field_05011
F5012,field_05012
F5013,field_05013
F5014,field_05014
F5015,field_05015
F5016,field_05016
F5017,field_05017
F5018,field_05018
F5019,field_05019
F5020,field_05020
F5021,field_05021
F5022,field_05022
F5023,field_05023
F5024,field_05024
F5025,field_05025
F5026,field_05026
F5027,field_05027
F5028,field_05028
F5029,field_05029
F5030,field_05030
F5031,field_05031
F5032,field_05032
F5033,field_05033
F5034,field_05034
F5035,field_05035
F5036,field_05036
F5037,field_05037
F5038,field_05038
F5039,field_05039
F5040,field_05040
F5041,field_05041
F5042,field_05042
F5043,field_05043
F5044,field_05044
F5045,field_05045
F5046,field_05046
F5047,field_05047
F5048,field_05048
F5049,field_05049
F5050,field_05050
F5051,field_05051
F5052,field_05052
F5053,field_05053
F5054,field_05054
F5055,field_05055
F5056,field_05056
F5057,field_05057
F5058,field_05058
F5059,field_05059
F5060,field_05060
F5061,field_05061
F5062,field_05062
F5063,field_05063
F5064,field_05064
F5065,field_05065
F5066,field_05066
F5067,field_05067
F5068,field_05068
F5069,field_05069
F5070,field_05070
F5071,field_05071
F5072,field_05072
F5073,field_05073
F5074,field_05074
F5075,field_05075
F5076,field_05076
F5077,field_05077
F5078,field_05078
F5079,field_05079
F5080,field_05080
F5081,field_05081
F5082,field_05082
F5083,field_05083
F5084,field_05084
F5085,field_05085
F5086,field_05086
F5087,field_05087
F5088,field_05088
F5089,field_05089
F5090,field_05090
F5091,field_05091
F5092,field_05092
F5093,field_05093
F5094,field_05094
F5095,field_05095
F5096,field_05096
F5097,field_05097
F5098,field_05098
F5099,field_05099
F5100,field_05100
F5101,field_05101
F5102,field_05102
F5103,field_05103
F5104,field_05104
F5105,field_05105
F5106,field_05106
F5107,field_05107
F5108,field_05108
F5109,field_05109
F5110,field_05110
F5111,field_05111
F5112,field_05112
F5113,field_05113
F5114,field_05114
F5115,field_05115
F5116,field_05116
F5117,field_05117
F5118,field_05118
F5119,field_05119
F5120,field_05120
F5121,field_05121
F5122,field_05122
F5123,field_05123
F5124,field_05124
F5125,field_05125
F5126,field_05126
F5127,field_05127
F5128,field_05128
F5129,field_05129
F5130,field_05130
F5131,field_05131
F5132,field_05132
F5133,field_05133
F5134,field_05134
F5135,field_05135
F5136,field_05136
F5137,field_05137
F5138,field_05138
F5139,field_05139
F5140,field_05140
F5141,field_05141
F5142,field_05142
F5143,field_05143
F5144,field_05144
F5145,field_05145
F5146,field_05146
F5147,field_05147
F5148,field_05148
F5149,field_05149
F5150,field_05150
F5151,field_05151
F5152,field_05152
F5153,field_05153
F5154,field_05154
F5155,field_05155
F5156,field_05156
F5157,field_05157
F5158,field_05158
F5159,field_05159
F5160,field_05160
F5161,field_05161
F5162,field_05162
F5163,field_05163
F5164,field_05164
F5165,field_05165
F5166,field_05166
F5167,field_05167
F5168,field_05168
F5169,field_05169
F5170,field_05170
F5171,field_05171
F5172,field_05172
F5173,field_05173
F5174,field_05174
F5175,field_05175
F5176,field_05176
F5177,field_05177
F5178,field_05178
F5179,field_05179
F5180,field_05180
F5181,field_05181
F5182,field_05182
F5183,field_05183
F5184,field_05184
F5185,field_05185
F5186,field_05186
F5187,field_05187
F5188,field_05188
F5189,field_05189
F5190,field_05190
F5191,field_05191
F5192,field_05192
F5193,field_05193
F5194,field_05194
F5195,field_05195
F5196,field_05196
F5197,field_05197
F5198,field_05198
F5199,field_05199
F5200,field_05200
F5201,field_05201
F5202,field_05202
F5203,field_05203
F5204,field_05204
F5205,field_05205
F5206,field_05206
F5207,field_05207
F5208,field_05208
F5209,field_05209
F5210,field_05210
F5211,field_05211
F5212,field_05212
F5213,field_05213
F5214,field_05214
F5215,field_05215
F5216,field_05216
F5217,field_05217
F5218,field_05218
F5219,field_05219
F5220,field_05220
F5221,field_05221
F5222,field_05222
F5223,field_05223
F5224,field_05224
F5225,field_05225
F5226,field_05226
F5227,field_05227
F5228,field_05228
F5229,field_05229
F5230,field_05230
F5231,field_05231
F5232,field_05232
F5233,field_05233
F5234,field_05234
F5235,field_05235
F5236,field_05236
F5237,field_05237
F5238,field_05238
F5239,field_05239
F5240,field_05240
F5241,field_05241
F5242,field_05242
F5243,field_05243
F5244,field_05244
F5245,field_05245
F5246,field_05246
F5247,field_05247
F5248,field_05248
F5249,field_05249
F5250,field_05250
F5251,field_05251
F5252,field_05252
F5253,field_05253
F5254,field_05254
F5255,field_05255
F5256,field_05256
F5257,field_05257
F5258,field_05258
F5259,field_05259
F5260,field_05260
F5261,field_05261
F5262,field_05262
F5263,field_05263
F5264,field_05264
F5265,field_05265
F5266,field_05266
F5267,field_05267
F5268,field_05268
F5269,field_05269
F5270,field_05270
F5271,field_05271
F5272,field_05272
F5273,field_05273
F5274,field_05274
F5275,field_05275
F5276,field_05276
F5277,field_05277
F5278,field_05278
F5279,field_05279
F5280,field_05280
F5281,field_05281
F5282,field_05282
F5283,field_05283
F5284,field_05284
F5285,field_05285
F5286,field_05286
F5287,field_05287
F5288,field_05288
F5289,field_05289
F5290,field_05290
F5291,field_05291
F5292,field_05292
F5293,field_05293
F5294,field_05294
F5295,field_05295
F5296,field_05296
F5297,field_05297
F5298,field_05298
F5299,field_05299
F5300,field_05300
F5301,field_05301
F5302,field_05302
F5303,field_05303
F5304,field_05304
F5305,field_05305
F5306,field_05306
F5307,field_05307
F5308,field_05308
F5309,field_05309
F5310,field_05310
F5311,field_05311
F5312,field_05312
F5313,field_05313
F5314,field_05314
F5315,field_05315
F5316,field_05316
F5317,field_05317
F5318,field_05318
F5319,field_05319
F5320,field_05320
F5321,field_05321
F5322,field_05322
F5323,field_05323
F5324,field_05324
F5325,field_05325
F5326,field_05326
F5327,field_05327
F5328,field_05328
F5329,field_05329
F5330,field_05330
F5331,field_05331
F5332,field_05332
F5333,field_05333
F5334,field_05334
F5335,field_05335
F5336,field_05336
F5337,field_05337
F5338,field_05338
F5339,field_05339
F5340,field_05340
F5341,field_05341
F5342,field_05342
F5343,field_05343
F5344,field_05344
F5345,field_05345
F5346,field_05346
F5347,field_05347
F5348,field_05348
F5349,field_05349
F5350,field_05350
F5351,field_05351
F5352,field_05352
F5353,field_05353
F5354,field_05354
F5355,field_05355
F5356,field_05356
F5357,field_05357
F5358,field_05358
F5359,field_05359
F5360,field_05360
F5361,field_05361
F5362,field_05362
F5363,field_05363
F5364,field_05364
F5365,field_05365
F5366,field_05366
F5367,field_05367
F5368,field_05368
F5369,field_05369
F5370,field_05370
F5371,field_05371
F5372,field_05372
F5373,field_05373
F5374,field_05374
F5375,field_05375
F5376,field_05376
F5377,field_05377
F5378,field_05378
F5379,field_05379
F5380,field_05380
F5381,field_05381
F5382,field_05382
F5383,field_05383
F5384,field_05384
F5385,field_05385
F5386,field_05386
F5387,field_05387
F5388,field_05388
F5389,field_05389
F5390,field_05390
F5391,field_05391
F5392,field_05392
F5393,field_05393
F5394,field_05394
F5395,field_05395
F5396,field_05396
F5397,field_05397
F5398,field_05398
F5399,field_05399
F5400,field_05400
F5401,field_05401
F5402,field_05402
F5403,field_05403
F5404,field_05404
F5405,field_05405
F5406,field_05406
F5407,field_05407
F5408,field_05408
F5409,field_05409
F5410,field_05410
F5411,field_05411
F5412,field_05412
F5413,field_05413
F5414,field_05414
F5415,field_05415
F5416,field_05416
F5417,field_05417
F5418,field_05418
F5419,field_05419
F5420,field_05420
F5421,field_05421
F5422,field_05422
F5423,field_05423
F5424,field_05424
F5425,field_05425
F5426,field_05426
F5427,field_05427
F5428,field_05428
F5429,field_05429
F5430,field_05430
F5431,field_05431
F5432,field_05432
F5433,field_05433
F5434,field_05434
F5435,field_05435
F5436,field_05436
F5437,field_05437
F5438,field_05438
F5439,field_05439
F5440,field_05440
F5441,field_05441
F5442,field_05442
F5443,field_05443
F5444,field_05444
F5445,field_05445
F5446,field_05446
F5447,field_05447
F5448,field_05448
F5449,field_05449
F5450,field_05450
F5451,field_05451
F5452,field_05452
F5453,field_05453
F5454,field_05454
F5455,field_05455
F5456,field_05456
F5457,field_05457
F5458,field_05458
F5459,field_05459
F5460,field_05460
F5461,field_05461
F5462,field_05462
F5463,field_05463
F5464,field_05464
F5465,field_05465
F5466,field_05466
F5467,field_05467
F5468,field_05468
F5469,field_05469
F5470,field_05470
F5471,field_05471
F5472,field_05472
F5473,field_05473
F5474,field_05474
F5475,field_05475
F5476,field_05476
F5477,field_05477
F5478,field_05478
F5479,field_05479
F5480,field_05480
F5481,field_05481
F5482,field_05482
F5483,field_05483
F5484,field_05484
F5485,field_05485
F5486,field_05486
F5487,field_05487
F5488,field_05488
F5489,field_05489
F5490,field_05490
F5491,field_05491
F5492,field_05492
F5493,field_05493
F5494,field_05494
F5495,field_05495
F5496,field_05496
F5497,field_05497
F5498,field_05498
F5499,field_05499
F5500,field_05500
F5501,field_05501
F5502,field_05502
F5503,field_05503
F5504,field_05504
F5505,field_05505
F5506,field_05506
F5507,field_05507
F5508,field_05508
F5509,field_05509
F5510,field_05510
F5511,field_05511
F5512,field_05512
F5513,field_05513
F5514,field_05514
F5515,field_05515
F5516,field_05516
F5517,field_05517
F5518,field_05518
F5519,field_05519
F5520,field_05520
F5521,field_05521
F5522,field_05522
F5523,field_05523
F5524,field_05524
F5525,field_05525
F5526,field_05526
F5527,field_05527
F5528,field_05528
F5529,field_05529
F5530,field_05530
F5531,field_05531
F5532,field_05532
F5533,field_05533
F5534,field_05534
F5535,field_05535
F5536,field_05536
F5537,field_05537
F5538,field_05538
F5539,field_05539
F5540,field_05540
F5541,field_05541
F5542,field_05542
F5543,field_05543
F5544,field_05544
F5545,field_05545
F5546,field_05546
F5547,field_05547
F5548,field_05548
F5549,field_05549
F5550,field_05550
F5551,field_05551
F5552,field_05552
F5553,field_05553
F5554,field_05554
F5555,field_05555
F5556,field_05556
F5557,field_05557
F5558,field_05558
F5559,field_05559
F5560,field_05560
F5561,field_05561
F5562,field_05562
F5563,field_05563
F5564,field_05564
F5565,field_05565
F5566,field_05566
F5567,field_05567
F5568,field_05568
F5569,field_05569
F5570,field_05570
F5571,field_05571
F5572,field_05572
F5573,field_05573
F5574,field_05574
F5575,field_05575
F5576,field_05576
F5577,field_05577
F5578,field_05578
F5579,field_05579
F5580,field_05580
F5581,field_05581
F5582,field_05582
F5583,field_05583
F5584,field_05584
F5585,field_05585
F5586,field_05586
F5587,field_05587
F5588,field_05588
F5589,field_05589
F5590,field_05590
F5591,field_05591
F5592,field_05592
F5593,field_05593
F5594,field_05594
F5595,field_05595
F5596,field_05596
F5597,field_05597
F5598,field_05598
F5599,field_05599
F5600,field_05600
F5601,field_05601
F5602,field_05602
F5603,field_05603
F5604,field_05604
F5605,field_05605
F5606,field_05606
F5607,field_05607
F5608,field_05608
F5609,field_05609
F5610,field_05610
F5611,field_05611
F5612,field_05612
F5613,field_05613
F5614,field_05614
F5615,field_05615
F5616,field_05616
F5617,field_05617
F5618,field_05618
F5619,field_05619
F5620,field_05620
F5621,field_05621
F5622,field_05622
F5623,field_05623
F5624,field_05624
F5625,field_05625
F5626,field_05626
F5627,field_05627
F5628,field_05628
F5629,field_05629
F5630,field_05630
F5631,field_05631
F5632,field_05632
F5633,field_05633
F5634,field_05634
F5635,field_05635
F5636,field_05636
F5637,field_05637
F5638,field_05638
F5639,field_05639
F5640,field_05640
F5641,field_05641
F5642,field_05642
F5643,field_05643
F5644,field_05644
F5645,field_05645
F5646,field_05646
F5647,field_05647
F5648,field_05648
F5649,field_05649
F5650,field_05650
F5651,field_05651
F5652,field_05652
F5653,field_05653
F5654,field_05654
F5655,field_05655
F5656,field_05656
F5657,field_05657
F5658,field_05658
F5659,field_05659
F5660,field_05660
F5661,field_05661
F5662,field_05662
F5663,field_05663
F5664,field_05664
F5665,field_05665
F5666,field_05666
F5667,field_05667
F5668,field_05668
F5669,field_05669
F5670,field_05670
F5671,field_05671
F5672,field_05672
F5673,field_05673
F5674,field_05674
F5675,field_05675
F5676,field_05676
F5677,field_05677
F5678,field_05678
F5679,field_05679
F5680,field_05680
F5681,field_05681
F5682,field_05682
F5683,field_05683
F5684,field_05684
F5685,field_05685
F5686,field_05686
F5687,field_05687
F5688,field_05688
F5689,field_05689
F5690,field_05690
F5691,field_05691
F5692,field_05692
F5693,field_05693
F5694,field_05694
F5695,field_05695
F5696,field_05696
F5697,field_05697
F5698,field_05698
F5699,field_05699
F5700,field_05700
F5701,field_05701
F5702,field_05702
F5703,field_05703
F5704,field_05704
F5705,field_05705
F5706,field_05706
F5707,field_05707
F5708,field_05708
F5709,field_05709
F5710,field_05710
F5711,field_05711
F5712,field_05712
F5713,field_05713
F5714,field_05714
F5715,field_05715
F5716,field_05716
F5717,field_05717
F5718,field_05718
F5719,field_05719
F5720,field_05720
F5721,field_05721
F5722,field_05722
F5723,field_05723
F5724,field_05724
F5725,field_05725
F5726,field_05726
F5727,field_05727
F5728,field_05728
F5729,field_05729
F5730,field_05730
F5731,field_05731
F5732,field_05732
F5733,field_05733
F5734,field_05734
F5735,field_05735
F5736,field_05736
F5737,field_05737
F5738,field_05738
F5739,field_05739
F5740,field_05740
F5741,field_05741
F5742,field_05742
F5743,field_05743
F5744,field_05744
F5745,field_05745
F5746,field_05746
F5747,field_05747
F5748,field_05748
F5749,field_05749
F5750,field_05750
F5751,field_05751
F5752,field_05752
F5753,field_05753
F5754,field_05754
F5755,field_05755
F5756,field_05756
F5757,field_05757
F5758,field_05758
F5759,field_05759
F5760,field_05760
F5761,field_05761
F5762,field_05762
F5763,field_05763
F5764,field_05764
F5765,field_05765
F5766,field_05766
F5767,field_05767
F5768,field_05768
F5769,field_05769
F5770,field_05770
F5771,field_05771
F5772,field_05772
F5773,field_05773
F5774,field_05774
F5775,field_05775
F5776,field_05776
F5777,field_05777
F5778,field_05778
F5779,field_05779
F5780,field_05780
F5781,field_05781
F5782,field_05782
F5783,field_05783
F5784,field_05784
F5785,field_05785
F5786,field_05786
F5787,field_05787
F5788,field_05788
F5789,field_05789
F5790,field_05790
F5791,field_05791
F5792,field_05792
F5793,field_05793
F5794,field_05794
F5795,field_05795
F5796,field_05796
F5797,field_05797
F5798,field_05798
F5799,field_05799
F5800,field_05800
F5801,field_05801
F5802,field_05802
F5803,field_05803
F5804,field_05804
F5805,field_05805
F5806,field_05806
F5807,field_05807
F5808,field_05808
F5809,field_05809
F5810,field_05810
F5811,field_05811
F5812,field_05812
F5813,field_05813
F5814,field_05814
F5815,field_05815
F5816,field_05816
F5817,field_05817
F5818,field_05818
F5819,field_05819
F5820,field_05820
F5821,field_05821
F5822,field_05822
F5823,field_05823
F5824,field_05824
F5825,field_05825
F5826,field_05826
F5827,field_05827
F5828,field_05828
F5829,field_05829
F5830,field_05830
F5831,field_05831
F5832,field_05832
F5833,field_05833
F5834,field_05834
F5835,field_05835
F5836,field_05836
F5837,field_05837
F5838,field_05838
F5839,field_05839
F5840,field_05840
F5841,field_05841
F5842,field_05842
F5843,field_05843
F5844,field_05844
F5845,field_05845
F5846,field_05846
F5847,field_05847
F5848,field_05848
F5849,field_05849
F5850,field_05850
F5851,field_05851
F5852,field_05852
F5853,field_05853
F5854,field_05854
F5855,field_05855
F5856,field_05856
F5857,field_05857
F5858,field_05858
F5859,field_05859
F5860,field_05860
F5861,field_05861
F5862,field_05862
F5863,field_05863
F5864,field_05864
F5865,field_05865
F5866,field_05866
F5867,field_05867
F5868,field_05868
F5869,field_05869
F5870,field_05870
F5871,field_05871
F5872,field_05872
F5873,field_05873
F5874,field_05874
F5875,field_05875
F5876,field_05876
F5877,field_05877
F5878,field_05878
F5879,field_05879
F5880,field_05880
F5881,field_05881
F5882,field_05882
F5883,field_05883
F5884,field_05884
F5885,field_05885
F5886,field_05886
F5887,field_05887
F5888,field_05888
F5889,field_05889
F5890,field_05890
F5891,field_05891
F5892,field_05892
F5893,field_05893
F5894,field_05894
F5895,field_05895
F5896,field_05896
F5897,field_05897
F5898,field_05898
F5899,field_05899
F5900,field_05900
F5901,field_05901
F5902,field_05902
F5903,field_05903
F5904,field_05904
F5905,field_05905
F5906,field_05906
F5907,field_05907
F5908,field_05908
F5909,field_05909
F5910,field_05910
F5911,field_05911
F5912,field_05912
F5913,field_05913
F5914,field_05914
F5915,field_05915
F5916,field_05916
F5917,field_05917
F5918,field_05918
F5919,field_05919
F5920,field_05920
F5921,field_05921
F5922,field_05922
F5923,field_05923
F5924,field_05924
F5925,field_05925
F5926,field_05926
F5927,field_05927
F5928,field_05928
F5929,field_05929
F5930,field_05930
F5931,field_05931
F5932,field_05932
F5933,field_05933
F5934,field_05934
F5935,field_05935
F5936,field_05936
F5937,field_05937
F5938,field_05938
F5939,field_05939
F5940,field_05940
F5941,field_05941
F5942,field_05942
F5943,field_05943
F5944,field_05944
F5945,field_05945
F5946,field_05946
F5947,field_05947
F5948,field_05948
F5949,field_05949
F5950,field_05950
F5951,field_05951
F5952,field_05952
F5953,field_05953
F5954,field_05954
F5955,field_05955
F5956,field_05956
F5957,field_05957
F5958,field_05958
F5959,field_05959
F5960,field_05960
F5961,field_05961
F5962,field_05962
F5963,field_05963
F5964,field_05964
F5965,field_05965
F5966,field_05966
F5967,field_05967
F5968,field_05968
F5969,field_05969
F5970,field_05970
F5971,field_05971
F5972,field_05972
F5973,field_05973
F5974,field_05974
F5975,field_05975
F5976,field_05976
F5977,field_05977
F5978,field_05978
F5979,field_05979
F5980,field_05980
F5981,field_05981
F5982,field_05982
F5983,field_05983
F5984,field_05984
F5985,field_05985
F5986,field_05986
F5987,field_05987
F5988,field_05988
F5989,field_05989
F5990,field_05990
F5991,field_05991
F5992,field_05992
F5993,field_05993
F5994,field_05994
F5995,field_05995
F5996,field_05996
F5997,field_05997
F5998,field_05998
F5999,field_05999
F6000,field_06000
F6001,field_06001
F6002,field_06002
F6003,field_06003
F6004,field_06004
F6005,field_06005
F6006,field_06006
F6007,field_06007
F6008,field_06008
F6009,field_06009
F6010,field_06010
F6011,field_06011
F6012,field_06012
F6013,field_06013
F6014,field_06014
F6015,field_06015
F6016,field_06016
F6017,field_06017
F6018,field_06018
F6019,field_06019
F6020,field_06020
F6021,field_06021
F6022,field_06022
F6023,field_06023
F6024,field_06024
F6025,field_06025
F6026,field_06026
F6027,field_06027
F6028,field_06028
F6029,field_06029
F6030,field_06030
F6031,field_06031
F6032,field_06032
F6033,field_06033
F6034,field_06034
F6035,field_06035
F6036,field_06036
F6037,field_06037
F6038,field_06038
F6039,field_06039
F6040,field_06040
F6041,field_06041
F6042,field_06042
F6043,field_06043
F6044,field_06044
F6045,field_06045
F6046,field_06046
F6047,field_06047
F6048,field_06048
F6049,field_06049
F6050,field_06050
F6051,field_06051
F6052,field_06052
F6053,field_06053
F6054,field_06054
F6055,field_06055
F6056,field_06056
F6057,field_06057
F6058,field_06058
F6059,field_06059
F6060,field_06060
F6061,field_06061
F6062,field_06062
F6063,field_06063
F6064,field_06064
F6065,field_06065
F6066,field_06066
F6067,field_06067
F6068,field_06068
F6069,field_06069
F6070,field_06070
F6071,field_06071
F6072,field_06072
F6073,field_06073
F6074,field_06074
F6075,field_06075
F6076,field_06076
F6077,field_06077
F6078,field_06078
F6079,field_06079
F6080,field_06080
F6081,field_06081
F6082,field_06082
F6083,field_06083
F6084,field_06084
F6085,field_06085
F6086,field_06086
F6087,field_06087
F6088,field_06088
F6089,field_06089
F6090,field_06090
F6091,field_06091
F6092,field_06092
F6093,field_06093
F6094,field_06094
F6095,field_06095
F6096,field_06096
F6097,field_06097
F6098,field_06098
F6099,field_06099
F6100,field_06100
F6101,field_06101
F6102,field_06102
F6103,field_06103
F6104,field_06104
F6105,field_06105
F6106,field_06106
F6107,field_06107
F6108,field_06108
F6109,field_06109
F6110,field_06110
F6111,field_06111
F6112,field_06112
F6113,field_06113
F6114,field_06114
F6115,field_06115
F6116,field_06116
F6117,field_06117
F6118,field_06118
F6119,field_06119
F6120,field_06120
F6121,field_06121
F6122,field_06122
F6123,field_06123
F6124,field_06124
F6125,field_06125
F6126,field_06126
F6127,field_06127
F6128,field_06128
F6129,field_06129
F6130,field_06130
F6131,field_06131
F6132,field_06132
F6133,field_06133
F6134,field_06134
F6135,field_06135
F6136,field_06136
F6137,field_06137
F6138,field_06138
F6139,field_06139
F6140,field_06140
F6141,field_06141
F6142,field_06142
F6143,field_06143
F6144,field_06144
F6145,field_06145
F6146,field_06146
F6147,field_06147
F6148,field_06148
F6149,field_06149
F6150,field_06150
F6151,field_06151
F6152,field_06152
F6153,field_06153
F6154,field_06154
F6155,field_06155
F6156,field_06156
F6157,field_06157
F6158,field_06158
F6159,field_06159
F6160,field_06160
F6161,field_06161
F6162,field_06162
F6163,field_06163
F6164,field_06164
F6165,field_06165
F6166,field_06166
F6167,field_06167
F6168,field_06168
F6169,field_06169
F6170,field_06170
F6171,field_06171
F6172,field_06172
F6173,field_06173
F6174,field_06174
F6175,field_06175
F6176,field_06176
F6177,field_06177
F6178,field_06178
F6179,field_06179
F6180,field_06180
F6181,field_06181
F6182,field_06182
F6183,field_06183
F6184,field_06184
F6185,field_06185
F6186,field_06186
F6187,field_06187
F6188,field_06188
F6189,field_06189
F6190,field_06190
F6191,field_06191
F6192,field_06192
F6193,field_06193
F6194,field_06194
F6195,field_06195
F6196,field_06196
F6197,field_06197
F6198,field_06198
F6199,field_06199
F6200,field_06200
F6201,field_06201
F6202,field_06202
F6203,field_06203
F6204,field_06204
F6205,field_06205
F6206,field_06206
F6207,field_06207
F6208,field_06208
F6209,field_06209
F6210,field_06210
F6211,field_06211
F6212,field_06212
F6213,field_06213
F6214,field_06214
F6215,field_06215
F6216,field_06216
F6217,field_06217
F6218,field_06218
F6219,field_06219
F6220,field_06220
F6221,field_06221
F6222,field_06222
F6223,field_06223
F6224,field_06224
F6225,field_06225
F6226,field_06226
F6227,field_06227
F6228,field_06228
F6229,field_06229
F6230,field_06230
F6231,field_06231
F6232,field_06232
F6233,field_06233
F6234,field_06234
F6235,field_06235
F6236,field_06236
F6237,field_06237
F6238,field_06238
F6239,field_06239
F6240,field_06240
F6241,field_06241
F6242,field_06242
F6243,field_06243
F6244,field_06244
F6245,field_06245
F6246,field_06246
F6247,field_06247
F6248,field_06248
F6249,field_06249
F6250,field_06250
F6251,field_06251
F6252,field_06252
F6253,field_06253
F6254,field_06254
F6255,field_06255
F6256,field_06256
F6257,field_06257
F6258,field_06258
F6259,field_06259
F6260,field_06260
F6261,field_06261
F6262,field_06262
F6263,field_06263
F6264,field_06264
F6265,field_06265
F6266,field_06266
F6267,field_06267
F6268,field_06268
F6269,field_06269
F6270,field_06270
F6271,field_06271
F6272,field_06272
F6273,field_06273
F6274,field_06274
F6275,field_06275
F6276,field_06276
F6277,field_06277
F6278,field_06278
F6279,field_06279
F6280,field_06280
F6281,field_06281
F6282,field_06282
F6283,field_06283
F6284,field_06284
F6285,field_06285
F6286,field_06286
F6287,field_06287
F6288,field_06288
F6289,field_06289
F6290,field_06290
F6291,field_06291
F6292,field_06292
F6293,field_06293
F6294,field_06294
F6295,field_06295
F6296,field_06296
F6297,field_06297
F6298,field_06298
F6299,field_06299
F6300,field_06300
F6301,field_06301
F6302,field_06302
F6303,field_06303
F6304,field_06304
F6305,field_06305
F6306,field_06306
F6307,field_06307
F6308,field_06308
F6309,field_06309
F6310,field_06310
F6311,field_06311
F6312,field_06312
F6313,field_06313
F6314,field_06314
F6315,field_06315
F6316,field_06316
F6317,field_06317
F6318,field_06318
F6319,field_06319
F6320,field_06320
F6321,field_06321
F6322,field_06322
F6323,field_06323
F6324,field_06324
F6325,field_06325
F6326,field_06326
F6327,field_06327
F6328,field_06328
F6329,field_06329
F6330,field_06330
F6331,field_06331
F6332,field_06332
F6333,field_06333
F6334,field_06334
F6335,field_06335
F6336,field_06336
F6337,field_06337
F6338,field_06338
F6339,field_06339
F6340,field_06340
F6341,field_06341
F6342,field_06342
F6343,field_06343
F6344,field_06344
F6345,field_06345
F6346,field_06346
F6347,field_06347
F6348,field_06348
F6349,field_06349
F6350,field_06350
F6351,field_06351
F6352,field_06352
F6353,field_06353
F6354,field_06354
F6355,field_06355
F6356,field_06356
F6357,field_06357
F6358,field_06358
F6359,field_06359
F6360,field_06360
F6361,field_06361
F6362,field_06362
F6363,field_06363
F6364,field_06364
F6365,field_06365
F6366,field_06366
F6367,field_06367
F6368,field_06368
F6369,field_06369
F6370,field_06370
F6371,field_06371
F6372,field_06372
F6373,field_06373
F6374,field_06374
F6375,field_06375
F6376,field_06376
F6377,field_06377
F6378,field_06378
F6379,field_06379
F6380,field_06380
F6381,field_06381
F6382,field_06382
F6383,field_06383
F6384,field_06384
F6385,field_06385
F6386,field_06386
F6387,field_06387
F6388,field_06388
F6389,field_06389
F6390,field_06390
F6391,field_06391
F6392,field_06392
F6393,field_06393
F6394,field_06394
F6395,field_06395
F6396,field_06396
F6397,field_06397
F6398,field_06398
F6399,field_06399
F6400,field_06400
F6401,field_06401
F6402,field_06402
F6403,field_06403
F6404,field_06404
F6405,field_06405
F6406,field_06406
F6407,field_06407
F6408,field_06408
F6409,field_06409
F6410,field_06410
F6411,field_06411
F6412,field_06412
F6413,field_06413
F6414,field_06414
F6415,field_06415
F6416,field_06416
F6417,field_06417
F6418,field_06418
F6419,field_06419
F6420,field_06420
F6421,field_06421
F6422,field_06422
F6423,field_06423
F6424,field_06424
F6425,field_06425
F6426,field_06426
F6427,field_06427
F6428,field_06428
F6429,field_06429
F6430,field_06430
F6431,field_06431
F6432,field_06432
F6433,field_06433
F6434,field_06434
F6435,field_06435
F6436,field_06436
F6437,field_06437
F6438,field_06438
F6439,field_06439
F6440,field_06440
F6441,field_06441
F6442,field_06442
F6443,field_06443
F6444,field_06444
F6445,field_06445
F6446,field_06446
F6447,field_06447
F6448,field_06448
F6449,field_06449
F6450,field_06450
F6451,field_06451
F6452,field_06452
F6453,field_06453
F6454,field_06454
F6455,field_06455
F6456,field_06456
F6457,field_06457
F6458,field_06458
F6459,field_06459
F6460,field_06460
F6461,field_06461
F6462,field_06462
F6463,field_06463
F6464,field_06464
F6465,field_06465
F6466,field_06466
F6467,field_06467
F6468,field_06468
F6469,field_06469
F6470,field_06470
F6471,field_06471
F6472,field_06472
F6473,field_06473
F6474,field_06474
F6475,field_06475
F6476,field_06476
F6477,field_06477
F6478,field_06478
F6479,field_06479
F6480,field_06480
F6481,field_06481
F6482,field_06482
F6483,field_06483
F6484,field_06484
F6485,field_06485
F6486,field_06486
F6487,field_06487
F6488,field_06488
F6489,field_06489
F6490,field_06490
F6491,field_06491
F6492,field_06492
F6493,field_06493
F6494,field_06494
F6495,field_06495
F6496,field_06496
F6497,field_06497
F6498,field_06498
F6499,field_06499
F6500,field_06500
F6501,field_06501
F6502,field_06502
F6503,field_06503
F6504,field_06504
F6505,field_06505
F6506,field_06506
F6507,field_06507
F6508,field_06508
F6509,field_06509
F6510,field_06510
F6511,field_06511
F6512,field_06512
F6513,field_06513
F6514,field_06514
F6515,field_06515
F6516,field_06516
F6517,field_06517
F6518,field_06518
F6519,field_06519
F6520,field_06520
F6521,field_06521
F6522,field_06522
F6523,field_06523
F6524,field_06524
F6525,field_06525
F6526,field_06526
F6527,field_06527
F6528,field_06528
F6529,field_06529
F6530,field_06530
F6531,field_06531
F6532,field_06532
F6533,field_06533
F6534,field_06534
F6535,field_06535
F6536,field_06536
F6537,field_06537
F6538,field_06538
F6539,field_06539
F6540,field_06540
F6541,field_06541
F6542,field_06542
F6543,field_06543
F6544,field_06544
F6545,field_06545
F6546,field_06546
F6547,field_06547
F6548,field_06548
F6549,field_06549
F6550,field_06550
F6551,field_06551
F6552,field_06552
F6553,field_06553
F6554,field_06554
F6555,field_06555
F6556,field_06556
F6557,field_06557
F6558,field_06558
F6559,field_06559
F6560,field_06560
F6561,field_06561
F6562,field_06562
F6563,field_06563
F6564,field_06564
F6565,field_06565
F6566,field_06566
F6567,field_06567
F6568,field_06568
F6569,field_06569
F6570,field_06570
F6571,field_06571
F6572,field_06572
F6573,field_06573
F6574,field_06574
F6575,field_06575
F6576,field_06576
F6577,field_06577
F6578,field_06578
F6579,field_06579
F6580,field_06580
F6581,field_06581
F6582,field_06582
F6583,field_06583
F6584,field_06584
F6585,field_06585
F6586,field_06586
F6587,field_06587
F6588,field_06588
F6589,field_06589
F6590,field_06590
F6591,field_06591
F6592,field_06592
F6593,field_06593
F6594,field_06594
F6595,field_06595
F6596,field_06596
F6597,field_06597
F6598,field_06598
F6599,field_06599
F6600,field_06600
F6601,field_06601
F6602,field_06602
F6603,field_06603
F6604,field_06604
F6605,field_06605
F6606,field_06606
F6607,field_06607
F6608,field_06608
F6609,field_06609
F6610,field_06610
F6611,field_06611
F6612,field_06612
F6613,field_06613
F6614,field_06614
F6615,field_06615
F6616,field_06616
F6617,field_06617
F6618,field_06618
F6619,field_06619
F6620,field_06620
F6621,field_06621
F6622,field_06622
F6623,field_06623
F6624,field_06624
F6625,field_06625
F6626,field_06626
F6627,field_06627
F6628,field_06628
F6629,field_06629
F6630,field_06630
F6631,field_06631
F6632,field_06632
F6633,field_06633
F6634,field_06634
F6635,field_06635
F6636,field_06636
F6637,field_06637
F6638,field_06638
F6639,field_06639
F6640,field_06640
F6641,field_06641
F6642,field_06642
F6643,field_06643
F6644,field_06644
F6645,field_06645
F6646,field_06646
F6647,field_06647
F6648,field_06648
F6649,field_06649
F6650,field_06650
F6651,field_06651
F6652,field_06652
F6653,field_06653
F6654,field_06654
F6655,field_06655
F6656,field_06656
F6657,field_06657
F6658,field_06658
F6659,field_06659
F6660,field_06660
F6661,field_06661
F6662,field_06662
F6663,field_06663
F6664,field_06664
F6665,field_06665
F6666,field_06666
F6667,field_06667
F6668,field_06668
F6669,field_06669
F6670,field_06670
F6671,field_06671
F6672,field_06672
F6673,field_06673
F6674,field_06674
F6675,field_06675
F6676,field_06676
F6677,field_06677
F6678,field_06678
F6679,field_06679
F6680,field_06680
F6681,field_06681
F6682,field_06682
F6683,field_06683
F6684,field_06684
F6685,field_06685
F6686,field_06686
F6687,field_06687
F6688,field_06688
F6689,field_06689
F6690,field_06690
F6691,field_06691
F6692,field_06692
F6693,field_06693
F6694,field_06694
F6695,field_06695
F6696,field_06696
F6697,field_06697
F6698,field_06698
F6699,field_06699
F6700,field_06700
F6701,field_06701
F6702,field_06702
F6703,field_06703
F6704,field_06704
F6705,field_06705
F6706,field_06706
F6707,field_06707
F6708,field_06708
F6709,field_06709
F6710,field_06710
F6711,field_06711
F6712,field_06712
F6713,field_06713
F6714,field_06714
F6715,field_06715
F6716,field_06716
F6717,field_06717
F6718,field_06718
F6719,field_06719
F6720,field_06720
F6721,field_06721
F6722,field_06722
F6723,field_06723
F6724,field_06724
F6725,field_06725
F6726,field_06726
F6727,field_06727
F6728,field_06728
F6729,field_06729
F6730,field_06730
F6731,field_06731
F6732,field_06732
F6733,field_06733
F6734,field_06734
F6735,field_06735
F6736,field_06736
F6737,field_06737
F6738,field_06738
F6739,field_06739
F6740,field_06740
F6741,field_06741
F6742,field_06742
F6743,field_06743
F6744,field_06744
F6745,field_06745
F6746,field_06746
F6747,field_06747
F6748,field_06748
F6749,field_06749
F6750,field_06750
F6751,field_06751
F6752,field_06752
F6753,field_06753
F6754,field_06754
F6755,field_06755
F6756,field_06756
F6757,field_06757
F6758,field_06758
F6759,field_06759
F6760,field_06760
F6761,field_06761
F6762,field_06762
F6763,field_06763
F6764,field_06764
F6765,field_06765
F6766,field_06766
F6767,field_06767
F6768,field_06768
F6769,field_06769
F6770,field_06770
F6771,field_06771
F6772,field_06772
F6773,field_06773
F6774,field_06774
F6775,field_06775
F6776,field_06776
F6777,field_06777
F6778,field_06778
F6779,field_06779
F6780,field_06780
F6781,field_06781
F6782,field_06782
F6783,field_06783
F6784,field_06784
F6785,field_06785
F6786,field_06786
F6787,field_06787
F6788,field_06788
F6789,field_06789
F6790,field_06790
F6791,field_06791
F6792,field_06792
F6793,field_06793
F6794,field_06794
F6795,field_06795
F6796,field_06796
F6797,field_06797
F6798,field_06798
F6799,field_06799
F6800,field_06800
F6801,field_06801
F6802,field_06802
F6803,field_06803
F6804,field_06804
F6805,field_06805
F6806,field_06806
F6807,field_06807
F6808,field_06808
F6809,field_06809
F6810,field_06810
F6811,field_06811
F6812,field_06812
F6813,field_06813
F6814,field_06814
F6815,field_06815
F6816,field_06816
F6817,field_06817
F6818,field_06818
F6819,field_06819
F6820,field_06820
F6821,field_06821
F6822,field_06822
F6823,field_06823
F6824,field_06824
F6825,field_06825
F6826,field_06826
F6827,field_06827
F6828,field_06828
F6829,field_06829
F6830,field_06830
F6831,field_06831
F6832,field_06832
F6833,field_06833
F6834,field_06834
F6835,field_06835
F6836,field_06836
F6837,field_06837
F6838,field_06838
F6839,field_06839
F6840,field_06840
F6841,field_06841
F6842,field_06842
F6843,field_06843
F6844,field_06844
F6845,field_06845
F6846,field_06846
F6847,field_06847
F6848,field_06848
F6849,field_06849
F6850,field_06850
F6851,field_06851
F6852,field_06852
F6853,field_06853
F6854,field_06854
F6855,field_06855
F6856,field_06856
F6857,field_06857
F6858,field_06858
F6859,field_06859
F6860,field_06860
F6861,field_06861
F6862,field_06862
F6863,field_06863
F6864,field_06864
F6865,field_06865
F6866,field_06866
F6867,field_06867
F6868,field_06868
F6869,field_06869
F6870,field_06870
F6871,field_06871
F6872,field_06872
F6873,field_06873
F6874,field_06874
F6875,field_06875
F6876,field_06876
F6877,field_06877
F6878,field_06878
F6879,field_06879
F6880,field_06880
F6881,field_06881
F6882,field_06882
F6883,field_06883
F6884,field_06884
F6885,field_06885
F6886,field_06886
F6887,field_06887
F6888,field_06888
F6889,field_06889
F6890,field_06890
F6891,field_06891
F6892,field_06892
F6893,field_06893
F6894,field_06894
F6895,field_06895
F6896,field_06896
F6897,field_06897
F6898,field_06898
F6899,field_06899
F6900,field_06900
F6901,field_06901
F6902,field_06902
F6903,field_06903
F6904,field_06904
F6905,field_06905
F6906,field_06906
F6907,field_06907
F6908,field_06908
F6909,field_06909
F6910,field_06910
F6911,field_06911
F6912,field_06912
F6913,field_06913
F6914,field_06914
F6915,field_06915
F6916,field_06916
F6917,field_06917
F6918,field_06918
F6919,field_06919
F6920,field_06920
F6921,field_06921
F6922,field_06922
F6923,field_06923
F6924,field_06924
F6925,field_06925
F6926,field_06926
F6927,field_06927
F6928,field_06928
F6929,field_06929
F6930,field_06930
F6931,field_06931
F6932,field_06932
F6933,field_06933
F6934,field_06934
F6935,field_06935
F6936,field_06936
F6937,field_06937
F6938,field_06938
F6939,field_06939
F6940,field_06940
F6941,field_06941
F6942,field_06942
F6943,field_06943
F6944,field_06944
F6945,field_06945
F6946,field_06946
F6947,field_06947
F6948,field_06948
F6949,field_06949
F6950,field_06950
F6951,field_06951
F6952,field_06952
F6953,field_06953
F6954,field_06954
F6955,field_06955
F6956,field_06956
F6957,field_06957
F6958,field_06958
F6959,field_06959
F6960,field_06960
F6961,field_06961
F6962,field_06962
F6963,field_06963
F6964,field_06964
F6965,field_06965
F6966,field_06966
F6967,field_06967
F6968,field_06968
F6969,field_06969
F6970,field_06970
F6971,field_06971
F6972,field_06972
F6973,field_06973
F6974,field_06974
F6975,field_06975
F6976,field_06976
F6977,field_06977
F6978,field_06978
F6979,field_06979
F6980,field_06980
F6981,field_06981
F6982,field_06982
F6983,field_06983
F6984,field_06984
F6985,field_06985
F6986,field_06986
F6987,field_06987
F6988,field_06988
F6989,field_06989
F6990,field_06990
F6991,field_06991
F6992,field_06992
F6993,field_06993
F6994,field_06994
F6995,field_06995
F6996,field_06996
F6997,field_06997
F6998,field_06998
F6999,field_06999
F7000,field_07000
F7001,field_07001
F7002,field_07002
F7003,field_07003
F7004,field_07004
F7005,field_07005
F7006,field_07006
F7007,field_07007
F7008,field_07008
F7009,field_07009
F7010,field_07010
F7011,field_07011
F7012,field_07012
F7013,field_07013
F7014,field_07014
F7015,field_07015
F7016,field_07016
F7017,field_07017
F7018,field_07018
F7019,field_07019
F7020,field_07020
F7021,field_07021
F7022,field_07022
F7023,field_07023
F7024,field_07024
F7025,field_07025
F7026,field_07026
F7027,field_07027
F7028,field_07028
F7029,field_07029
F7030,field_07030
F7031,field_07031
F7032,field_07032
F7033,field_07033
F7034,field_07034
F7035,field_07035
F7036,field_07036
F7037,field_07037
F7038,field_07038
F7039,field_07039
F7040,field_07040
F7041,field_07041
F7042,field_07042
F7043,field_07043
F7044,field_07044
F7045,field_07045
F7046,field_07046
F7047,field_07047
F7048,field_07048
F7049,field_07049
F7050,field_07050
F7051,field_07051
F7052,field_07052
F7053,field_07053
F7054,field_07054
F7055,field_07055
F7056,field_07056
F7057,field_07057
F7058,field_07058
F7059,field_07059
F7060,field_07060
F7061,field_07061
F7062,field_07062
F7063,field_07063
F7064,field_07064
F7065,field_07065
F7066,field_07066
F7067,field_07067
F7068,field_07068
F7069,field_07069
F7070,field_07070
F7071,field_07071
F7072,field_07072
F7073,field_07073
F7074,field_07074
F7075,field_07075
F7076,field_07076
F7077,field_07077
F7078,field_07078
F7079,field_07079
F7080,field_07080
F7081,field_07081
F7082,field_07082
F7083,field_07083
F7084,field_07084
F7085,field_07085
F7086,field_07086
F7087,field_07087
F7088,field_07088
F7089,field_07089
F7090,field_07090
F7091,field_07091
F7092,field_07092
F7093,field_07093
F7094,field_07094
F7095,field_07095
F7096,field_07096
F7097,field_07097
F7098,field_07098
F7099,field_07099
F7100,field_07100
F7101,field_07101
F7102,field_07102
F7103,field_07103
F7104,field_07104
F7105,field_07105
F7106,field_07106
F7107,field_07107
F7108,field_07108
F7109,field_07109
F7110,field_07110
F7111,field_07111
F7112,field_07112
F7113,field_07113
F7114,field_07114
F7115,field_07115
F7116,field_07116
F7117,field_07117
F7118,field_07118
F7119,field_07119
F7120,field_07120
F7121,field_07121
F7122,field_07122
F7123,field_07123
F7124,field_07124
F7125,field_07125
F7126,field_07126
F7127,field_07127
F7128,field_07128
F7129,field_07129
F7130,field_07130
F7131,field_07131
F7132,field_07132
F7133,field_07133
F7134,field_07134
F7135,field_07135
F7136,field_07136
F7137,field_07137
F7138,field_07138
F7139,field_07139
F7140,field_07140
F7141,field_07141
F7142,field_07142
F7143,field_07143
F7144,field_07144
F7145,field_07145
F7146,field_07146
F7147,field_07147
F7148,field_07148
F7149,field_07149
F7150,field_07150
F7151,field_07151
F7152,field_07152
F7153,field_07153
F7154,field_07154
F7155,field_07155
F7156,field_07156
F7157,field_07157
F7158,field_07158
F7159,field_07159
F7160,field_07160
F7161,field_07161
F7162,field_07162
F7163,field_07163
F7164,field_07164
F7165,field_07165
F7166,field_07166
F7167,field_07167
F7168,field_07168
F7169,field_07169
F7170,field_07170
F7171,field_07171
F7172,field_07172
F7173,field_07173
F7174,field_07174
F7175,field_07175
F7176,field_07176
F7177,field_07177
F7178,field_07178
F7179,field_07179
F7180,field_07180
F7181,field_07181
F7182,field_07182
F7183,field_07183
F7184,field_07184
F7185,field_07185
F7186,field_07186
F7187,field_07187
F7188,field_07188
F7189,field_07189
F7190,field_07190
F7191,field_07191
F7192,field_07192
F7193,field_07193
F7194,field_07194
F7195,field_07195
F7196,field_07196
F7197,field_07197
F7198,field_07198
F7199,field_07199
F7200,field_07200
F7201,field_07201
F7202,field_07202
F7203,field_07203
F7204,field_07204
F7205,field_07205
F7206,field_07206
F7207,field_07207
F7208,field_07208
F7209,field_07209
F7210,field_07210
F7211,field_07211
F7212,field_07212
F7213,field_07213
F7214,field_07214
F7215,field_07215
F7216,field_07216
F7217,field_07217
F7218,field_07218
F7219,field_07219
F7220,field_07220
F7221,field_07221
F7222,field_07222
F7223,field_07223
F7224,field_07224
F7225,field_07225
F7226,field_07226
F7227,field_07227
F7228,field_07228
F7229,field_07229
F7230,field_07230
F7231,field_07231
F7232,field_07232
F7233,field_07233
F7234,field_07234
F7235,field_07235
F7236,field_07236
F7237,field_07237
F7238,field_07238
F7239,field_07239
F7240,field_07240
F7241,field_07241
F7242,field_07242
F7243,field_07243
F7244,field_07244
F7245,field_07245
F7246,field_07246
F7247,field_07247
F7248,field_07248
F7249,field_07249
F7250,field_07250
F7251,field_07251
F7252,field_07252
F7253,field_07253
F7254,field_07254
F7255,field_07255
F7256,field_07256
F7257,field_07257
F7258,field_07258
F7259,field_07259
F7260,field_07260
F7261,field_07261
F7262,field_07262
F7263,field_07263
F7264,field_07264
F7265,field_07265
F7266,field_07266
F7267,field_07267
F7268,field_07268
F7269,field_07269
F7270,field_07270
F7271,field_07271
F7272,field_07272
F7273,field_07273
F7274,field_07274
F7275,field_07275
F7276,field_07276
F7277,field_07277
F7278,field_07278
F7279,field_07279
F7280,field_07280
F7281,field_07281
F7282,field_07282
F7283,field_07283
F7284,field_07284
F7285,field_07285
F7286,field_07286
F7287,field_07287
F7288,field_07288
F7289,field_07289
F7290,field_07290
F7291,field_07291
F7292,field_07292
F7293,field_07293
F7294,field_07294
F7295,field_07295
F7296,field_07296
F7297,field_07297
F7298,field_07298
F7299,field_07299
F7300,field_07300
F7301,field_07301
F7302,field_07302
F7303,field_07303
F7304,field_07304
F7305,field_07305
F7306,field_07306
F7307,field_07307
F7308,field_07308
F7309,field_07309
F7310,field_07310
F7311,field_07311
F7312,field_07312
F7313,field_07313
F7314,field_07314
F7315,field_07315
F7316,field_07316
F7317,field_07317
F7318,field_07318
F7319,field_07319
F7320,field_07320
F7321,field_07321
F7322,field_07322
F7323,field_07323
F7324,field_07324
F7325,field_07325
F7326,field_07326
F7327,field_07327
F7328,field_07328
F7329,field_07329
F7330,field_07330
F7331,field_07331
F7332,field_07332
F7333,field_07333
F7334,field_07334
F7335,field_07335
F7336,field_07336
F7337,field_07337
F7338,field_07338
F7339,field_07339
F7340,field_07340
F7341,field_07341
F7342,field_07342
F7343,field_07343
F7344,field_07344
F7345,field_07345
F7346,field_07346
F7347,field_07347
F7348,field_07348
F7349,field_07349
F7350,field_07350
F7351,field_07351
F7352,field_07352
F7353,field_07353
F7354,field_07354
F7355,field_07355
F7356,field_07356
F7357,field_07357
F7358,field_07358
F7359,field_07359
F7360,field_07360
F7361,field_07361
F7362,field_07362
F7363,field_07363
F7364,field_07364
F7365,field_07365
F7366,field_07366
F7367,field_07367
F7368,field_07368
F7369,field_07369
F7370,field_07370
F7371,field_07371
F7372,field_07372
F7373,field_07373
F7374,field_07374
F7375,field_07375
F7376,field_07376
F7377,field_07377
F7378,field_07378
F7379,field_07379
F7380,field_07380
F7381,field_07381
F7382,field_07382
F7383,field_07383
F7384,field_07384
F7385,field_07385
F7386,field_07386
F7387,field_07387
F7388,field_07388
F7389,field_07389
F7390,field_07390
F7391,field_07391
F7392,field_07392
F7393,field_07393
F7394,field_07394
F7395,field_07395
F7396,field_07396
F7397,field_07397
F7398,field_07398
F7399,field_07399
F7400,field_07400
F7401,field_07401
F7402,field_07402
F7403,field_07403
F7404,field_07404
F7405,field_07405
F7406,field_07406
F7407,field_07407
F7408,field_07408
F7409,field_07409
F7410,field_07410
F7411,field_07411
F7412,field_07412
F7413,field_07413
F7414,field_07414
F7415,field_07415
F7416,field_07416
F7417,field_07417
F7418,field_07418
F7419,field_07419
F7420,field_07420
F7421,field_07421
F7422,field_07422
F7423,field_07423
F7424,field_07424
F7425,field_07425
F7426,field_07426
F7427,field_07427
F7428,field_07428
F7429,field_07429
F7430,field_07430
F7431,field_07431
F7432,field_07432
F7433,field_07433
F7434,field_07434
F7435,field_07435
F7436,field_07436
F7437,field_07437
F7438,field_07438
F7439,field_07439
F7440,field_07440
F7441,field_07441
F7442,field_07442
F7443,field_07443
F7444,field_07444
F7445,field_07445
F7446,field_07446
F7447,field_07447
F7448,field_07448
F7449,field_07449
F7450,field_07450
F7451,field_07451
F7452,field_07452
F7453,field_07453
F7454,field_07454
F7455,field_07455
F7456,field_07456
F7457,field_07457
F7458,field_07458
F7459,field_07459
F7460,field_07460
F7461,field_07461
F7462,field_07462
F7463,field_07463
F7464,field_07464
F7465,field_07465
F7466,field_07466
F7467,field_07467
F7468,field_07468
F7469,field_07469
F7470,field_07470
F7471,field_07471
F7472,field_07472
F7473,field_07473
F7474,field_07474
F7475,field_07475
F7476,field_07476
F7477,field_07477
F7478,field_07478
F7479,field_07479
F7480,field_07480
F7481,field_07481
F7482,field_07482
F7483,field_07483
F7484,field_07484
F7485,field_07485
F7486,field_07486
F7487,field_07487
F7488,field_07488
F7489,field_07489
F7490,field_07490
F7491,field_07491
F7492,field_07492
F7493,field_07493
F7494,field_07494
F7495,field_07495
F7496,field_07496
F7497,field_07497
F7498,field_07498
F7499,field_07499
F7500,field_07500
F7501,field_07501
F7502,field_07502
F7503,field_07503
F7504,field_07504
F7505,field_07505
F7506,field_07506
F7507,field_07507
F7508,field_07508
F7509,field_07509
F7510,field_07510
F7511,field_07511
F7512,field_07512
F7513,field_07513
F7514,field_07514
F7515,field_07515
F7516,field_07516
F7517,field_07517
F7518,field_07518
F7519,field_07519
F7520,field_07520
F7521,field_07521
F7522,field_07522
F7523,field_07523
F7524,field_07524
F7525,field_07525
F7526,field_07526
F7527,field_07527
F7528,field_07528
F7529,field_07529
F7530,field_07530
F7531,field_07531
F7532,field_07532
F7533,field_07533
F7534,field_07534
F7535,field_07535
F7536,field_07536
F7537,field_07537
F7538,field_07538
F7539,field_07539
F7540,field_07540
F7541,field_07541
F7542,field_07542
F7543,field_07543
F7544,field_07544
F7545,field_07545
F7546,field_07546
F7547,field_07547
F7548,field_07548
F7549,field_07549
F7550,field_07550
F7551,field_07551
F7552,field_07552
F7553,field_07553
F7554,field_07554
F7555,field_07555
F7556,field_07556
F7557,field_07557
F7558,field_07558
F7559,field_07559
F7560,field_07560
F7561,field_07561
F7562,field_07562
F7563,field_07563
F7564,field_07564
F7565,field_07565
F7566,field_07566
F7567,field_07567
F7568,field_07568
F7569,field_07569
F7570,field_07570
F7571,field_07571
F7572,field_07572
F7573,field_07573
F7574,field_07574
F7575,field_07575
F7576,field_07576
F7577,field_07577
F7578,field_07578
F7579,field_07579
F7580,field_07580
F7581,field_07581
F7582,field_07582
F7583,field_07583
F7584,field_07584
F7585,field_07585
F7586,field_07586
F7587,field_07587
F7588,field_07588
F7589,field_07589
F7590,field_07590
F7591,field_07591
F7592,field_07592
F7593,field_07593
F7594,field_07594
F7595,field_07595
F7596,field_07596
F7597,field_07597
F7598,field_07598
F7599,field_07599
F7600,field_07600
F7601,field_07601
F7602,field_07602
F7603,field_07603
F7604,field_07604
F7605,field_07605
F7606,field_07606
F7607,field_07607
F7608,field_07608
F7609,field_07609
F7610,field_07610
F7611,field_07611
F7612,field_07612
F7613,field_07613
F7614,field_07614
F7615,field_07615
F7616,field_07616
F7617,field_07617
F7618,field_07618
F7619,field_07619
F7620,field_07620
F7621,field_07621
F7622,field_07622
F7623,field_07623
F7624,field_07624
F7625,field_07625
F7626,field_07626
F7627,field_07627
F7628,field_07628
F7629,field_07629
F7630,field_07630
F7631,field_07631
F7632,field_07632
F7633,field_07633
F7634,field_07634
F7635,field_07635
F7636,field_07636
F7637,field_07637
F7638,field_07638
F7639,field_07639
F7640,field_07640
F7641,field_07641
F7642,field_07642
F7643,field_07643
F7644,field_07644
F7645,field_07645
F7646,field_07646
F7647,field_07647
F7648,field_07648
F7649,field_07649
F7650,field_07650
F7651,field_07651
F7652,field_07652
F7653,field_07653
F7654,field_07654
F7655,field_07655
F7656,field_07656
F7657,field_07657
F7658,field_07658
F7659,field_07659
F7660,field_07660
F7661,field_07661
F7662,field_07662
F7663,field_07663
F7664,field_07664
F7665,field_07665
F7666,field_07666
F7667,field_07667
F7668,field_07668
F7669,field_07669
F7670,field_07670
F7671,field_07671
F7672,field_07672
F7673,field_07673
F7674,field_07674
F7675,field_07675
F7676,field_07676
F7677,field_07677
F7678,field_07678
F7679,field_07679
F7680,field_07680
F7681,field_07681
F7682,field_07682
F7683,field_07683
F7684,field_07684
F7685,field_07685
F7686,field_07686
F7687,field_07687
F7688,field_07688
F7689,field_07689
F7690,field_07690
F7691,field_07691
F7692,field_07692
F7693,field_07693
F7694,field_07694
F7695,field_07695
F7696,field_07696
F7697,field_07697
F7698,field_07698
F7699,field_07699
F7700,field_07700
F7701,field_07701
F7702,field_07702
F7703,field_07703
F7704,field_07704
F7705,field_07705
F7706,field_07706
F7707,field_07707
F7708,field_07708
F7709,field_07709
F7710,field_07710
F7711,field_07711
F7712,field_07712
F7713,field_07713
F7714,field_07714
F7715,field_07715
F7716,field_07716
F7717,field_07717
F7718,field_07718
F7719,field_07719
F7720,field_07720
F7721,field_07721
F7722,field_07722
F7723,field_07723
F7724,field_07724
F7725,field_07725
F7726,field_07726
F7727,field_07727
F7728,field_07728
F7729,field_07729
F7730,field_07730
F7731,field_07731
F7732,field_07732
F7733,field_07733
F7734,field_07734
F7735,field_07735
F7736,field_07736
F7737,field_07737
F7738,field_07738
F7739,field_07739
F7740,field_07740
F7741,field_07741
F7742,field_07742
F7743,field_07743
F7744,field_07744
F7745,field_07745
F7746,field_07746
F7747,field_07747
F7748,field_07748
F7749,field_07749
F7750,field_07750
F7751,field_07751
F7752,field_07752
F7753,field_07753
F7754,field_07754
F7755,field_07755
F7756,field_07756
F7757,field_07757
F7758,field_07758
F7759,field_07759
F7760,field_07760
F7761,field_07761
F7762,field_07762
F7763,field_07763
F7764,field_07764
F7765,field_07765
F7766,field_07766
F7767,field_07767
F7768,field_07768
F7769,field_07769
F7770,field_07770
F7771,field_07771
F7772,field_07772
F7773,field_07773
F7774,field_07774
F7775,field_07775
F7776,field_07776
F7777,field_07777
F7778,field_07778
F7779,field_07779
F7780,field_07780
F7781,field_07781
F7782,field_07782
F7783,field_07783
F7784,field_07784
F7785,field_07785
F7786,field_07786
F7787,field_07787
F7788,field_07788
F7789,field_07789
F7790,field_07790
F7791,field_07791
F7792,field_07792
F7793,field_07793
F7794,field_07794
F7795,field_07795
F7796,field_07796
F7797,field_07797
F7798,field_07798
F7799,field_07799
F7800,field_07800
F7801,field_07801
F7802,field_07802
F7803,field_07803
F7804,field_07804
F7805,field_07805
F7806,field_07806
F7807,field_07807
F7808,field_07808
F7809,field_07809
F7810,field_07810
F7811,field_07811
F7812,field_07812
F7813,field_07813
F7814,field_07814
F7815,field_07815
F7816,field_07816
F7817,field_07817
F7818,field_07818
F7819,field_07819
F7820,field_07820
F7821,field_07821
F7822,field_07822
F7823,field_07823
F7824,field_07824
F7825,field_07825
F7826,field_07826
F7827,field_07827
F7828,field_07828
F7829,field_07829
F7830,field_07830
F7831,field_07831
F7832,field_07832
F7833,field_07833
F7834,field_07834
F7835,field_07835
F7836,field_07836
F7837,field_07837
F7838,field_07838
F7839,field_07839
F7840,field_07840
F7841,field_07841
F7842,field_07842
F7843,field_07843
F7844,field_07844
F7845,field_07845
F7846,field_07846
F7847,field_07847
F7848,field_07848
F7849,field_07849
F7850,field_07850
F7851,field_07851
F7852,field_07852
F7853,field_07853
F7854,field_07854
F7855,field_07855
F7856,field_07856
F7857,field_07857
F7858,field_07858
F7859,field_07859
F7860,field_07860
F7861,field_07861
F7862,field_07862
F7863,field_07863
F7864,field_07864
F7865,field_07865
F7866,field_07866
F7867,field_07867
F7868,field_07868
F7869,field_07869
F7870,field_07870
F7871,field_07871
F7872,field_07872
F7873,field_07873
F7874,field_07874
F7875,field_07875
F7876,field_07876
F7877,field_07877
F7878,field_07878
F7879,field_07879
F7880,field_07880
F7881,field_07881
F7882,field_07882
F7883,field_07883
F7884,field_07884
F7885,field_07885
F7886,field_07886
F7887,field_07887
F7888,field_07888
F7889,field_07889
F7890,field_07890
F7891,field_07891
F7892,field_07892
F7893,field_07893
F7894,field_07894
F7895,field_07895
F7896,field_07896
F7897,field_07897
F7898,field_07898
F7899,field_07899
F7900,field_07900
F7901,field_07901
F7902,field_07902
F7903,field_07903
F7904,field_07904
F7905,field_07905
F7906,field_07906
F7907,field_07907
F7908,field_07908
F7909,field_07909
F7910,field_07910
F7911,field_07911
F7912,field_07912
F7913,field_07913
F7914,field_07914
F7915,field_07915
F7916,field_07916
F7917,field_07917
F7918,field_07918
F7919,field_07919
F7920,field_07920
F7921,field_07921
F7922,field_07922
F7923,field_07923
F7924,field_07924
F7925,field_07925
F7926,field_07926
F7927,field_07927
F7928,field_07928
F7929,field_07929
F7930,field_07930
F7931,field_07931
F7932,field_07932
F7933,field_07933
F7934,field_07934
F7935,field_07935
F7936,field_07936
F7937,field_07937
F7938,field_07938
F7939,field_07939
F7940,field_07940
F7941,field_07941
F7942,field_07942
F7943,field_07943
F7944,field_07944
F7945,field_07945
F7946,field_07946
F7947,field_07947
F7948,field_07948
F7949,field_07949
F7950,field_07950
F7951,field_07951
F7952,field_07952
F7953,field_07953
F7954,field_07954
F7955,field_07955
F7956,field_07956
F7957,field_07957
F7958,field_07958
F7959,field_07959
F7960,field_07960
F7961,field_07961
F7962,field_07962
F7963,field_07963
F7964,field_07964
F7965,field_07965
F7966,field_07966
F7967,field_07967
F7968,field_07968
F7969,field_07969
F7970,field_07970
F7971,field_07971
F7972,field_07972
F7973,field_07973
F7974,field_07974
F7975,field_07975
F7976,field_07976
F7977,field_07977
F7978,field_07978
F7979,field_07979
F7980,field_07980
F7981,field_07981
F7982,field_07982
F7983,field_07983
F7984,field_07984
F7985,field_07985
F7986,field_07986
F7987,field_07987
F7988,field_07988
F7989,field_07989
F7990,field_07990
F7991,field_07991
F7992,field_07992
F7993,field_07993
F7994,field_07994
F7995,field_07995
F7996,field_07996
F7997,field_07997
F7998,field_07998
F7999,field_07999
F8000,field_08000
F8001,field_08001
F8002,field_08002
F8003,field_08003
F8004,field_08004
F8005,field_08005
F8006,field_08006
F8007,field_08007
F8008,field_08008
F8009,field_08009
F8010,field_08010
F8011,field_08011
F8012,field_08012
F8013,field_08013
F8014,field_08014
F8015,field_08015
F8016,field_08016
F8017,field_08017
F8018,field_08018
F8019,field_08019
F8020,field_08020
F8021,field_08021
F8022,field_08022
F8023,field_08023
F8024,field_08024
F8025,field_08025
F8026,field_08026
F8027,field_08027
F8028,field_08028
F8029,field_08029
F8030,field_08030
F8031,field_08031
F8032,field_08032
F8033,field_08033
F8034,field_08034
F8035,field_08035
F8036,field_08036
F8037,field_08037
F8038,field_08038
F8039,field_08039
F8040,field_08040
F8041,field_08041
F8042,field_08042
F8043,field_08043
F8044,field_08044
F8045,field_08045
F8046,field_08046
F8047,field_08047
F8048,field_08048
F8049,field_08049
F8050,field_08050
F8051,field_08051
F8052,field_08052
F8053,field_08053
F8054,field_08054
F8055,field_08055
F8056,field_08056
F8057,field_08057
F8058,field_08058
F8059,field_08059
F8060,field_08060
F8061,field_08061
F8062,field_08062
F8063,field_08063
F8064,field_08064
F8065,field_08065
F8066,field_08066
F8067,field_08067
F8068,field_08068
F8069,field_08069
F8070,field_08070
F8071,field_08071
F8072,field_08072
F8073,field_08073
F8074,field_08074
F8075,field_08075
F8076,field_08076
F8077,field_08077
F8078,field_08078
F8079,field_08079
F8080,field_08080
F8081,field_08081
F8082,field_08082
F8083,field_08083
F8084,field_08084
F8085,field_08085
F8086,field_08086
F8087,field_08087
F8088,field_08088
F8089,field_08089
F8090,field_08090
F8091,field_08091
F8092,field_08092
F8093,field_08093
F8094,field_08094
F8095,field_08095
F8096,field_08096
F8097,field_08097
F8098,field_08098
F8099,field_08099
F8100,field_08100
F8101,field_08101
F8102,field_08102
F8103,field_08103
F8104,field_08104
F8105,field_08105
F8106,field_08106
F8107,field_08107
F8108,field_08108
F8109,field_08109
F8110,field_08110
F8111,field_08111
F8112,field_08112
F8113,field_08113
F8114,field_08114
F8115,field_08115
F8116,field_08116
F8117,field_08117
F8118,field_08118
F8119,field_08119
F8120,field_08120
F8121,field_08121
F8122,field_08122
F8123,field_08123
F8124,field_08124
F8125,field_08125
F8126,field_08126
F8127,field_08127
F8128,field_08128
F8129,field_08129
F8130,field_08130
F8131,field_08131
F8132,field_08132
F8133,field_08133
F8134,field_08134
F8135,field_08135
F8136,field_08136
F8137,field_08137
F8138,field_08138
F8139,field_08139
F8140,field_08140
F8141,field_08141
F8142,field_08142
F8143,field_08143
F8144,field_08144
F8145,field_08145
F8146,field_08146
F8147,field_08147
F8148,field_08148
F8149,field_08149
F8150,field_08150
F8151,field_08151
F8152,field_08152
F8153,field_08153
F8154,field_08154
F8155,field_08155
F8156,field_08156
F8157,field_08157
F8158,field_08158
F8159,field_08159
F8160,field_08160
F8161,field_08161
F8162,field_08162
F8163,field_08163
F8164,field_08164
F8165,field_08165
F8166,field_08166
F8167,field_08167
F8168,field_08168
F8169,field_08169
F8170,field_08170
F8171,field_08171
F8172,field_08172
F8173,field_08173
F8174,field_08174
F8175,field_08175
F8176,field_08176
F8177,field_08177
F8178,field_08178
F8179,field_08179
F8180,field_08180
F8181,field_08181
F8182,field_08182
F8183,field_08183
F8184,field_08184
F8185,field_08185
F8186,field_08186
F8187,field_08187
F8188,field_08188
F8189,field_08189
F8190,field_08190
F8191,field_08191
F8192,field_08192
F8193,field_08193
F8194,field_08194
F8195,field_08195
F8196,field_08196
F8197,field_08197
F8198,field_08198
F8199,field_08199
F8200,field_08200
F8201,field_08201
F8202,field_08202
F8203,field_08203
F8204,field_08204
F8205,field_08205
F8206,field_08206
F8207,field_08207
F8208,field_08208
F8209,field_08209
F8210,field_08210
F8211,field_08211
F8212,field_08212
F8213,field_08213
F8214,field_08214
F8215,field_08215
F8216,field_08216
F8217,field_08217
F8218,field_08218
F8219,field_08219
F8220,field_08220
F8221,field_08221
F8222,field_08222
F8223,field_08223
F8224,field_08224
F8225,field_08225
F8226,field_08226
F8227,field_08227
F8228,field_08228
F8229,field_08229
F8230,field_08230
F8231,field_08231
F8232,field_08232
F8233,field_08233
F8234,field_08234
F8235,field_08235
F8236,field_08236
F8237,field_08237
F8238,field_08238
F8239,field_08239
F8240,field_08240
F8241,field_08241
F8242,field_08242
F8243,field_08243
F8244,field_08244
F8245,field_08245
F8246,field_08246
F8247,field_08247
F8248,field_08248
F8249,field_08249
F8250,field_08250
F8251,field_08251
F8252,field_08252
F8253,field_08253
F8254,field_08254
F8255,field_08255
F8256,field_08256
F8257,field_08257
F8258,field_08258
F8259,field_08259
F8260,field_08260
F8261,field_08261
F8262,field_08262
F8263,field_08263
F8264,field_08264
F8265,field_08265
F8266,field_08266
F8267,field_08267
F8268,field_08268
F8269,field_08269
F8270,field_08270
F8271,field_08271
F8272,field_08272
F8273,field_08273
F8274,field_08274
F8275,field_08275
F8276,field_08276
F8277,field_08277
F8278,field_08278
F8279,field_08279
F8280,field_08280
F8281,field_08281
F8282,field_08282
F8283,field_08283
F8284,field_08284
F8285,field_08285
F8286,field_08286
F8287,field_08287
F8288,field_08288
F8289,field_08289
F8290,field_08290
F8291,field_08291
F8292,field_08292
F8293,field_08293
F8294,field_08294
F8295,field_08295
F8296,field_08296
F8297,field_08297
F8298,field_08298
F8299,field_08299
F8300,field_08300
F8301,field_08301
F8302,field_08302
F8303,field_08303
F8304,field_08304
F8305,field_08305
F8306,field_08306
F8307,field_08307
F8308,field_08308
F8309,field_08309
F8310,field_08310
F8311,field_08311
F8312,field_08312
F8313,field_08313
F8314,field_08314
F8315,field_08315
F8316,field_08316
F8317,field_08317
F8318,field_08318
F8319,field_08319
F8320,field_08320
F8321,field_08321
F8322,field_08322
F8323,field_08323
F8324,field_08324
F8325,field_08325
F8326,field_08326
F8327,field_08327
F8328,field_08328
F8329,field_08329
F8330,field_08330
F8331,field_08331
F8332,field_08332
F8333,field_08333
F8334,field_08334
F8335,field_08335
F8336,field_08336
F8337,field_08337
F8338,field_08338
F8339,field_08339
F8340,field_08340
F8341,field_08341
F8342,field_08342
F8343,field_08343
F8344,field_08344
F8345,field_08345
F8346,field_08346
F8347,field_08347
F8348,field_08348
F8349,field_08349
F8350,field_08350
F8351,field_08351
F8352,field_08352
F8353,field_08353
F8354,field_08354
F8355,field_08355
F8356,field_08356
F8357,field_08357
F8358,field_08358
F8359,field_08359
F8360,field_08360
F8361,field_08361
F8362,field_08362
F8363,field_08363
F8364,field_08364
F8365,field_08365
F8366,field_08366
F8367,field_08367
F8368,field_08368
F8369,field_08369
F8370,field_08370
F8371,field_08371
F8372,field_08372
F8373,field_08373
F8374,field_08374
F8375,field_08375
F8376,field_08376
F8377,field_08377
F8378,field_08378
F8379,field_08379
F8380,field_08380
F8381,field_08381
F8382,field_08382
F8383,field_08383
F8384,field_08384
F8385,field_08385
F8386,field_08386
F8387,field_08387
F8388,field_08388
F8389,field_08389
F8390,field_08390
F8391,field_08391
F8392,field_08392
F8393,field_08393
F8394,field_08394
F8395,field_08395
F8396,field_08396
F8397,field_08397
F8398,field_08398
F8399,field_08399
F8400,field_08400
F8401,field_08401
F8402,field_08402
F8403,field_08403
F8404,field_08404
F8405,field_08405
F8406,field_08406
F8407,field_08407
F8408,field_08408
F8409,field_08409
F8410,field_08410
F8411,field_08411
F8412,field_08412
F8413,field_08413
F8414,field_08414
F8415,field_08415
F8416,field_08416
F8417,field_08417
F8418,field_08418
F8419,field_08419
F8420,field_08420
F8421,field_08421
F8422,field_08422
F8423,field_08423
F8424,field_08424
F8425,field_08425
F8426,field_08426
F8427,field_08427
F8428,field_08428
F8429,field_08429
F8430,field_08430
F8431,field_08431
F8432,field_08432
F8433,field_08433
F8434,field_08434
F8435,field_08435
F8436,field_08436
F8437,field_08437
F8438,field_08438
F8439,field_08439
F8440,field_08440
F8441,field_08441
F8442,field_08442
F8443,field_08443
F8444,field_08444
F8445,field_08445
F8446,field_08446
F8447,field_08447
F8448,field_08448
F8449,field_08449
F8450,field_08450
F8451,field_08451
F8452,field_08452
F8453,field_08453
F8454,field_08454
F8455,field_08455
F8456,field_08456
F8457,field_08457
F8458,field_08458
F8459,field_08459
F8460,field_08460
F8461,field_08461
F8462,field_08462
F8463,field_08463
F8464,field_08464
F8465,field_08465
F8466,field_08466
F8467,field_08467
F8468,field_08468
F8469,field_08469
F8470,field_08470
F8471,field_08471
F8472,field_08472
F8473,field_08473
F8474,field_08474
F8475,field_08475
F8476,field_08476
F8477,field_08477
F8478,field_08478
F8479,field_08479
F8480,field_08480
F8481,field_08481
F8482,field_08482
F8483,field_08483
F8484,field_08484
F8485,field_08485
F8486,field_08486
F8487,field_08487
F8488,field_08488
F8489,field_08489
F8490,field_08490
F8491,field_08491
F8492,field_08492
F8493,field_08493
F8494,field_08494
F8495,field_08495
F8496,field_08496
F8497,field_08497
F8498,field_08498
F8499,field_08499
F8500,field_08500
F8501,field_08501
F8502,field_08502
F8503,field_08503
F8504,field_08504
F8505,field_08505
F8506,field_08506
F8507,field_08507
F8508,field_08508
F8509,field_08509
F8510,field_08510
F8511,field_08511
F8512,field_08512
F8513,field_08513
F8514,field_08514
F8515,field_08515
F8516,field_08516
F8517,field_08517
F8518,field_08518
F8519,field_08519
F8520,field_08520
F8521,field_08521
F8522,field_08522
F8523,field_08523
F8524,field_08524
F8525,field_08525
F8526,field_08526
F8527,field_08527
F8528,field_08528
F8529,field_08529
F8530,field_08530
F8531,field_08531
F8532,field_08532
F8533,field_08533
F8534,field_08534
F8535,field_08535
F8536,field_08536
F8537,field_08537
F8538,field_08538
F8539,field_08539
F8540,field_08540
F8541,field_08541
F8542,field_08542
F8543,field_08543
F8544,field_08544
F8545,field_08545
F8546,field_08546
F8547,field_08547
F8548,field_08548
F8549,field_08549
F8550,field_08550
F8551,field_08551
F8552,field_08552
F8553,field_08553
F8554,field_08554
F8555,field_08555
F8556,field_08556
F8557,field_08557
F8558,field_08558
F8559,field_08559
F8560,field_08560
F8561,field_08561
F8562,field_08562
F8563,field_08563
F8564,field_08564
F8565,field_08565
F8566,field_08566
F8567,field_08567
F8568,field_08568
F8569,field_08569
F8570,field_08570
F8571,field_08571
F8572,field_08572
F8573,field_08573
F8574,field_08574
F8575,field_08575
F8576,field_08576
F8577,field_08577
F8578,field_08578
F8579,field_08579
F8580,field_08580
F8581,field_08581
F8582,field_08582
F8583,field_08583
F8584,field_08584
F8585,field_08585
F8586,field_08586
F8587,field_08587
F8588,field_08588
F8589,field_08589
F8590,field_08590
F8591,field_08591
F8592,field_08592
F8593,field_08593
F8594,field_08594
F8595,field_08595
F8596,field_08596
F8597,field_08597
F8598,field_08598
F8599,field_08599
F8600,field_08600
F8601,field_08601
F8602,field_08602
F8603,field_08603
F8604,field_08604
F8605,field_08605
F8606,field_08606
F8607,field_08607
F8608,field_08608
F8609,field_08609
F8610,field_08610
F8611,field_08611
F8612,field_08612
F8613,field_08613
F8614,field_08614
F8615,field_08615
F8616,field_08616
F8617,field_08617
F8618,field_08618
F8619,field_08619
F8620,field_08620
F8621,field_08621
F8622,field_08622
F8623,field_08623
F8624,field_08624
F8625,field_08625
F8626,field_08626
F8627,field_08627
F8628,field_08628
F8629,field_08629
F8630,field_08630
F8631,field_08631
F8632,field_08632
F8633,field_08633
F8634,field_08634
F8635,field_08635
F8636,field_08636
F8637,field_08637
F8638,field_08638
F8639,field_08639
F8640,field_08640
F8641,field_08641
F8642,field_08642
F8643,field_08643
F8644,field_08644
F8645,field_08645
F8646,field_08646
F8647,field_08647
F8648,field_08648
F8649,field_08649
F8650,field_08650
F8651,field_08651
F8652,field_08652
F8653,field_08653
F8654,field_08654
F8655,field_08655
F8656,field_08656
F8657,field_08657
F8658,field_08658
F8659,field_08659
F8660,field_08660
F8661,field_08661
F8662,field_08662
F8663,field_08663
F8664,field_08664
F8665,field_08665
F8666,field_08666
F8667,field_08667
F8668,field_08668
F8669,field_08669
F8670,field_08670
F8671,field_08671
F8672,field_08672
F8673,field_08673
F8674,field_08674
F8675,field_08675
F8676,field_08676
F8677,field_08677
F8678,field_08678
F8679,field_08679
F8680,field_08680
F8681,field_08681
F8682,field_08682
F8683,field_08683
F8684,field_08684
F8685,field_08685
F8686,field_08686
F8687,field_08687
F8688,field_08688
F8689,field_08689
F8690,field_08690
F8691,field_08691
F8692,field_08692
F8693,field_08693
F8694,field_08694
F8695,field_08695
F8696,field_08696
F8697,field_08697
F8698,field_08698
F8699,field_08699
F8700,field_08700
F8701,field_08701
F8702,field_08702
F8703,field_08703
F8704,field_08704
F8705,field_08705
F8706,field_08706
F8707,field_08707
F8708,field_08708
F8709,field_08709
F8710,field_08710
F8711,field_08711
F8712,field_08712
F8713,field_08713
F8714,field_08714
F8715,field_08715
F8716,field_08716
F8717,field_08717
F8718,field_08718
F8719,field_08719
F8720,field_08720
F8721,field_08721
F8722,field_08722
F8723,field_08723
F8724,field_08724
F8725,field_08725
F8726,field_08726
F8727,field_08727
F8728,field_08728
F8729,field_08729
F8730,field_08730
F8731,field_08731
F8732,field_08732
F8733,field_08733
F8734,field_08734
F8735,field_08735
F8736,field_08736
F8737,field_08737
F8738,field_08738
F8739,field_08739
F8740,field_08740
F8741,field_08741
F8742,field_08742
F8743,field_08743
F8744,field_08744
F8745,field_08745
F8746,field_08746
F8747,field_08747
F8748,field_08748
F8749,field_08749
F8750,field_08750
F8751,field_08751
F8752,field_08752
F8753,field_08753
F8754,field_08754
F8755,field_08755
F8756,field_08756
F8757,field_08757
F8758,field_08758
F8759,field_08759
F8760,field_08760
F8761,field_08761
F8762,field_08762
F8763,field_08763
F8764,field_08764
F8765,field_08765
F8766,field_08766
F8767,field_08767
F8768,field_08768
F8769,field_08769
F8770,field_08770
F8771,field_08771
F8772,field_08772
F8773,field_08773
F8774,field_08774
F8775,field_08775
F8776,field_08776
F8777,field_08777
F8778,field_08778
F8779,field_08779
F8780,field_08780
F8781,field_08781
F8782,field_08782
F8783,field_08783
F8784,field_08784
F8785,field_08785
F8786,field_08786
F8787,field_08787
F8788,field_08788
F8789,field_08789
F8790,field_08790
F8791,field_08791
F8792,field_08792
F8793,field_08793
F8794,field_08794
F8795,field_08795
F8796,field_08796
F8797,field_08797
F8798,field_08798
F8799,field_08799
F8800,field_08800
F8801,field_08801
F8802,field_08802
F8803,field_08803
F8804,field_08804
F8805,field_08805
F8806,field_08806
F8807,field_08807
F8808,field_08808
F8809,field_08809
F8810,field_08810
F8811,field_08811
F8812,field_08812
F8813,field_08813
F8814,field_08814
F8815,field_08815
F8816,field_08816
F8817,field_08817
F8818,field_08818
F8819,field_08819
F8820,field_08820
F8821,field_08821
F8822,field_08822
F8823,field_08823
F8824,field_08824
F8825,field_08825
F8826,field_08826
F8827,field_08827
F8828,field_08828
F8829,field_08829
F8830,field_08830
F8831,field_08831
F8832,field_08832
F8833,field_08833
F8834,field_08834
F8835,field_08835
F8836,field_08836
F8837,field_08837
F8838,field_08838
F8839,field_08839
F8840,field_08840
F8841,field_08841
F8842,field_08842
F8843,field_08843
F8844,field_08844
F8845,field_08845
F8846,field_08846
F8847,field_08847
F8848,field_08848
F8849,field_08849
F8850,field_08850
F8851,field_08851
F8852,field_08852
F8853,field_08853
F8854,field_08854
F8855,field_08855
F8856,field_08856
F8857,field_08857
F8858,field_08858
F8859,field_08859
F8860,field_08860
F8861,field_08861
F8862,field_08862
F8863,field_08863
F8864,field_08864
F8865,field_08865
F8866,field_08866
F8867,field_08867
F8868,field_08868
F8869,field_08869
F8870,field_08870
F8871,field_08871
F8872,field_08872
F8873,field_08873
F8874,field_08874
F8875,field_08875
F8876,field_08876
F8877,field_08877
F8878,field_08878
F8879,field_08879
F8880,field_08880
F8881,field_08881
F8882,field_08882
F8883,field_08883
F8884,field_08884
F8885,field_08885
F8886,field_08886
F8887,field_08887
F8888,field_08888
F8889,field_08889
F8890,field_08890
F8891,field_08891
F8892,field_08892
F8893,field_08893
F8894,field_08894
F8895,field_08895
F8896,field_08896
F8897,field_08897
F8898,field_08898
F8899,field_08899
F8900,field_08900
F8901,field_08901
F8902,field_08902
F8903,field_08903
F8904,field_08904
F8905,field_08905
F8906,field_08906
F8907,field_08907
F8908,field_08908
F8909,field_08909
F8910,field_08910
F8911,field_08911
F8912,field_08912
F8913,field_08913
F8914,field_08914
F8915,field_08915
F8916,field_08916
F8917,field_08917
F8918,field_08918
F8919,field_08919
F8920,field_08920
F8921,field_08921
F8922,field_08922
F8923,field_08923
F8924,field_08924
F8925,field_08925
F8926,field_08926
F8927,field_08927
F8928,field_08928
F8929,field_08929
F8930,field_08930
F8931,field_08931
F8932,field_08932
F8933,field_08933
F8934,field_08934
F8935,field_08935
F8936,field_08936
F8937,field_08937
F8938,field_08938
F8939,field_08939
F8940,field_08940
F8941,field_08941
F8942,field_08942
F8943,field_08943
F8944,field_08944
F8945,field_08945
F8946,field_08946
F8947,field_08947
F8948,field_08948
F8949,field_08949
F8950,field_08950
F8951,field_08951
F8952,field_08952
F8953,field_08953
F8954,field_08954
F8955,field_08955
F8956,field_08956
F8957,field_08957
F8958,field_08958
F8959,field_08959
F8960,field_08960
F8961,field_08961
F8962,field_08962
F8963,field_08963
F8964,field_08964
F8965,field_08965
F8966,field_08966
F8967,field_08967
F8968,field_08968
F8969,field_08969
F8970,field_08970
F8971,field_08971
F8972,field_08972
F8973,field_08973
F8974,field_08974
F8975,field_08975
F8976,field_08976
F8977,field_08977
F8978,field_08978
F8979,field_08979
F8980,field_08980
F8981,field_08981
F8982,field_08982
F8983,field_08983
F8984,field_08984
F8985,field_08985
F8986,field_08986
F8987,field_08987
F8988,field_08988
F8989,field_08989
F8990,field_08990
F8991,field_08991
F8992,field_08992
F8993,field_08993
F8994,field_08994
F8995,field_08995
F8996,field_08996
F8997,field_08997
F8998,field_08998
F8999,field_08999
F9000,field_09000
F9001,field_09001
F9002,field_09002
F9003,field_09003
F9004,field_09004
F9005,field_09005
F9006,field_09006
F9007,field_09007
F9008,field_09008
F9009,field_09009
F9010,field_09010
F9011,field_09011
F9012,field_09012
F9013,field_09013
F9014,field_09014
F9015,field_09015
F9016,field_09016
F9017,field_09017
F9018,field_09018
F9019,field_09019
F9020,field_09020
F9021,field_09021
F9022,field_09022
F9023,field_09023
F9024,field_09024
F9025,field_09025
F9026,field_09026
F9027,field_09027
F9028,field_09028
F9029,field_09029
F9030,field_09030
F9031,field_09031
F9032,field_09032
F9033,field_09033
F9034,field_09034
F9035,field_09035
F9036,field_09036
F9037,field_09037
F9038,field_09038
F9039,field_09039
F9040,field_09040
F9041,field_09041
F9042,field_09042
F9043,field_09043
F9044,field_09044
F9045,field_09045
F9046,field_09046
F9047,field_09047
F9048,field_09048
F9049,field_09049
F9050,field_09050
F9051,field_09051
F9052,field_09052
F9053,field_09053
F9054,field_09054
F9055,field_09055
F9056,field_09056
F9057,field_09057
F9058,field_09058
F9059,field_09059
F9060,field_09060
F9061,field_09061
F9062,field_09062
F9063,field_09063
F9064,field_09064
F9065,field_09065
F9066,field_09066
F9067,field_09067
F9068,field_09068
F9069,field_09069
F9070,field_09070
F9071,field_09071
F9072,field_09072
F9073,field_09073
F9074,field_09074
F9075,field_09075
F9076,field_09076
F9077,field_09077
F9078,field_09078
F9079,field_09079
F9080,field_09080
F9081,field_09081
F9082,field_09082
F9083,field_09083
F9084,field_09084
F9085,field_09085
F9086,field_09086
F9087,field_09087
F9088,field_09088
F9089,field_09089
F9090,field_09090
F9091,field_09091
F9092,field_09092
F9093,field_09093
F9094,field_09094
F9095,field_09095
F9096,field_09096
F9097,field_09097
F9098,field_09098
F9099,field_09099
F9100,field_09100
F9101,field_09101
F9102,field_09102
F9103,field_09103
F9104,field_09104
F9105,field_09105
F9106,field_09106
F9107,field_09107
F9108,field_09108
F9109,field_09109
F9110,field_09110
F9111,field_09111
F9112,field_09112
F9113,field_09113
F9114,field_09114
F9115,field_09115
F9116,field_09116
F9117,field_09117
F9118,field_09118
F9119,field_09119
F9120,field_09120
F9121,field_09121
F9122,field_09122
F9123,field_09123
F9124,field_09124
F9125,field_09125
F9126,field_09126
F9127,field_09127
F9128,field_09128
F9129,field_09129
F9130,field_09130
F9131,field_09131
F9132,field_09132
F9133,field_09133
F9134,field_09134
F9135,field_09135
F9136,field_09136
F9137,field_09137
F9138,field_09138
F9139,field_09139
F9140,field_09140
F9141,field_09141
F9142,field_09142
F9143,field_09143
F9144,field_09144
F9145,field_09145
F9146,field_09146
F9147,field_09147
F9148,field_09148
F9149,field_09149
F9150,field_09150
F9151,field_09151
F9152,field_09152
F9153,field_09153
F9154,field_09154
F9155,field_09155
F9156,field_09156
F9157,field_09157
F9158,field_09158
F9159,field_09159
F9160,field_09160
F9161,field_09161
F9162,field_09162
F9163,field_09163
F9164,field_09164
F9165,field_09165
F9166,field_09166
F9167,field_09167
F9168,field_09168
F9169,field_09169
F9170,field_09170
F9171,field_09171
F9172,field_09172
F9173,field_09173
F9174,field_09174
F9175,field_09175
F9176,field_09176
F9177,field_09177
F9178,field_09178
F9179,field_09179
F9180,field_09180
F9181,field_09181
F9182,field_09182
F9183,field_09183
F9184,field_09184
F9185,field_09185
F9186,field_09186
F9187,field_09187
F9188,field_09188
F9189,field_09189
F9190,field_09190
F9191,field_09191
F9192,field_09192
F9193,field_09193
F9194,field_09194
F9195,field_09195
F9196,field_09196
F9197,field_09197
F9198,field_09198
F9199,field_09199
F9200,field_09200
F9201,field_09201
F9202,field_09202
F9203,field_09203
F9204,field_09204
F9205,field_09205
F9206,field_09206
F9207,field_09207
F9208,field_09208
F9209,field_09209
F9210,field_09210
F9211,field_09211
F9212,field_09212
F9213,field_09213
F9214,field_09214
F9215,field_09215
F9216,field_09216
F9217,field_09217
F9218,field_09218
F9219,field_09219
F9220,field_09220
F9221,field_09221
F9222,field_09222
F9223,field_09223
F9224,field_09224
F9225,field_09225
F9226,field_09226
F9227,field_09227
F9228,field_09228
F9229,field_09229
F9230,field_09230
F9231,field_09231
F9232,field_09232
F9233,field_09233
F9234,field_09234
F9235,field_09235
F9236,field_09236
F9237,field_09237
F9238,field_09238
F9239,field_09239
F9240,field_09240
F9241,field_09241
F9242,field_09242
F9243,field_09243
F9244,field_09244
F9245,field_09245
F9246,field_09246
F9247,field_09247
F9248,field_09248
F9249,field_09249
F9250,field_09250
F9251,field_09251
F9252,field_09252
F9253,field_09253
F9254,field_09254
F9255,field_09255
F9256,field_09256
F9257,field_09257
F9258,field_09258
F9259,field_09259
F9260,field_09260
F9261,field_09261
F9262,field_09262
F9263,field_09263
F9264,field_09264
F9265,field_09265
F9266,field_09266
F9267,field_09267
F9268,field_09268
F9269,field_09269
F9270,field_09270
F9271,field_09271
F9272,field_09272
F9273,field_09273
F9274,field_09274
F9275,field_09275
F9276,field_09276
F9277,field_09277
F9278,field_09278
F9279,field_09279
F9280,field_09280
F9281,field_09281
F9282,field_09282
F9283,field_09283
F9284,field_09284
F9285,field_09285
F9286,field_09286
F9287,field_09287
F9288,field_09288
F9289,field_09289
F9290,field_09290
F9291,field_09291
F9292,field_09292
F9293,field_09293
F9294,field_09294
F9295,field_09295
F9296,field_09296
F9297,field_09297
F9298,field_09298
F9299,field_09299
F9300,field_09300
F9301,field_09301
F9302,field_09302
F9303,field_09303
F9304,field_09304
F9305,field_09305
F9306,field_09306
F9307,field_09307
F9308,field_09308
F9309,field_09309
F9310,field_09310
F9311,field_09311
F9312,field_09312
F9313,field_09313
F9314,field_09314
F9315,field_09315
F9316,field_09316
F9317,field_09317
F9318,field_09318
F9319,field_09319
F9320,field_09320
F9321,field_09321
F9322,field_09322
F9323,field_09323
F9324,field_09324
F9325,field_09325
F9326,field_09326
F9327,field_09327
F9328,field_09328
F9329,field_09329
F9330,field_09330
F9331,field_09331
F9332,field_09332
F9333,field_09333
F9334,field_09334
F9335,field_09335
F9336,field_09336
F9337,field_09337
F9338,field_09338
F9339,field_09339
F9340,field_09340
F9341,field_09341
F9342,field_09342
F9343,field_09343
F9344,field_09344
F9345,field_09345
F9346,field_09346
F9347,field_09347
F9348,field_09348
F9349,field_09349
F9350,field_09350
F9351,field_09351
F9352,field_09352
F9353,field_09353
F9354,field_09354
F9355,field_09355
F9356,field_09356
F9357,field_09357
F9358,field_09358
F9359,field_09359
F9360,field_09360
F9361,field_09361
F9362,field_09362
F9363,field_09363
F9364,field_09364
F9365,field_09365
F9366,field_09366
F9367,field_09367
F9368,field_09368
F9369,field_09369
F9370,field_09370
F9371,field_09371
F9372,field_09372
F9373,field_09373
F9374,field_09374
F9375,field_09375
F9376,field_09376
F9377,field_09377
F9378,field_09378
F9379,field_09379
F9380,field_09380
F9381,field_09381
F9382,field_09382
F9383,field_09383
F9384,field_09384
F9385,field_09385
F9386,field_09386
F9387,field_09387
F9388,field_09388
F9389,field_09389
F9390,field_09390
F9391,field_09391
F9392,field_09392
F9393,field_09393
F9394,field_09394
F9395,field_09395
F9396,field_09396
F9397,field_09397
F9398,field_09398
F9399,field_09399
F9400,field_09400
F9401,field_09401
F9402,field_09402
F9403,field_09403
F9404,field_09404
F9405,field_09405
F9406,field_09406
F9407,field_09407
F9408,field_09408
F9409,field_09409
F9410,field_09410
F9411,field_09411
F9412,field_09412
F9413,field_09413
F9414,field_09414
F9415,field_09415
F9416,field_09416
F9417,field_09417
F9418,field_09418
F9419,field_09419
F9420,field_09420
F9421,field_09421
F9422,field_09422
F9423,field_09423
F9424,field_09424
F9425,field_09425
F9426,field_09426
F9427,field_09427
F9428,field_09428
F9429,field_09429
F9430,field_09430
F9431,field_09431
F9432,field_09432
F9433,field_09433
F9434,field_09434
F9435,field_09435
F9436,field_09436
F9437,field_09437
F9438,field_09438
F9439,field_09439
F9440,field_09440
F9441,field_09441
F9442,field_09442
F9443,field_09443
F9444,field_09444
F9445,field_09445
F9446,field_09446
F9447,field_09447
F9448,field_09448
F9449,field_09449
F9450,field_09450
F9451,field_09451
F9452,field_09452
F9453,field_09453
F9454,field_09454
F9455,field_09455
F9456,field_09456
F9457,field_09457
F9458,field_09458
F9459,field_09459
F9460,field_09460
F9461,field_09461
F9462,field_09462
F9463,field_09463
F9464,field_09464
F9465,field_09465
F9466,field_09466
F9467,field_09467
F9468,field_09468
F9469,field_09469
F9470,field_09470
F9471,field_09471
F9472,field_09472
F9473,field_09473
F9474,field_09474
F9475,field_09475
F9476,field_09476
F9477,field_09477
F9478,field_09478
F9479,field_09479
F9480,field_09480
F9481,field_09481
F9482,field_09482
F9483,field_09483
F9484,field_09484
F9485,field_09485
F9486,field_09486
F9487,field_09487
F9488,field_09488
F9489,field_09489
F9490,field_09490
F9491,field_09491
F9492,field_09492
F9493,field_09493
F9494,field_09494
F9495,field_09495
F9496,field_09496
F9497,field_09497
F9498,field_09498
F9499,field_09499
F9500,field_09500
F9501,field_09501
F9502,field_09502
F9503,field_09503
F9504,field_09504
F9505,field_09505
F9506,field_09506
F9507,field_09507
F9508,field_09508
F9509,field_09509
F9510,field_09510
F9511,field_09511
F9512,field_09512
F9513,field_09513
F9514,field_09514
F9515,field_09515
F9516,field_09516
F9517,field_09517
F9518,field_09518
F9519,field_09519
F9520,field_09520
F9521,field_09521
F9522,field_09522
F9523,field_09523
F9524,field_09524
F9525,field_09525
F9526,field_09526
F9527,field_09527
F9528,field_09528
F9529,field_09529
F9530,field_09530
F9531,field_09531
F9532,field_09532
F9533,field_09533
F9534,field_09534
F9535,field_09535
F9536,field_09536
F9537,field_09537
F9538,field_09538
F9539,field_09539
F9540,field_09540
F9541,field_09541
F9542,field_09542
F9543,field_09543
F9544,field_09544
F9545,field_09545
F9546,field_09546
F9547,field_09547
F9548,field_09548
F9549,field_09549
F9550,field_09550
F9551,field_09551
F9552,field_09552
F9553,field_09553
F9554,field_09554
F9555,field_09555
F9556,field_09556
F9557,field_09557
F9558,field_09558
F9559,field_09559
F9560,field_09560
F9561,field_09561
F9562,field_09562
F9563,field_09563
F9564,field_09564
F9565,field_09565
F9566,field_09566
F9567,field_09567
F9568,field_09568
F9569,field_09569
F9570,field_09570
F9571,field_09571
F9572,field_09572
F9573,field_09573
F9574,field_09574
F9575,field_09575
F9576,field_09576
F9577,field_09577
F9578,field_09578
F9579,field_09579
F9580,field_09580
F9581,field_09581
F9582,field_09582
F9583,field_09583
F9584,field_09584
F9585,field_09585
F9586,field_09586
F9587,field_09587
F9588,field_09588
F9589,field_09589
F9590,field_09590
F9591,field_09591
F9592,field_09592
F9593,field_09593
F9594,field_09594
F9595,field_09595
F9596,field_09596
F9597,field_09597
F9598,field_09598
F9599,field_09599
F9600,field_09600
F9601,field_09601
F9602,field_09602
F9603,field_09603
F9604,field_09604
F9605,field_09605
F9606,field_09606
F9607,field_09607
F9608,field_09608
F9609,field_09609
F9610,field_09610
F9611,field_09611
F9612,field_09612
F9613,field_09613
F9614,field_09614
F9615,field_09615
F9616,field_09616
F9617,field_09617
F9618,field_09618
F9619,field_09619
F9620,field_09620
F9621,field_09621
F9622,field_09622
F9623,field_09623
F9624,field_09624
F9625,field_09625
F9626,field_09626
F9627,field_09627
F9628,field_09628
F9629,field_09629
F9630,field_09630
F9631,field_09631
F9632,field_09632
F9633,field_09633
F9634,field_09634
F9635,field_09635
F9636,field_09636
F9637,field_09637
F9638,field_09638
F9639,field_09639
F9640,field_09640
F9641,field_09641
F9642,field_09642
F9643,field_09643
F9644,field_09644
F9645,field_09645
F9646,field_09646
F9647,field_09647
F9648,field_09648
F9649,field_09649
F9650,field_09650
F9651,field_09651
F9652,field_09652
F9653,field_09653
F9654,field_09654
F9655,field_09655
F9656,field_09656
F9657,field_09657
F9658,field_09658
F9659,field_09659
F9660,field_09660
F9661,field_09661
F9662,field_09662
F9663,field_09663
F9664,field_09664
F9665,field_09665
F9666,field_09666
F9667,field_09667
F9668,field_09668
F9669,field_09669
F9670,field_09670
F9671,field_09671
F9672,field_09672
F9673,field_09673
F9674,field_09674
F9675,field_09675
F9676,field_09676
F9677,field_09677
F9678,field_09678
F9679,field_09679
F9680,field_09680
F9681,field_09681
F9682,field_09682
F9683,field_09683
F9684,field_09684
F9685,field_09685
F9686,field_09686
F9687,field_09687
F9688,field_09688
F9689,field_09689
F9690,field_09690
F9691,field_09691
F9692,field_09692
F9693,field_09693
F9694,field_09694
F9695,field_09695
F9696,field_09696
F9697,field_09697
F9698,field_09698
F9699,field_09699
F9700,field_09700
F9701,field_09701
F9702,field_09702
F9703,field_09703
F9704,field_09704
F9705,field_09705
F9706,field_09706
F9707,field_09707
F9708,field_09708
F9709,field_09709
F9710,field_09710
F9711,field_09711
F9712,field_09712
F9713,field_09713
F9714,field_09714
F9715,field_09715
F9716,field_09716
F9717,field_09717
F9718,field_09718
F9719,field_09719
F9720,field_09720
F9721,field_09721
F9722,field_09722
F9723,field_09723
F9724,field_09724
F9725,field_09725
F9726,field_09726
F9727,field_09727
F9728,field_09728
F9729,field_09729
F9730,field_09730
F9731,field_09731
F9732,field_09732
F9733,field_09733
F9734,field_09734
F9735,field_09735
F9736,field_09736
F9737,field_09737
F9738,field_09738
F9739,field_09739
F9740,field_09740
F9741,field_09741
F9742,field_09742
F9743,field_09743
F9744,field_09744
F9745,field_09745
F9746,field_09746
F9747,field_09747
F9748,field_09748
F9749,field_09749
F9750,field_09750
F9751,field_09751
F9752,field_09752
F9753,field_09753
F9754,field_09754
F9755,field_09755
F9756,field_09756
F9757,field_09757
F9758,field_09758
F9759,field_09759
F9760,field_09760
F9761,field_09761
F9762,field_09762
F9763,field_09763
F9764,field_09764
F9765,field_09765
F9766,field_09766
F9767,field_09767
F9768,field_09768
F9769,field_09769
F9770,field_09770
F9771,field_09771
F9772,field_09772
F9773,field_09773
F9774,field_09774
F9775,field_09775
F9776,field_09776
F9777,field_09777
F9778,field_09778
F9779,field_09779
F9780,field_09780
F9781,field_09781
F9782,field_09782
F9783,field_09783
F9784,field_09784
F9785,field_09785
F9786,field_09786
F9787,field_09787
F9788,field_09788
F9789,field_09789
F9790,field_09790
F9791,field_09791
F9792,field_09792
F9793,field_09793
F9794,field_09794
F9795,field_09795
F9796,field_09796
F9797,field_09797
F9798,field_09798
F9799,field_09799
F9800,field_09800
F9801,field_09801
F9802,field_09802
F9803,field_09803
F9804,field_09804
F9805,field_09805
F9806,field_09806
F9807,field_09807
F9808,field_09808
F9809,field_09809
F9810,field_09810
F9811,field_09811
F9812,field_09812
F9813,field_09813
F9814,field_09814
F9815,field_09815
F9816,field_09816
F9817,field_09817
F9818,field_09818
F9819,field_09819
F9820,field_09820
F9821,field_09821
F9822,field_09822
F9823,field_09823
F9824,field_09824
F9825,field_09825
F9826,field_09826
F9827,field_09827
F9828,field_09828
F9829,field_09829
F9830,field_09830
F9831,field_09831
F9832,field_09832
F9833,field_09833
F9834,field_09834
F9835,field_09835
F9836,field_09836
F9837,field_09837
F9838,field_09838
F9839,field_09839
F9840,field_09840
F9841,field_09841
F9842,field_09842
F9843,field_09843
F9844,field_09844
F9845,field_09845
F9846,field_09846
F9847,field_09847
F9848,field_09848
F9849,field_09849
F9850,field_09850
F9851,field_09851
F9852,field_09852
F9853,field_09853
F9854,field_09854
F9855,field_09855
F9856,field_09856
F9857,field_09857
F9858,field_09858
F9859,field_09859
F9860,field_09860
F9861,field_09861
F9862,field_09862
F9863,field_09863
F9864,field_09864
F9865,field_09865
F9866,field_09866
F9867,field_09867
F9868,field_09868
F9869,field_09869
F9870,field_09870
F9871,field_09871
F9872,field_09872
F9873,field_09873
F9874,field_09874
F9875,field_09875
F9876,field_09876
F9877,field_09877
F9878,field_09878
F9879,field_09879
F9880,field_09880
F9881,field_09881
F9882,field_09882
F9883,field_09883
F9884,field_09884
F9885,field_09885
F9886,field_09886
F9887,field_09887
F9888,field_09888
F9889,field_09889
F9890,field_09890
F9891,field_09891
F9892,field_09892
F9893,field_09893
F9894,field_09894
F9895,field_09895
F9896,field_09896
F9897,field_09897
F9898,field_09898
F9899,field_09899
F9900,field_09900
F9901,field_09901
F9902,field_09902
F9903,field_09903
F9904,field_09904
F9905,field_09905
F9906,field_09906
F9907,field_09907
F9908,field_09908
F9909,field_09909
F9910,field_09910
F9911,field_09911
F9912,field_09912
F9913,field_09913
F9914,field_09914
F9915,field_09915
F9916,field_09916
F9917,field_09917
F9918,field_09918
F9919,field_09919
F9920,field_09920
F9921,field_09921
F9922,field_09922
F9923,field_09923
F9924,field_09924
F9925,field_09925
F9926,field_09926
F9927,field_09927
F9928,field_09928
F9929,field_09929
F9930,field_09930
F9931,field_09931
F9932,field_09932
F9933,field_09933
F9934,field_09934
F9935,field_09935
F9936,field_09936
F9937,field_09937
F9938,field_09938
F9939,field_09939
F9940,field_09940
F9941,field_09941
F9942,field_09942
F9943,field_09943
F9944,field_09944
F9945,field_09945
F9946,field_09946
F9947,field_09947
F9948,field_09948
F9949,field_09949
F9950,field_09950
F9951,field_09951
F9952,field_09952
F9953,field_09953
F9954,field_09954
F9955,field_09955
F9956,field_09956
F9957,field_09957
F9958,field_09958
F9959,field_09959
F9960,field_09960
F9961,field_09961
F9962,field_09962
F9963,field_09963
F9964,field_09964
F9965,field_09965
F9966,field_09966
F9967,field_09967
F9968,field_09968
F9969,field_09969
F9970,field_09970
F9971,field_09971
F9972,field_09972
F9973,field_09973
F9974,field_09974
F9975,field_09975
F9976,field_09976
F9977,field_09977
F9978,field_09978
F9979,field_09979
F9980,field_09980
F9981,field_09981
F9982,field_09982
F9983,field_09983
F9984,field_09984
F9985,field_09985
F9986,field_09986
F9987,field_09987
F9988,field_09988
F9989,field_09989
F9990,field_09990
F9991,field_09991
F9992,field_09992
F9993,field_09993
F9994,field_09994
F9995,field_09995
F9996,field_09996
F9997,field_09997
F9998,field_09998
F9999,field_09999
F10000,field_10000
F10001,field_10001
F10002,field_10002
F10003,field_10003
F10004,field_10004
F10005,field_10005
F10006,field_10006
F10007,field_10007
F10008,field_10008
F10009,field_10009
F10010,field_10010
F10011,field_10011
F10012,field_10012
F10013,field_10013
F10014,field_10014
F10015,field_10015
F10016,field_10016
F10017,field_10017
F10018,field_10018
F10019,field_10019
F10020,field_10020
F10021,field_10021
F10022,field_10022
F10023,field_10023
F10024,field_10024
F10025,field_10025
F10026,field_10026
F10027,field_10027
F10028,field_10028
F10029,field_10029
F10030,field_10030
F10031,field_10031
F10032,field_10032
F10033,field_10033
F10034,field_10034
F10035,field_10035
F10036,field_10036
F10037,field_10037
F10038,field_10038
F10039,field_10039
F10040,field_10040
F10041,field_10041
F10042,field_10042
F10043,field_10043
F10044,field_10044
F10045,field_10045
F10046,field_10046
F10047,field_10047
F10048,field_10048
F10049,field_10049
F10050,field_10050
F10051,field_10051
F10052,field_10052
F10053,field_10053
F10054,field_10054
F10055,field_10055
F10056,field_10056
F10057,field_10057
F10058,field_10058
F10059,field_10059
F10060,field_10060
F10061,field_10061
F10062,field_10062
F10063,field_10063
F10064,field_10064
F10065,field_10065
F10066,field_10066
F10067,field_10067
F10068,field_10068
F10069,field_10069
F10070,field_10070
F10071,field_10071
F10072,field_10072
F10073,field_10073
F10074,field_10074
F10075,field_10075
F10076,field_10076
F10077,field_10077
F10078,field_10078
F10079,field_10079
F10080,field_10080
F10081,field_10081
F10082,field_10082
F10083,field_10083
F10084,field_10084
F10085,field_10085
F10086,field_10086
F10087,field_10087
F10088,field_10088
F10089,field_10089
F10090,field_10090
F10091,field_10091
F10092,field_10092
F10093,field_10093
F10094,field_10094
F10095,field_10095
F10096,field_10096
F10097,field_10097
F10098,field_10098
F10099,field_10099
F10100,field_10100
F10101,field_10101
F10102,field_10102
F10103,field_10103
F10104,field_10104
F10105,field_10105
F10106,field_10106
F10107,field_10107
F10108,field_10108
F10109,field_10109
F10110,field_10110
F10111,field_10111
F10112,field_10112
F10113,field_10113
F10114,field_10114
F10115,field_10115
F10116,field_10116
F10117,field_10117
F10118,field_10118
F10119,field_10119
F10120,field_10120
F10121,field_10121
F10122,field_10122
F10123,field_10123
F10124,field_10124
F10125,field_10125
F10126,field_10126
F10127,field_10127
F10128,field_10128
F10129,field_10129
F10130,field_10130
F10131,field_10131
F10132,field_10132
F10133,field_10133
F10134,field_10134
F10135,field_10135
F10136,field_10136
F10137,field_10137
F10138,field_10138
F10139,field_10139
F10140,field_10140
F10141,field_10141
F10142,field_10142
F10143,field_10143
F10144,field_10144
F10145,field_10145
F10146,field_10146
F10147,field_10147
F10148,field_10148
F10149,field_10149
F10150,field_10150
F10151,field_10151
F10152,field_10152
F10153,field_10153
F10154,field_10154
F10155,field_10155
F10156,field_10156
F10157,field_10157
F10158,field_10158
F10159,field_10159
F10160,field_10160
F10161,field_10161
F10162,field_10162
F10163,field_10163
F10164,field_10164
F10165,field_10165
F10166,field_10166
F10167,field_10167
F10168,field_10168
F10169,field_10169
F10170,field_10170
F10171,field_10171
F10172,field_10172
F10173,field_10173
F10174,field_10174
F10175,field_10175
F10176,field_10176
F10177,field_10177
F10178,field_10178
F10179,field_10179
F10180,field_10180
F10181,field_10181
F10182,field_10182
F10183,field_10183
F10184,field_10184
F10185,field_10185
F10186,field_10186
F10187,field_10187
F10188,field_10188
F10189,field_10189
F10190,field_10190
F10191,field_10191
F10192,field_10192
F10193,field_10193
F10194,field_10194
F10195,field_10195
F10196,field_10196
F10197,field_10197
F10198,field_10198
F10199,field_10199
F10200,field_10200
F10201,field_10201
F10202,field_10202
F10203,field_10203
F10204,field_10204
F10205,field_10205
F10206,field_10206
F10207,field_10207
F10208,field_10208
F10209,field_10209
F10210,field_10210
F10211,field_10211
F10212,field_10212
F10213,field_10213
F10214,field_10214
F10215,field_10215
F10216,field_10216
F10217,field_10217
F10218,field_10218
F10219,field_10219
F10220,field_10220
F10221,field_10221
F10222,field_10222
F10223,field_10223
F10224,field_10224
F10225,field_10225
F10226,field_10226
F10227,field_10227
F10228,field_10228
F10229,field_10229
F10230,field_10230
F10231,field_10231
F10232,field_10232
F10233,field_10233
F10234,field_10234
F10235,field_10235
F10236,field_10236
F10237,field_10237
F10238,field_10238
F10239,field_10239
F10240,field_10240
F10241,field_10241
F10242,field_10242
F10243,field_10243
F10244,field_10244
F10245,field_10245
F10246,field_10246
F10247,field_10247
F10248,field_10248
F10249,field_10249
F10250,field_10250
F10251,field_10251
F10252,field_10252
F10253,field_10253
F10254,field_10254
F10255,field_10255
F10256,field_10256
F10257,field_10257
F10258,field_10258
F10259,field_10259
F10260,field_10260
F10261,field_10261
F10262,field_10262
F10263,field_10263
F10264,field_10264
F10265,field_10265
F10266,field_10266
F10267,field_10267
F10268,field_10268
F10269,field_10269
F10270,field_10270
F10271,field_10271
F10272,field_10272
F10273,field_10273
F10274,field_10274
F10275,field_10275
F10276,field_10276
F10277,field_10277
F10278,field_10278
F10279,field_10279
F10280,field_10280
F10281,field_10281
F10282,field_10282
F10283,field_10283
F10284,field_10284
F10285,field_10285
F10286,field_10286
F10287,field_10287
F10288,field_10288
F10289,field_10289
F10290,field_10290
F10291,field_10291
F10292,field_10292
F10293,field_10293
F10294,field_10294
F10295,field_10295
F10296,field_10296
F10297,field_10297
F10298,field_10298
F10299,field_10299
F10300,field_10300
F10301,field_10301
F10302,field_10302
F10303,field_10303
F10304,field_10304
F10305,field_10305
F10306,field_10306
F10307,field_10307
F10308,field_10308
F10309,field_10309
F10310,field_10310
F10311,field_10311
F10312,field_10312
F10313,field_10313
F10314,field_10314
F10315,field_10315
F10316,field_10316
F10317,field_10317
F10318,field_10318
F10319,field_10319
F10320,field_10320
F10321,field_10321
F10322,field_10322
F10323,field_10323
F10324,field_10324
F10325,field_10325
F10326,field_10326
F10327,field_10327
F10328,field_10328
F10329,field_10329
F10330,field_10330
F10331,field_10331
F10332,field_10332
F10333,field_10333
F10334,field_10334
F10335,field_10335
F10336,field_10336
F10337,field_10337
F10338,field_10338
F10339,field_10339
F10340,field_10340
F10341,field_10341
F10342,field_10342
F10343,field_10343
F10344,field_10344
F10345,field_10345
F10346,field_10346
F10347,field_10347
F10348,field_10348
F10349,field_10349
F10350,field_10350
F10351,field_10351
F10352,field_10352
F10353,field_10353
F10354,field_10354
F10355,field_10355
F10356,field_10356
F10357,field_10357
F10358,field_10358
F10359,field_10359
F10360,field_10360
F10361,field_10361
F10362,field_10362
F10363,field_10363
F10364,field_10364
F10365,field_10365
F10366,field_10366
F10367,field_10367
F10368,field_10368
F10369,field_10369
F10370,field_10370
F10371,field_10371
F10372,field_10372
F10373,field_10373
F10374,field_10374
F10375,field_10375
F10376,field_10376
F10377,field_10377
F10378,field_10378
F10379,field_10379
F10380,field_10380
F10381,field_10381
F10382,field_10382
F10383,field_10383
F10384,field_10384
F10385,field_10385
F10386,field_10386
F10387,field_10387
F10388,field_10388
F10389,field_10389
F10390,field_10390
F10391,field_10391
F10392,field_10392
F10393,field_10393
F10394,field_10394
F10395,field_10395
F10396,field_10396
F10397,field_10397
F10398,field_10398
F10399,field_10399
F10400,field_10400
F10401,field_10401
F10402,field_10402
F10403,field_10403
F10404,field_10404
F10405,field_10405
F10406,field_10406
F10407,field_10407
F10408,field_10408
F10409,field_10409
F10410,field_10410
F10411,field_10411
F10412,field_10412
F10413,field_10413
F10414,field_10414
F10415,field_10415
F10416,field_10416
F10417,field_10417
F10418,field_10418
F10419,field_10419
F10420,field_10420
F10421,field_10421
F10422,field_10422
F10423,field_10423
F10424,field_10424
F10425,field_10425
F10426,field_10426
F10427,field_10427
F10428,field_10428
F10429,field_10429
F10430,field_10430
F10431,field_10431
F10432,field_10432
F10433,field_10433
F10434,field_10434
F10435,field_10435
F10436,field_10436
F10437,field_10437
F10438,field_10438
F10439,field_10439
F10440,field_10440
F10441,field_10441
F10442,field_10442
F10443,field_10443
F10444,field_10444
F10445,field_10445
F10446,field_10446
F10447,field_10447
F10448,field_10448
F10449,field_10449
F10450,field_10450
F10451,field_10451
F10452,field_10452
F10453,field_10453
F10454,field_10454
F10455,field_10455
F10456,field_10456
F10457,field_10457
F10458,field_10458
F10459,field_10459
F10460,field_10460
F10461,field_10461
F10462,field_10462
F10463,field_10463
F10464,field_10464
F10465,field_10465
F10466,field_10466
F10467,field_10467
F10468,field_10468
F10469,field_10469
F10470,field_10470
F10471,field_10471
F10472,field_10472
F10473,field_10473
F10474,field_10474
F10475,field_10475
F10476,field_10476
F10477,field_10477
F10478,field_10478
F10479,field_10479
F10480,field_10480
F10481,field_10481
F10482,field_10482
F10483,field_10483
F10484,field_10484
F10485,field_10485
F10486,field_10486
F10487,field_10487
F10488,field_10488
F10489,field_10489
F10490,field_10490
F10491,field_10491
F10492,field_10492
F10493,field_10493
F10494,field_10494
F10495,field_10495
F10496,field_10496
F10497,field_10497
F10498,field_10498
F10499,field_10499
F10500,field_10500
F10501,field_10501
F10502,field_10502
F10503,field_10503
F10504,field_10504
F10505,field_10505
F10506,field_10506
F10507,field_10507
F10508,field_10508
F10509,field_10509
F10510,field_10510
F10511,field_10511
F10512,field_10512
F10513,field_10513
F10514,field_10514
F10515,field_10515
F10516,field_10516
F10517,field_10517
F10518,field_10518
F10519,field_10519
F10520,field_10520
F10521,field_10521
F10522,field_10522
F10523,field_10523
F10524,field_10524
F10525,field_10525
F10526,field_10526
F10527,field_10527
F10528,field_10528
F10529,field_10529
F10530,field_10530
F10531,field_10531
F10532,field_10532
F10533,field_10533
F10534,field_10534
F10535,field_10535
F10536,field_10536
F10537,field_10537
F10538,field_10538
F10539,field_10539
F10540,field_10540
F10541,field_10541
F10542,field_10542
F10543,field_10543
F10544,field_10544
F10545,field_10545
F10546,field_10546
F10547,field_10547
F10548,field_10548
F10549,field_10549
F10550,field_10550
F10551,field_10551
F10552,field_10552
F10553,field_10553
F10554,field_10554
F10555,field_10555
F10556,field_10556
F10557,field_10557
F10558,field_10558
F10559,field_10559
F10560,field_10560
F10561,field_10561
F10562,field_10562
F10563,field_10563
F10564,field_10564
F10565,field_10565
F10566,field_10566
F10567,field_10567
F10568,field_10568
F10569,field_10569
F10570,field_10570
F10571,field_10571
F10572,field_10572
F10573,field_10573
F10574,field_10574
F10575,field_10575
F10576,field_10576
F10577,field_10577
F10578,field_10578
F10579,field_10579
F10580,field_10580
F10581,field_10581
F10582,field_10582
F10583,field_10583
F10584,field_10584
F10585,field_10585
F10586,field_10586
F10587,field_10587
F10588,field_10588
F10589,field_10589
F10590,field_10590
F10591,field_10591
F10592,field_10592
F10593,field_10593
F10594,field_10594
F10595,field_10595
F10596,field_10596
F10597,field_10597
F10598,field_10598
F10599,field_10599
F10600,field_10600
F10601,field_10601
F10602,field_10602
F10603,field_10603
F10604,field_10604
F10605,field_10605
F10606,field_10606
F10607,field_10607
F10608,field_10608
F10609,field_10609
F10610,field_10610
F10611,field_10611
F10612,field_10612
F10613,field_10613
F10614,field_10614
F10615,field_10615
F10616,field_10616
F10617,field_10617
F10618,field_10618
F10619,field_10619
F10620,field_10620
F10621,field_10621
F10622,field_10622
F10623,field_10623
F10624,field_10624
F10625,field_10625
F10626,field_10626
F10627,field_10627
F10628,field_10628
F10629,field_10629
F10630,field_10630
F10631,field_10631
F10632,field_10632
F10633,field_10633
F10634,field_10634
F10635,field_10635
F10636,field_10636
F10637,field_10637
F10638,field_10638
F10639,field_10639
F10640,field_10640
F10641,field_10641
F10642,field_10642
F10643,field_10643
F10644,field_10644
F10645,field_10645
F10646,field_10646
F10647,field_10647
F10648,field_10648
F10649,field_10649
F10650,field_10650
F10651,field_10651
F10652,field_10652
F10653,field_10653
F10654,field_10654
F10655,field_10655
F10656,field_10656
F10657,field_10657
F10658,field_10658
F10659,field_10659
F10660,field_10660
F10661,field_10661
F10662,field_10662
F10663,field_10663
F10664,field_10664
F10665,field_10665
F10666,field_10666
F10667,field_10667
F10668,field_10668
F10669,field_10669
F10670,field_10670
F10671,field_10671
F10672,field_10672
F10673,field_10673
F10674,field_10674
F10675,field_10675
F10676,field_10676
F10677,field_10677
F10678,field_10678
F10679,field_10679
F10680,field_10680
F10681,field_10681
F10682,field_10682
F10683,field_10683
F10684,field_10684
F10685,field_10685
F10686,field_10686
F10687,field_10687
F10688,field_10688
F10689,field_10689
F10690,field_10690
F10691,field_10691
F10692,field_10692
F10693,field_10693
F10694,field_10694
F10695,field_10695
F10696,field_10696
F10697,field_10697
F10698,field_10698
F10699,field_10699
F10700,field_10700
F10701,field_10701
F10702,field_10702
F10703,field_10703
F10704,field_10704
F10705,field_10705
F10706,field_10706
F10707,field_10707
F10708,field_10708
F10709,field_10709
F10710,field_10710
F10711,field_10711
F10712,field_10712
F10713,field_10713
F10714,field_10714
F10715,field_10715
F10716,field_10716
F10717,field_10717
F10718,field_10718
F10719,field_10719
F10720,field_10720
F10721,field_10721
F10722,field_10722
F10723,field_10723
F10724,field_10724
F10725,field_10725
F10726,field_10726
F10727,field_10727
F10728,field_10728
F10729,field_10729
F10730,field_10730
F10731,field_10731
F10732,field_10732
F10733,field_10733
F10734,field_10734
F10735,field_10735
F10736,field_10736
F10737,field_10737
F10738,field_10738
F10739,field_10739
F10740,field_10740
F10741,field_10741
F10742,field_10742
F10743,field_10743
F10744,field_10744
F10745,field_10745
F10746,field_10746
F10747,field_10747
F10748,field_10748
F10749,field_10749
F10750,field_10750
F10751,field_10751
F10752,field_10752
F10753,field_10753
F10754,field_10754
F10755,field_10755
F10756,field_10756
F10757,field_10757
F10758,field_10758
F10759,field_10759
F10760,field_10760
F10761,field_10761
F10762,field_10762
F10763,field_10763
F10764,field_10764
F10765,field_10765
F10766,field_10766
F10767,field_10767
F10768,field_10768
F10769,field_10769
F10770,field_10770
F10771,field_10771
F10772,field_10772
F10773,field_10773
F10774,field_10774
F10775,field_10775
F10776,field_10776
F10777,field_10777
F10778,field_10778
F10779,field_10779
F10780,field_10780
F10781,field_10781
F10782,field_10782
F10783,field_10783
F10784,field_10784
F10785,field_10785
F10786,field_10786
F10787,field_10787
F10788,field_10788
F10789,field_10789
F10790,field_10790
F10791,field_10791
F10792,field_10792
F10793,field_10793
F10794,field_10794
F10795,field_10795
F10796,field_10796
F10797,field_10797
F10798,field_10798
F10799,field_10799
F10800,field_10800
F10801,field_10801
F10802,field_10802
F10803,field_10803
F10804,field_10804
F10805,field_10805
F10806,field_10806
F10807,field_10807
F10808,field_10808
F10809,field_10809
F10810,field_10810
F10811,field_10811
F10812,field_10812
F10813,field_10813
F10814,field_10814
F10815,field_10815
F10816,field_10816
F10817,field_10817
F10818,field_10818
F10819,field_10819
F10820,field_10820
F10821,field_10821
F10822,field_10822
F10823,field_10823
F10824,field_10824
F10825,field_10825
F10826,field_10826
F10827,field_10827
F10828,field_10828
F10829,field_10829
F10830,field_10830
F10831,field_10831
F10832,field_10832
F10833,field_10833
F10834,field_10834
F10835,field_10835
F10836,field_10836
F10837,field_10837
F10838,field_10838
F10839,field_10839
F10840,field_10840
F10841,field_10841
F10842,field_10842
F10843,field_10843
F10844,field_10844
F10845,field_10845
F10846,field_10846
F10847,field_10847
F10848,field_10848
F10849,field_10849
F10850,field_10850
F10851,field_10851
F10852,field_10852
F10853,field_10853
F10854,field_10854
F10855,field_10855
F10856,field_10856
F10857,field_10857
F10858,field_10858
F10859,field_10859
F10860,field_10860
F10861,field_10861
F10862,field_10862
F10863,field_10863
F10864,field_10864
F10865,field_10865
F10866,field_10866
F10867,field_10867
F10868,field_10868
F10869,field_10869
F10870,field_10870
F10871,field_10871
F10872,field_10872
F10873,field_10873
F10874,field_10874
F10875,field_10875
F10876,field_10876
F10877,field_10877
F10878,field_10878
F10879,field_10879
F10880,field_10880
F10881,field_10881
F10882,field_10882
F10883,field_10883
F10884,field_10884
F10885,field_10885
F10886,field_10886
F10887,field_10887
F10888,field_10888
F10889,field_10889
F10890,field_10890
F10891,field_10891
F10892,field_10892
F10893,field_10893
F10894,field_10894
F10895,field_10895
F10896,field_10896
F10897,field_10897
F10898,field_10898
F10899,field_10899
F10900,field_10900
F10901,field_10901
F10902,field_10902
F10903,field_10903
F10904,field_10904
F10905,field_10905
F10906,field_10906
F10907,field_10907
F10908,field_10908
F10909,field_10909
F10910,field_10910
F10911,field_10911
F10912,field_10912
F10913,field_10913
F10914,field_10914
F10915,field_10915
F10916,field_10916
F10917,field_10917
F10918,field_10918
F10919,field_10919
F10920,field_10920
F10921,field_10921
F10922,field_10922
F10923,field_10923
F10924,field_10924
F10925,field_10925
F10926,field_10926
F10927,field_10927
F10928,field_10928
F10929,field_10929
F10930,field_10930
F10931,field_10931
F10932,field_10932
F10933,field_10933
F10934,field_10934
F10935,field_10935
F10936,field_10936
F10937,field_10937
F10938,field_10938
F10939,field_10939
F10940,field_10940
F10941,field_10941
F10942,field_10942
F10943,field_10943
F10944,field_10944
F10945,field_10945
F10946,field_10946
F10947,field_10947
F10948,field_10948
F10949,field_10949
F10950,field_10950
F10951,field_10951
F10952,field_10952
F10953,field_10953
F10954,field_10954
F10955,field_10955
F10956,field_10956
F10957,field_10957
F10958,field_10958
F10959,field_10959
F10960,field_10960
F10961,field_10961
F10962,field_10962
F10963,field_10963
F10964,field_10964
F10965,field_10965
F10966,field_10966
F10967,field_10967
F10968,field_10968
F10969,field_10969
F10970,field_10970
F10971,field_10971
F10972,field_10972
F10973,field_10973
F10974,field_10974
F10975,field_10975
F10976,field_10976
F10977,field_10977
F10978,field_10978
F10979,field_10979
F10980,field_10980
F10981,field_10981
F10982,field_10982
F10983,field_10983
F10984,field_10984
F10985,field_10985
F10986,field_10986
F10987,field_10987
F10988,field_10988
F10989,field_10989
F10990,field_10990
F10991,field_10991
F10992,field_10992
F10993,field_10993
F10994,field_10994
F10995,field_10995
F10996,field_10996
F10997,field_10997
F10998,field_10998
F10999,field_10999
F11000,field_11000
F11001,field_11001
F11002,field_11002
F11003,field_11003
F11004,field_11004
F11005,field_11005
F11006,field_11006
F11007,field_11007
F11008,field_11008
F11009,field_11009
F11010,field_11010
F11011,field_11011
F11012,field_11012
F11013,field_11013
F11014,field_11014
F11015,field_11015
F11016,field_11016
F11017,field_11017
F11018,field_11018
F11019,field_11019
F11020,field_11020
F11021,field_11021
F11022,field_11022
F11023,field_11023
F11024,field_11024
F11025,field_11025
F11026,field_11026
F11027,field_11027
F11028,field_11028
F11029,field_11029
F11030,field_11030
F11031,field_11031
F11032,field_11032
F11033,field_11033
F11034,field_11034
F11035,field_11035
F11036,field_11036
F11037,field_11037
F11038,field_11038
F11039,field_11039
F11040,field_11040
F11041,field_11041
F11042,field_11042
F11043,field_11043
F11044,field_11044
F11045,field_11045
F11046,field_11046
F11047,field_11047
F11048,field_11048
F11049,field_11049
F11050,field_11050
F11051,field_11051
F11052,field_11052
F11053,field_11053
F11054,field_11054
F11055,field_11055
F11056,field_11056
F11057,field_11057
F11058,field_11058
F11059,field_11059
F11060,field_11060
F11061,field_11061
F11062,field_11062
F11063,field_11063
F11064,field_11064
F11065,field_11065
F11066,field_11066
F11067,field_11067
F11068,field_11068
F11069,field_11069
F11070,field_11070
F11071,field_11071
F11072,field_11072
F11073,field_11073
F11074,field_11074
F11075,field_11075
F11076,field_11076
F11077,field_11077
F11078,field_11078
F11079,field_11079
F11080,field_11080
F11081,field_11081
F11082,field_11082
F11083,field_11083
F11084,field_11084
F11085,field_11085
F11086,field_11086
F11087,field_11087
F11088,field_11088
F11089,field_11089
F11090,field_11090
F11091,field_11091
F11092,field_11092
F11093,field_11093
F11094,field_11094
F11095,field_11095
F11096,field_11096
F11097,field_11097
F11098,field_11098
F11099,field_11099
F11100,field_11100
F11101,field_11101
F11102,field_11102
F11103,field_11103
F11104,field_11104
F11105,field_11105
F11106,field_11106
F11107,field_11107
F11108,field_11108
F11109,field_11109
F11110,field_11110
F11111,field_11111
F11112,field_11112
F11113,field_11113
F11114,field_11114
F11115,field_11115
F11116,field_11116
F11117,field_11117
F11118,field_11118
F11119,field_11119
F11120,field_11120
F11121,field_11121
F11122,field_11122
F11123,field_11123
F11124,field_11124
F11125,field_11125
F11126,field_11126
F11127,field_11127
F11128,field_11128
F11129,field_11129
F11130,field_11130
F11131,field_11131
F11132,field_11132
F11133,field_11133
F11134,field_11134
F11135,field_11135
F11136,field_11136
F11137,field_11137
F11138,field_11138
F11139,field_11139
F11140,field_11140
F11141,field_11141
F11142,field_11142
F11143,field_11143
F11144,field_11144
F11145,field_11145
F11146,field_11146
F11147,field_11147
F11148,field_11148
F11149,field_11149
F11150,field_11150
F11151,field_11151
F11152,field_11152
F11153,field_11153
F11154,field_11154
F11155,field_11155
F11156,field_11156
F11157,field_11157
F11158,field_11158
F11159,field_11159
F11160,field_11160
F11161,field_11161
F11162,field_11162
F11163,field_11163
F11164,field_11164
F11165,field_11165
F11166,field_11166
F11167,field_11167
F11168,field_11168
F11169,field_11169
F11170,field_11170
F11171,field_11171
F11172,field_11172
F11173,field_11173
F11174,field_11174
F11175,field_11175
F11176,field_11176
F11177,field_11177
F11178,field_11178
F11179,field_11179
F11180,field_11180
F11181,field_11181
F11182,field_11182
F11183,field_11183
F11184,field_11184
F11185,field_11185
F11186,field_11186
F11187,field_11187
F11188,field_11188
F11189,field_11189
F11190,field_11190
F11191,field_11191
F11192,field_11192
F11193,field_11193
F11194,field_11194
F11195,field_11195
F11196,field_11196
F11197,field_11197
F11198,field_11198
F11199,field_11199
F11200,field_11200
F11201,field_11201
F11202,field_11202
F11203,field_11203
F11204,field_11204
F11205,field_11205
F11206,field_11206
F11207,field_11207
F11208,field_11208
F11209,field_11209
F11210,field_11210
F11211,field_11211
F11212,field_11212
F11213,field_11213
F11214,field_11214
F11215,field_11215
F11216,field_11216
F11217,field_11217
F11218,field_11218
F11219,field_11219
F11220,field_11220
F11221,field_11221
F11222,field_11222
F11223,field_11223
F11224,field_11224
F11225,field_11225
F11226,field_11226
F11227,field_11227
F11228,field_11228
F11229,field_11229
F11230,field_11230
F11231,field_11231
F11232,field_11232
F11233,field_11233
F11234,field_11234
F11235,field_11235
F11236,field_11236
F11237,field_11237
F11238,field_11238
F11239,field_11239
F11240,field_11240
F11241,field_11241
F11242,field_11242
F11243,field_11243
F11244,field_11244
F11245,field_11245
F11246,field_11246
F11247,field_11247
F11248,field_11248
F11249,field_11249
F11250,field_11250
F11251,field_11251
F11252,field_11252
F11253,field_11253
F11254,field_11254
F11255,field_11255
F11256,field_11256
F11257,field_11257
F11258,field_11258
F11259,field_11259
F11260,field_11260
F11261,field_11261
F11262,field_11262
F11263,field_11263
F11264,field_11264
F11265,field_11265
F11266,field_11266
F11267,field_11267
F11268,field_11268
F11269,field_11269
F11270,field_11270
F11271,field_11271
F11272,field_11272
F11273,field_11273
F11274,field_11274
F11275,field_11275
F11276,field_11276
F11277,field_11277
F11278,field_11278
F11279,field_11279
F11280,field_11280
F11281,field_11281
F11282,field_11282
F11283,field_11283
F11284,field_11284
F11285,field_11285
F11286,field_11286
F11287,field_11287
F11288,field_11288
F11289,field_11289
F11290,field_11290
F11291,field_11291
F11292,field_11292
F11293,field_11293
F11294,field_11294
F11295,field_11295
F11296,field_11296
F11297,field_11297
F11298,field_11298
F11299,field_11299
F11300,field_11300
F11301,field_11301
F11302,field_11302
F11303,field_11303
F11304,field_11304
F11305,field_11305
F11306,field_11306
F11307,field_11307
F11308,field_11308
F11309,field_11309
F11310,field_11310
F11311,field_11311
F11312,field_11312
F11313,field_11313
F11314,field_11314
F11315,field_11315
F11316,field_11316
F11317,field_11317
F11318,field_11318
F11319,field_11319
F11320,field_11320
F11321,field_11321
F11322,field_11322
F11323,field_11323
F11324,field_11324
F11325,field_11325
F11326,field_11326
F11327,field_11327
F11328,field_11328
F11329,field_11329
F11330,field_11330
F11331,field_11331
F11332,field_11332
F11333,field_11333
F11334,field_11334
F11335,field_11335
F11336,field_11336
F11337,field_11337
F11338,field_11338
F11339,field_11339
F11340,field_11340
F11341,field_11341
F11342,field_11342
F11343,field_11343
F11344,field_11344
F11345,field_11345
F11346,field_11346
F11347,field_11347
F11348,field_11348
F11349,field_11349
F11350,field_11350
F11351,field_11351
F11352,field_11352
F11353,field_11353
F11354,field_11354
F11355,field_11355
F11356,field_11356
F11357,field_11357
F11358,field_11358
F11359,field_11359
F11360,field_11360
F11361,field_11361
F11362,field_11362
F11363,field_11363
F11364,field_11364
F11365,field_11365
F11366,field_11366
F11367,field_11367
F11368,field_11368
F11369,field_11369
F11370,field_11370
F11371,field_11371
F11372,field_11372
F11373,field_11373
F11374,field_11374
F11375,field_11375
F11376,field_11376
F11377,field_11377
F11378,field_11378
F11379,field_11379
F11380,field_11380
F11381,field_11381
F11382,field_11382
F11383,field_11383
F11384,field_11384
F11385,field_11385
F11386,field_11386
F11387,field_11387
F11388,field_11388
F11389,field_11389
F11390,field_11390
F11391,field_11391
F11392,field_11392
F11393,field_11393
F11394,field_11394
F11395,field_11395
F11396,field_11396
F11397,field_11397
F11398,field_11398
F11399,field_11399
F11400,field_11400
F11401,field_11401
F11402,field_11402
F11403,field_11403
F11404,field_11404
F11405,field_11405
F11406,field_11406
F11407,field_11407
F11408,field_11408
F11409,field_11409
F11410,field_11410
F11411,field_11411
F11412,field_11412
F11413,field_11413
F11414,field_11414
F11415,field_11415
F11416,field_11416
F11417,field_11417
F11418,field_11418
F11419,field_11419
F11420,field_11420
F11421,field_11421
F11422,field_11422
F11423,field_11423
F11424,field_11424
F11425,field_11425
F11426,field_11426
F11427,field_11427
F11428,field_11428
F11429,field_11429
F11430,field_11430
F11431,field_11431
F11432,field_11432
F11433,field_11433
F11434,field_11434
F11435,field_11435
F11436,field_11436
F11437,field_11437
F11438,field_11438
F11439,field_11439
F11440,field_11440
F11441,field_11441
F11442,field_11442
F11443,field_11443
F11444,field_11444
F11445,field_11445
F11446,field_11446
F11447,field_11447
F11448,field_11448
F11449,field_11449
F11450,field_11450
F11451,field_11451
F11452,field_11452
F11453,field_11453
F11454,field_11454
F11455,field_11455
F11456,field_11456
F11457,field_11457
F11458,field_11458
F11459,field_11459
F11460,field_11460
F11461,field_11461
F11462,field_11462
F11463,field_11463
F11464,field_11464
F11465,field_11465
F11466,field_11466
F11467,field_11467
F11468,field_11468
F11469,field_11469
F11470,field_11470
F11471,field_11471
F11472,field_11472
F11473,field_11473
F11474,field_11474
F11475,field_11475
F11476,field_11476
F11477,field_11477
F11478,field_11478
F11479,field_11479
F11480,field_11480
F11481,field_11481
F11482,field_11482
F11483,field_11483
F11484,field_11484
F11485,field_11485
F11486,field_11486
F11487,field_11487
F11488,field_11488
F11489,field_11489
F11490,field_11490
F11491,field_11491
F11492,field_11492
F11493,field_11493
F11494,field_11494
F11495,field_11495
F11496,field_11496
F11497,field_11497
F11498,field_11498
F11499,field_11499
F11500,field_11500
F11501,field_11501
F11502,field_11502
F11503,field_11503
F11504,field_11504
F11505,field_11505
F11506,field_11506
F11507,field_11507
F11508,field_11508
F11509,field_11509
F11510,field_11510
F11511,field_11511
F11512,field_11512
F11513,field_11513
F11514,field_11514
F11515,field_11515
F11516,field_11516
F11517,field_11517
F11518,field_11518
F11519,field_11519
F11520,field_11520
F11521,field_11521
F11522,field_11522
F11523,field_11523
F11524,field_11524
F11525,field_11525
F11526,field_11526
F11527,field_11527
F11528,field_11528
F11529,field_11529
F11530,field_11530
F11531,field_11531
F11532,field_11532
F11533,field_11533
F11534,field_11534
F11535,field_11535
F11536,field_11536
F11537,field_11537
F11538,field_11538
F11539,field_11539
F11540,field_11540
F11541,field_11541
F11542,field_11542
F11543,field_11543
F11544,field_11544
F11545,field_11545
F11546,field_11546
F11547,field_11547
F11548,field_11548
F11549,field_11549
F11550,field_11550
F11551,field_11551
F11552,field_11552
F11553,field_11553
F11554,field_11554
F11555,field_11555
F11556,field_11556
F11557,field_11557
F11558,field_11558
F11559,field_11559
F11560,field_11560
F11561,field_11561
F11562,field_11562
F11563,field_11563
F11564,field_11564
F11565,field_11565
F11566,field_11566
F11567,field_11567
F11568,field_11568
F11569,field_11569
F11570,field_11570
F11571,field_11571
F11572,field_11572
F11573,field_11573
F11574,field_11574
F11575,field_11575
F11576,field_11576
F11577,field_11577
F11578,field_11578
F11579,field_11579
F11580,field_11580
F11581,field_11581
F11582,field_11582
F11583,field_11583
F11584,field_11584
F11585,field_11585
F11586,field_11586
F11587,field_11587
F11588,field_11588
F11589,field_11589
F11590,field_11590
F11591,field_11591
F11592,field_11592
F11593,field_11593
F11594,field_11594
F11595,field_11595
F11596,field_11596
F11597,field_11597
F11598,field_11598
F11599,field_11599
F11600,field_11600
F11601,field_11601
F11602,field_11602
F11603,field_11603
F11604,field_11604
F11605,field_11605
F11606,field_11606
F11607,field_11607
F11608,field_11608
F11609,field_11609
F11610,field_11610
F11611,field_11611
F11612,field_11612
F11613,field_11613
F11614,field_11614
F11615,field_11615
F11616,field_11616
F11617,field_11617
F11618,field_11618
F11619,field_11619
F11620,field_11620
F11621,field_11621
F11622,field_11622
F11623,field_11623
F11624,field_11624
F11625,field_11625
F11626,field_11626
F11627,field_11627
F11628,field_11628
F11629,field_11629
F11630,field_11630
F11631,field_11631
F11632,field_11632
F11633,field_11633
F11634,field_11634
F11635,field_11635
F11636,field_11636
F11637,field_11637
F11638,field_11638
F11639,field_11639
F11640,field_11640
F11641,field_11641
F11642,field_11642
F11643,field_11643
F11644,field_11644
F11645,field_11645
F11646,field_11646
F11647,field_11647
F11648,field_11648
F11649,field_11649
F11650,field_11650
F11651,field_11651
F11652,field_11652
F11653,field_11653
F11654,field_11654
F11655,field_11655
F11656,field_11656
F11657,field_11657
F11658,field_11658
F11659,field_11659
F11660,field_11660
F11661,field_11661
F11662,field_11662
F11663,field_11663
F11664,field_11664
F11665,field_11665
F11666,field_11666
F11667,field_11667
F11668,field_11668
F11669,field_11669
F11670,field_11670
F11671,field_11671
F11672,field_11672
F11673,field_11673
F11674,field_11674
F11675,field_11675
F11676,field_11676
F11677,field_11677
F11678,field_11678
F11679,field_11679
F11680,field_11680
F11681,field_11681
F11682,field_11682
F11683,field_11683
F11684,field_11684
F11685,field_11685
F11686,field_11686
F11687,field_11687
F11688,field_11688
F11689,field_11689
F11690,field_11690
F11691,field_11691
F11692,field_11692
F11693,field_11693
F11694,field_11694
F11695,field_11695
F11696,field_11696
F11697,field_11697
F11698,field_11698
F11699,field_11699
F11700,field_11700
F11701,field_11701
F11702,field_11702
F11703,field_11703
F11704,field_11704
F11705,field_11705
F11706,field_11706
F11707,field_11707
F11708,field_11708
F11709,field_11709
F11710,field_11710
F11711,field_11711
F11712,field_11712
F11713,field_11713
F11714,field_11714
F11715,field_11715
F11716,field_11716
F11717,field_11717
F11718,field_11718
F11719,field_11719
F11720,field_11720
F11721,field_11721
F11722,field_11722
F11723,field_11723
F11724,field_11724
F11725,field_11725
F11726,field_11726
F11727,field_11727
F11728,field_11728
F11729,field_11729
F11730,field_11730
F11731,field_11731
F11732,field_11732
F11733,field_11733
F11734,field_11734
F11735,field_11735
F11736,field_11736
F11737,field_11737
F11738,field_11738
F11739,field_11739
F11740,field_11740
F11741,field_11741
F11742,field_11742
F11743,field_11743
F11744,field_11744
F11745,field_11745
F11746,field_11746
F11747,field_11747
F11748,field_11748
F11749,field_11749
F11750,field_11750
F11751,field_11751
F11752,field_11752
F11753,field_11753
F11754,field_11754
F11755,field_11755
F11756,field_11756
F11757,field_11757
F11758,field_11758
F11759,field_11759
F11760,field_11760
F11761,field_11761
F11762,field_11762
F11763,field_11763
F11764,field_11764
F11765,field_11765
F11766,field_11766
F11767,field_11767
F11768,field_11768
F11769,field_11769
F11770,field_11770
F11771,field_11771
F11772,field_11772
F11773,field_11773
F11774,field_11774
F11775,field_11775
F11776,field_11776
F11777,field_11777
F11778,field_11778
F11779,field_11779
F11780,field_11780
F11781,field_11781
F11782,field_11782
F11783,field_11783
F11784,field_11784
F11785,field_11785
F11786,field_11786
F11787,field_11787
F11788,field_11788
F11789,field_11789
F11790,field_11790
F11791,field_11791
F11792,field_11792
F11793,field_11793
F11794,field_11794
F11795,field_11795
F11796,field_11796
F11797,field_11797
F11798,field_11798
F11799,field_11799
F11800,field_11800
F11801,field_11801
F11802,field_11802
F11803,field_11803
F11804,field_11804
F11805,field_11805
F11806,field_11806
F11807,field_11807
F11808,field_11808
F11809,field_11809
F11810,field_11810
F11811,field_11811
F11812,field_11812
F11813,field_11813
F11814,field_11814
F11815,field_11815
F11816,field_11816
F11817,field_11817
F11818,field_11818
F11819,field_11819
F11820,field_11820
F11821,field_11821
F11822,field_11822
F11823,field_11823
F11824,field_11824
F11825,field_11825
F11826,field_11826
F11827,field_11827
F11828,field_11828
F11829,field_11829
F11830,field_11830
F11831,field_11831
F11832,field_11832
F11833,field_11833
F11834,field_11834
F11835,field_11835
F11836,field_11836
F11837,field_11837
F11838,field_11838
F11839,field_11839
F11840,field_11840
F11841,field_11841
F11842,field_11842
F11843,field_11843
F11844,field_11844
F11845,field_11845
F11846,field_11846
F11847,field_11847
F11848,field_11848
F11849,field_11849
F11850,field_11850
F11851,field_11851
F11852,field_11852
F11853,field_11853
F11854,field_11854
F11855,field_11855
F11856,field_11856
F11857,field_11857
F11858,field_11858
F11859,field_11859
F11860,field_11860
F11861,field_11861
F11862,field_11862
F11863,field_11863
F11864,field_11864
F11865,field_11865
F11866,field_11866
F11867,field_11867
F11868,field_11868
F11869,field_11869
F11870,field_11870
F11871,field_11871
F11872,field_11872
F11873,field_11873
F11874,field_11874
F11875,field_11875
F11876,field_11876
F11877,field_11877
F11878,field_11878
F11879,field_11879
F11880,field_11880
F11881,field_11881
F11882,field_11882
F11883,field_11883
F11884,field_11884
F11885,field_11885
F11886,field_11886
F11887,field_11887
F11888,field_11888
F11889,field_11889
F11890,field_11890
F11891,field_11891
F11892,field_11892
F11893,field_11893
F11894,field_11894
F11895,field_11895
F11896,field_11896
F11897,field_11897
F11898,field_11898
F11899,field_11899
F11900,field_11900
F11901,field_11901
F11902,field_11902
F11903,field_11903
F11904,field_11904
F11905,field_11905
F11906,field_11906
F11907,field_11907
F11908,field_11908
F11909,field_11909
F11910,field_11910
F11911,field_11911
F11912,field_11912
F11913,field_11913
F11914,field_11914
F11915,field_11915
F11916,field_11916
F11917,field_11917
F11918,field_11918
F11919,field_11919
F11920,field_11920
F11921,field_11921
F11922,field_11922
F11923,field_11923
F11924,field_11924
F11925,field_11925
F11926,field_11926
F11927,field_11927
F11928,field_11928
F11929,field_11929
F11930,field_11930
F11931,field_11931
F11932,field_11932
F11933,field_11933
F11934,field_11934
F11935,field_11935
F11936,field_11936
F11937,field_11937
F11938,field_11938
F11939,field_11939
F11940,field_11940
F11941,field_11941
F11942,field_11942
F11943,field_11943
F11944,field_11944
F11945,field_11945
F11946,field_11946
F11947,field_11947
F11948,field_11948
F11949,field_11949
F11950,field_11950
F11951,field_11951
F11952,field_11952
F11953,field_11953
F11954,field_11954
F11955,field_11955
F11956,field_11956
F11957,field_11957
F11958,field_11958
F11959,field_11959
F11960,field_11960
F11961,field_11961
F11962,field_11962
F11963,field_11963
F11964,field_11964
F11965,field_11965
F11966,field_11966
F11967,field_11967
F11968,field_11968
F11969,field_11969
F11970,field_11970
F11971,field_11971
F11972,field_11972
F11973,field_11973
F11974,field_11974
F11975,field_11975
F11976,field_11976
F11977,field_11977
F11978,field_11978
F11979,field_11979
F11980,field_11980
F11981,field_11981
F11982,field_11982
F11983,field_11983
F11984,field_11984
F11985,field_11985
F11986,field_11986
F11987,field_11987
F11988,field_11988
F11989,field_11989
F11990,field_11990
F11991,field_11991
F11992,field_11992
F11993,field_11993
F11994,field_11994
F11995,field_11995
F11996,field_11996
F11997,field_11997
F11998,field_11998
F11999,field_11999
F12000,field_12000
F12001,field_12001
F12002,field_12002
F12003,field_12003
F12004,field_12004
F12005,field_12005
F12006,field_12006
F12007,field_12007
F12008,field_12008
F12009,field_12009
F12010,field_12010
F12011,field_12011
F12012,field_12012
F12013,field_12013
F12014,field_12014
F12015,field_12015
F12016,field_12016
F12017,field_12017
F12018,field_12018
F12019,field_12019
F12020,field_12020
F12021,field_12021
F12022,field_12022
F12023,field_12023
F12024,field_12024
F12025,field_12025
F12026,field_12026
F12027,field_12027
F12028,field_12028
F12029,field_12029
F12030,field_12030
F12031,field_12031
F12032,field_12032
F12033,field_12033
F12034,field_12034
F12035,field_12035
F12036,field_12036
F12037,field_12037
F12038,field_12038
F12039,field_12039
F12040,field_12040
F12041,field_12041
F12042,field_12042
F12043,field_12043
F12044,field_12044
F12045,field_12045
F12046,field_12046
F12047,field_12047
F12048,field_12048
F12049,field_12049
F12050,field_12050
F12051,field_12051
F12052,field_12052
F12053,field_12053
F12054,field_12054
F12055,field_12055
F12056,field_12056
F12057,field_12057
F12058,field_12058
F12059,field_12059
F12060,field_12060
F12061,field_12061
F12062,field_12062
F12063,field_12063
F12064,field_12064
F12065,field_12065
F12066,field_12066
F12067,field_12067
F12068,field_12068
F12069,field_12069
F12070,field_12070
F12071,field_12071
F12072,field_12072
F12073,field_12073
F12074,field_12074
F12075,field_12075
F12076,field_12076
F12077,field_12077
F12078,field_12078
F12079,field_12079
F12080,field_12080
F12081,field_12081
F12082,field_12082
F12083,field_12083
F12084,field_12084
F12085,field_12085
F12086,field_12086
F12087,field_12087
F12088,field_12088
F12089,field_12089
F12090,field_12090
F12091,field_12091
F12092,field_12092
F12093,field_12093
F12094,field_12094
F12095,field_12095
F12096,field_12096
F12097,field_12097
F12098,field_12098
F12099,field_12099
F12100,field_12100
F12101,field_12101
F12102,field_12102
F12103,field_12103
F12104,field_12104
F12105,field_12105
F12106,field_12106
F12107,field_12107
F12108,field_12108
F12109,field_12109
F12110,field_12110
F12111,field_12111
F12112,field_12112
F12113,field_12113
F12114,field_12114
F12115,field_12115
F12116,field_12116
F12117,field_12117
F12118,field_12118
F12119,field_12119
F12120,field_12120
F12121,field_12121
F12122,field_12122
F12123,field_12123
F12124,field_12124
F12125,field_12125
F12126,field_12126
F12127,field_12127
F12128,field_12128
F12129,field_12129
F12130,field_12130
F12131,field_12131
F12132,field_12132
F12133,field_12133
F12134,field_12134
F12135,field_12135
F12136,field_12136
F12137,field_12137
F12138,field_12138
F12139,field_12139
F12140,field_12140
F12141,field_12141
F12142,field_12142
F12143,field_12143
F12144,field_12144
F12145,field_12145
F12146,field_12146
F12147,field_12147
F12148,field_12148
F12149,field_12149
F12150,field_12150
F12151,field_12151
F12152,field_12152
F12153,field_12153
F12154,field_12154
F12155,field_12155
F12156,field_12156
F12157,field_12157
F12158,field_12158
F12159,field_12159
F12160,field_12160
F12161,field_12161
F12162,field_12162
F12163,field_12163
F12164,field_12164
F12165,field_12165
F12166,field_12166
F12167,field_12167
F12168,field_12168
F12169,field_12169
F12170,field_12170
F12171,field_12171
F12172,field_12172
F12173,field_12173
F12174,field_12174
F12175,field_12175
F12176,field_12176
F12177,field_12177
F12178,field_12178
F12179,field_12179
F12180,field_12180
F12181,field_12181
F12182,field_12182
F12183,field_12183
F12184,field_12184
F12185,field_12185
F12186,field_12186
F12187,field_12187
F12188,field_12188
F12189,field_12189
F12190,field_12190
F12191,field_12191
F12192,field_12192
F12193,field_12193
F12194,field_12194
F12195,field_12195
F12196,field_12196
F12197,field_12197
F12198,field_12198
F12199,field_12199
F12200,field_12200
F12201,field_12201
F12202,field_12202
F12203,field_12203
F12204,field_12204
F12205,field_12205
F12206,field_12206
F12207,field_12207
F12208,field_12208
F12209,field_12209
F12210,field_12210
F12211,field_12211
F12212,field_12212
F12213,field_12213
F12214,field_12214
F12215,field_12215
F12216,field_12216
F12217,field_12217
F12218,field_12218
F12219,field_12219
F12220,field_12220
F12221,field_12221
F12222,field_12222
F12223,field_12223
F12224,field_12224
F12225,field_12225
F12226,field_12226
F12227,field_12227
F12228,field_12228
F12229,field_12229
F12230,field_12230
F12231,field_12231
F12232,field_12232
F12233,field_12233
F12234,field_12234
F12235,field_12235
F12236,field_12236
F12237,field_12237
F12238,field_12238
F12239,field_12239
F12240,field_12240
F12241,field_12241
F12242,field_12242
F12243,field_12243
F12244,field_12244
F12245,field_12245
F12246,field_12246
F12247,field_12247
F12248,field_12248
F12249,field_12249
F12250,field_12250
F12251,field_12251
F12252,field_12252
F12253,field_12253
F12254,field_12254
F12255,field_12255
F12256,field_12256
F12257,field_12257
F12258,field_12258
F12259,field_12259
F12260,field_12260
F12261,field_12261
F12262,field_12262
F12263,field_12263
F12264,field_12264
F12265,field_12265
F12266,field_12266
F12267,field_12267
F12268,field_12268
F12269,field_12269
F12270,field_12270
F12271,field_12271
F12272,field_12272
F12273,field_12273
F12274,field_12274
F12275,field_12275
F12276,field_12276
F12277,field_12277
F12278,field_12278
F12279,field_12279
F12280,field_12280
F12281,field_12281
F12282,field_12282
F12283,field_12283
F12284,field_12284
F12285,field_12285
F12286,field_12286
F12287,field_12287
F12288,field_12288
F12289,field_12289
F12290,field_12290
F12291,field_12291
F12292,field_12292
F12293,field_12293
F12294,field_12294
F12295,field_12295
F12296,field_12296
F12297,field_12297
F12298,field_12298
F12299,field_12299
F12300,field_12300
F12301,field_12301
F12302,field_12302
F12303,field_12303
F12304,field_12304
F12305,field_12305
F12306,field_12306
F12307,field_12307
F12308,field_12308
F12309,field_12309
F12310,field_12310
F12311,field_12311
F12312,field_12312
F12313,field_12313
F12314,field_12314
F12315,field_12315
F12316,field_12316
F12317,field_12317
F12318,field_12318
F12319,field_12319
F12320,field_12320
F12321,field_12321
F12322,field_12322
F12323,field_12323
F12324,field_12324
F12325,field_12325
F12326,field_12326
F12327,field_12327
F12328,field_12328
F12329,field_12329
F12330,field_12330
F12331,field_12331
F12332,field_12332
F12333,field_12333
F12334,field_12334
F12335,field_12335
F12336,field_12336
F12337,field_12337
F12338,field_12338
F12339,field_12339
F12340,field_12340
F12341,field_12341
F12342,field_12342
F12343,field_12343
F12344,field_12344
F12345,field_12345
F12346,field_12346
F12347,field_12347
F12348,field_12348
F12349,field_12349
F12350,field_12350
F12351,field_12351
F12352,field_12352
F12353,field_12353
F12354,field_12354
F12355,field_12355
F12356,field_12356
F12357,field_12357
F12358,field_12358
F12359,field_12359
F12360,field_12360
F12361,field_12361
F12362,field_12362
F12363,field_12363
F12364,field_12364
F12365,field_12365
F12366,field_12366
F12367,field_12367
F12368,field_12368
F12369,field_12369
F12370,field_12370
F12371,field_12371
F12372,field_12372
F12373,field_12373
F12374,field_12374
F12375,field_12375
F12376,field_12376
F12377,field_12377
F12378,field_12378
F12379,field_12379
F12380,field_12380
F12381,field_12381
F12382,field_12382
F12383,field_12383
F12384,field_12384
F12385,field_12385
F12386,field_12386
F12387,field_12387
F12388,field_12388
F12389,field_12389
F12390,field_12390
F12391,field_12391
F12392,field_12392
F12393,field_12393
F12394,field_12394
F12395,field_12395
F12396,field_12396
F12397,field_12397
F12398,field_12398
F12399,field_12399
F12400,field_12400
F12401,field_12401
F12402,field_12402
F12403,field_12403
F12404,field_12404
F12405,field_12405
F12406,field_12406
F12407,field_12407
F12408,field_12408
F12409,field_12409
F12410,field_12410
F12411,field_12411
F12412,field_12412
F12413,field_12413
F12414,field_12414
F12415,field_12415
F12416,field_12416
F12417,field_12417
F12418,field_12418
F12419,field_12419
F12420,field_12420
F12421,field_12421
F12422,field_12422
F12423,field_12423
F12424,field_12424
F12425,field_12425
F12426,field_12426
F12427,field_12427
F12428,field_12428
F12429,field_12429
F12430,field_12430
F12431,field_12431
F12432,field_12432
F12433,field_12433
F12434,field_12434
F12435,field_12435
F12436,field_12436
F12437,field_12437
F12438,field_12438
F12439,field_12439
F12440,field_12440
F12441,field_12441
F12442,field_12442
F12443,field_12443
F12444,field_12444
F12445,field_12445
F12446,field_12446
F12447,field_12447
F12448,field_12448
F12449,field_12449
F12450,field_12450
F12451,field_12451
F12452,field_12452
F12453,field_12453
F12454,field_12454
F12455,field_12455
F12456,field_12456
F12457,field_12457
F12458,field_12458
F12459,field_12459
F12460,field_12460
F12461,field_12461
F12462,field_12462
F12463,field_12463
F12464,field_12464
F12465,field_12465
F12466,field_12466
F12467,field_12467
F12468,field_12468
F12469,field_12469
F12470,field_12470
F12471,field_12471
F12472,field_12472
F12473,field_12473
F12474,field_12474
F12475,field_12475
F12476,field_12476
F12477,field_12477
F12478,field_12478
F12479,field_12479
F12480,field_12480
F12481,field_12481
F12482,field_12482
F12483,field_12483
F12484,field_12484
F12485,field_12485
F12486,field_12486
F12487,field_12487
F12488,field_12488
F12489,field_12489
F12490,field_12490
F12491,field_12491
F12492,field_12492
F12493,field_12493
F12494,field_12494
F12495,field_12495
F12496,field_12496
F12497,field_12497
F12498,field_12498
F12499,field_12499
F12500,field_12500
F12501,field_12501
F12502,field_12502
F12503,field_12503
F12504,field_12504
F12505,field_12505
F12506,field_12506
F12507,field_12507
F12508,field_12508
F12509,field_12509
F12510,field_12510
F12511,field_12511
F12512,field_12512
F12513,field_12513
F12514,field_12514
F12515,field_12515
F12516,field_12516
F12517,field_12517
F12518,field_12518
F12519,field_12519
F12520,field_12520
F12521,field_12521
F12522,field_12522
F12523,field_12523
F12524,field_12524
F12525,field_12525
F12526,field_12526
F12527,field_12527
F12528,field_12528
F12529,field_12529
F12530,field_12530
F12531,field_12531
F12532,field_12532
F12533,field_12533
F12534,field_12534
F12535,field_12535
F12536,field_12536
F12537,field_12537
F12538,field_12538
F12539,field_12539
F12540,field_12540
F12541,field_12541
F12542,field_12542
F12543,field_12543
F12544,field_12544
F12545,field_12545
F12546,field_12546
F12547,field_12547
F12548,field_12548
F12549,field_12549
F12550,field_12550
F12551,field_12551
F12552,field_12552
F12553,field_12553
F12554,field_12554
F12555,field_12555
F12556,field_12556
F12557,field_12557
F12558,field_12558
F12559,field_12559
F12560,field_12560
F12561,field_12561
F12562,field_12562
F12563,field_12563
F12564,field_12564
F12565,field_12565
F12566,field_12566
F12567,field_12567
F12568,field_12568
F12569,field_12569
F12570,field_12570
F12571,field_12571
F12572,field_12572
F12573,field_12573
F12574,field_12574
F12575,field_12575
F12576,field_12576
F12577,field_12577
F12578,field_12578
F12579,field_12579
F12580,field_12580
F12581,field_12581
F12582,field_12582
F12583,field_12583
F12584,field_12584
F12585,field_12585
F12586,field_12586
F12587,field_12587
F12588,field_12588
F12589,field_12589
F12590,field_12590
F12591,field_12591
F12592,field_12592
F12593,field_12593
F12594,field_12594
F12595,field_12595
F12596,field_12596
F12597,field_12597
F12598,field_12598
F12599,field_12599
F12600,field_12600
F12601,field_12601
F12602,field_12602
F12603,field_12603
F12604,field_12604
F12605,field_12605
F12606,field_12606
F12607,field_12607
F12608,field_12608
F12609,field_12609
F12610,field_12610
F12611,field_12611
F12612,field_12612
F12613,field_12613
F12614,field_12614
F12615,field_12615
F12616,field_12616
F12617,field_12617
F12618,field_12618
F12619,field_12619
F12620,field_12620
F12621,field_12621
F12622,field_12622
F12623,field_12623
F12624,field_12624
F12625,field_12625
F12626,field_12626
F12627,field_12627
F12628,field_12628
F12629,field_12629
F12630,field_12630
F12631,field_12631
F12632,field_12632
F12633,field_12633
F12634,field_12634
F12635,field_12635
F12636,field_12636
F12637,field_12637
F12638,field_12638
F12639,field_12639
F12640,field_12640
F12641,field_12641
F12642,field_12642
F12643,field_12643
F12644,field_12644
F12645,field_12645
F12646,field_12646
F12647,field_12647
F12648,field_12648
F12649,field_12649
F12650,field_12650
F12651,field_12651
F12652,field_12652
F12653,field_12653
F12654,field_12654
F12655,field_12655
F12656,field_12656
F12657,field_12657
F12658,field_12658
F12659,field_12659
F12660,field_12660
F12661,field_12661
F12662,field_12662
F12663,field_12663
F12664,field_12664
F12665,field_12665
F12666,field_12666
F12667,field_12667
F12668,field_12668
F12669,field_12669
F12670,field_12670
F12671,field_12671
F12672,field_12672
F12673,field_12673
F12674,field_12674
F12675,field_12675
F12676,field_12676
F12677,field_12677
F12678,field_12678
F12679,field_12679
F12680,field_12680
F12681,field_12681
F12682,field_12682
F12683,field_12683
F12684,field_12684
F12685,field_12685
F12686,field_12686
F12687,field_12687
F12688,field_12688
F12689,field_12689
F12690,field_12690
F12691,field_12691
F12692,field_12692
F12693,field_12693
F12694,field_12694
F12695,field_12695
F12696,field_12696
F12697,field_12697
F12698,field_12698
F12699,field_12699
F12700,field_12700
F12701,field_12701
F12702,field_12702
F12703,field_12703
F12704,field_12704
F12705,field_12705
F12706,field_12706
F12707,field_12707
F12708,field_12708
F12709,field_12709
F12710,field_12710
F12711,field_12711
F12712,field_12712
F12713,field_12713
F12714,field_12714
F12715,field_12715
F12716,field_12716
F12717,field_12717
F12718,field_12718
F12719,field_12719
F12720,field_12720
F12721,field_12721
F12722,field_12722
F12723,field_12723
F12724,field_12724
F12725,field_12725
F12726,field_12726
F12727,field_12727
F12728,field_12728
F12729,field_12729
F12730,field_12730
F12731,field_12731
F12732,field_12732
F12733,field_12733
F12734,field_12734
F12735,field_12735
F12736,field_12736
F12737,field_12737
F12738,field_12738
F12739,field_12739
F12740,field_12740
F12741,field_12741
F12742,field_12742
F12743,field_12743
F12744,field_12744
F12745,field_12745
F12746,field_12746
F12747,field_12747
F12748,field_12748
F12749,field_12749
F12750,field_12750
F12751,field_12751
F12752,field_12752
F12753,field_12753
F12754,field_12754
F12755,field_12755
F12756,field_12756
F12757,field_12757
F12758,field_12758
F12759,field_12759
F12760,field_12760
F12761,field_12761
F12762,field_12762
F12763,field_12763
F12764,field_12764
F12765,field_12765
F12766,field_12766
F12767,field_12767
F12768,field_12768
F12769,field_12769
F12770,field_12770
F12771,field_12771
F12772,field_12772
F12773,field_12773
F12774,field_12774
F12775,field_12775
F12776,field_12776
F12777,field_12777
F12778,field_12778
F12779,field_12779
F12780,field_12780
F12781,field_12781
F12782,field_12782
F12783,field_12783
F12784,field_12784
F12785,field_12785
F12786,field_12786
F12787,field_12787
F12788,field_12788
F12789,field_12789
F12790,field_12790
F12791,field_12791
F12792,field_12792
F12793,field_12793
F12794,field_12794
F12795,field_12795
F12796,field_12796
F12797,field_12797
F12798,field_12798
F12799,field_12799
F12800,field_12800
F12801,field_12801
F12802,field_12802
F12803,field_12803
F12804,field_12804
F12805,field_12805
F12806,field_12806
F12807,field_12807
F12808,field_12808
F12809,field_12809
F12810,field_12810
F12811,field_12811
F12812,field_12812
F12813,field_12813
F12814,field_12814
F12815,field_12815
F12816,field_12816
F12817,field_12817
F12818,field_12818
F12819,field_12819
F12820,field_12820
F12821,field_12821
F12822,field_12822
F12823,field_12823
F12824,field_12824
F12825,field_12825
F12826,field_12826
F12827,field_12827
F12828,field_12828
F12829,field_12829
F12830,field_12830
F12831,field_12831
F12832,field_12832
F12833,field_12833
F12834,field_12834
F12835,field_12835
F12836,field_12836
F12837,field_12837
F12838,field_12838
F12839,field_12839
F12840,field_12840
F12841,field_12841
F12842,field_12842
F12843,field_12843
F12844,field_12844
F12845,field_12845
F12846,field_12846
F12847,field_12847
F12848,field_12848
F12849,field_12849
F12850,field_12850
F12851,field_12851
F12852,field_12852
F12853,field_12853
F12854,field_12854
F12855,field_12855
F12856,field_12856
F12857,field_12857
F12858,field_12858
F12859,field_12859
F12860,field_12860
F12861,field_12861
F12862,field_12862
F12863,field_12863
F12864,field_12864
F12865,field_12865
F12866,field_12866
F12867,field_12867
F12868,field_12868
F12869,field_12869
F12870,field_12870
F12871,field_12871
F12872,field_12872
F12873,field_12873
F12874,field_12874
F12875,field_12875
F12876,field_12876
F12877,field_12877
F12878,field_12878
F12879,field_12879
F12880,field_12880
F12881,field_12881
F12882,field_12882
F12883,field_12883
F12884,field_12884
F12885,field_12885
F12886,field_12886
F12887,field_12887
F12888,field_12888
F12889,field_12889
F12890,field_12890
F12891,field_12891
F12892,field_12892
F12893,field_12893
F12894,field_12894
F12895,field_12895
F12896,field_12896
F12897,field_12897
F12898,field_12898
F12899,field_12899
F12900,field_12900
F12901,field_12901
F12902,field_12902
F12903,field_12903
F12904,field_12904
F12905,field_12905
F12906,field_12906
F12907,field_12907
F12908,field_12908
F12909,field_12909
F12910,field_12910
F12911,field_12911
F12912,field_12912
F12913,field_12913
F12914,field_12914
F12915,field_12915
F12916,field_12916
F12917,field_12917
F12918,field_12918
F12919,field_12919
F12920,field_12920
F12921,field_12921
F12922,field_12922
F12923,field_12923
F12924,field_12924
F12925,field_12925
F12926,field_12926
F12927,field_12927
F12928,field_12928
F12929,field_12929
F12930,field_12930
F12931,field_12931
F12932,field_12932
F12933,field_12933
F12934,field_12934
F12935,field_12935
F12936,field_12936
F12937,field_12937
F12938,field_12938
F12939,field_12939
F12940,field_12940
F12941,field_12941
F12942,field_12942
F12943,field_12943
F12944,field_12944
F12945,field_12945
F12946,field_12946
F12947,field_12947
F12948,field_12948
F12949,field_12949
F12950,field_12950
F12951,field_12951
F12952,field_12952
F12953,field_12953
F12954,field_12954
F12955,field_12955
F12956,field_12956
F12957,field_12957
F12958,field_12958
F12959,field_12959
F12960,field_12960
F12961,field_12961
F12962,field_12962
F12963,field_12963
F12964,field_12964
F12965,field_12965
F12966,field_12966
F12967,field_12967
F12968,field_12968
F12969,field_12969
F12970,field_12970
F12971,field_12971
F12972,field_12972
F12973,field_12973
F12974,field_12974
F12975,field_12975
F12976,field_12976
F12977,field_12977
F12978,field_12978
F12979,field_12979
F12980,field_12980
F12981,field_12981
F12982,field_12982
F12983,field_12983
F12984,field_12984
F12985,field_12985
F12986,field_12986
F12987,field_12987
F12988,field_12988
F12989,field_12989
F12990,field_12990
F12991,field_12991
F12992,field_12992
F12993,field_12993
F12994,field_12994
F12995,field_12995
F12996,field_12996
F12997,field_12997
F12998,field_12998
F12999,field_12999
F13000,field_13000
F13001,field_13001
F13002,field_13002
F13003,field_13003
F13004,field_13004
F13005,field_13005
F13006,field_13006
F13007,field_13007
F13008,field_13008
F13009,field_13009
F13010,field_13010
F13011,field_13011
F13012,field_13012
F13013,field_13013
F13014,field_13014
F13015,field_13015
F13016,field_13016
F13017,field_13017
F13018,field_13018
F13019,field_13019
F13020,field_13020
F13021,field_13021
F13022,field_13022
F13023,field_13023
F13024,field_13024
F13025,field_13025
F13026,field_13026
F13027,field_13027
F13028,field_13028
F13029,field_13029
F13030,field_13030
F13031,field_13031
F13032,field_13032
F13033,field_13033
F13034,field_13034
F13035,field_13035
F13036,field_13036
F13037,field_13037
F13038,field_13038
F13039,field_13039
F13040,field_13040
F13041,field_13041
F13042,field_13042
F13043,field_13043
F13044,field_13044
F13045,field_13045
F13046,field_13046
F13047,field_13047
F13048,field_13048
F13049,field_13049
F13050,field_13050
F13051,field_13051
F13052,field_13052
F13053,field_13053
F13054,field_13054
F13055,field_13055
F13056,field_13056
F13057,field_13057
F13058,field_13058
F13059,field_13059
F13060,field_13060
F13061,field_13061
F13062,field_13062
F13063,field_13063
F13064,field_13064
F13065,field_13065
F13066,field_13066
F13067,field_13067
F13068,field_13068
F13069,field_13069
F13070,field_13070
F13071,field_13071
F13072,field_13072
F13073,field_13073
F13074,field_13074
F13075,field_13075
F13076,field_13076
F13077,field_13077
F13078,field_13078
F13079,field_13079
F13080,field_13080
F13081,field_13081
F13082,field_13082
F13083,field_13083
F13084,field_13084
F13085,field_13085
F13086,field_13086
F13087,field_13087
F13088,field_13088
F13089,field_13089
F13090,field_13090
F13091,field_13091
F13092,field_13092
F13093,field_13093
F13094,field_13094
F13095,field_13095
F13096,field_13096
F13097,field_13097
F13098,field_13098
F13099,field_13099
F13100,field_13100
F13101,field_13101
F13102,field_13102
F13103,field_13103
F13104,field_13104
F13105,field_13105
F13106,field_13106
F13107,field_13107
F13108,field_13108
F13109,field_13109
F13110,field_13110
F13111,field_13111
F13112,field_13112
F13113,field_13113
F13114,field_13114
F13115,field_13115
F13116,field_13116
F13117,field_13117
F13118,field_13118
F13119,field_13119
F13120,field_13120
F13121,field_13121
F13122,field_13122
F13123,field_13123
F13124,field_13124
F13125,field_13125
F13126,field_13126
F13127,field_13127
F13128,field_13128
F13129,field_13129
F13130,field_13130
F13131,field_13131
F13132,field_13132
F13133,field_13133
F13134,field_13134
F13135,field_13135
F13136,field_13136
F13137,field_13137
F13138,field_13138
F13139,field_13139
F13140,field_13140
F13141,field_13141
F13142,field_13142
F13143,field_13143
F13144,field_13144
F13145,field_13145
F13146,field_13146
F13147,field_13147
F13148,field_13148
F13149,field_13149
F13150,field_13150
F13151,field_13151
F13152,field_13152
F13153,field_13153
F13154,field_13154
F13155,field_13155
F13156,field_13156
F13157,field_13157
F13158,field_13158
F13159,field_13159
F13160,field_13160
F13161,field_13161
F13162,field_13162
F13163,field_13163
F13164,field_13164
F13165,field_13165
F13166,field_13166
F13167,field_13167
F13168,field_13168
F13169,field_13169
F13170,field_13170
F13171,field_13171
F13172,field_13172
F13173,field_13173
F13174,field_13174
F13175,field_13175
F13176,field_13176
F13177,field_13177
F13178,field_13178
F13179,field_13179
F13180,field_13180
F13181,field_13181
F13182,field_13182
F13183,field_13183
F13184,field_13184
F13185,field_13185
F13186,field_13186
F13187,field_13187
F13188,field_13188
F13189,field_13189
F13190,field_13190
F13191,field_13191
F13192,field_13192
F13193,field_13193
F13194,field_13194
F13195,field_13195
F13196,field_13196
F13197,field_13197
F13198,field_13198
F13199,field_13199
F13200,field_13200
F13201,field_13201
F13202,field_13202
F13203,field_13203
F13204,field_13204
F13205,field_13205
F13206,field_13206
F13207,field_13207
F13208,field_13208
F13209,field_13209
F13210,field_13210
F13211,field_13211
F13212,field_13212
F13213,field_13213
F13214,field_13214
F13215,field_13215
F13216,field_13216
F13217,field_13217
F13218,field_13218
F13219,field_13219
F13220,field_13220
F13221,field_13221
F13222,field_13222
F13223,field_13223
F13224,field_13224
F13225,field_13225
F13226,field_13226
F13227,field_13227
F13228,field_13228
F13229,field_13229
F13230,field_13230
F13231,field_13231
F13232,field_13232
F13233,field_13233
F13234,field_13234
F13235,field_13235
F13236,field_13236
F13237,field_13237
F13238,field_13238
F13239,field_13239
F13240,field_13240
F13241,field_13241
F13242,field_13242
F13243,field_13243
F13244,field_13244
F13245,field_13245
F13246,field_13246
F13247,field_13247
F13248,field_13248
F13249,field_13249
F13250,field_13250
F13251,field_13251
F13252,field_13252
F13253,field_13253
F13254,field_13254
F13255,field_13255
F13256,field_13256
F13257,field_13257
F13258,field_13258
F13259,field_13259
F13260,field_13260
F13261,field_13261
F13262,field_13262
F13263,field_13263
F13264,field_13264
F13265,field_13265
F13266,field_13266
F13267,field_13267
F13268,field_13268
F13269,field_13269
F13270,field_13270
F13271,field_13271
F13272,field_13272
F13273,field_13273
F13274,field_13274
F13275,field_13275
F13276,field_13276
F13277,field_13277
F13278,field_13278
F13279,field_13279
F13280,field_13280
F13281,field_13281
F13282,field_13282
F13283,field_13283
F13284,field_13284
F13285,field_13285
F13286,field_13286
F13287,field_13287
F13288,field_13288
F13289,field_13289
F13290,field_13290
F13291,field_13291
F13292,field_13292
F13293,field_13293
F13294,field_13294
F13295,field_13295
F13296,field_13296
F13297,field_13297
F13298,field_13298
F13299,field_13299
F13300,field_13300
F13301,field_13301
F13302,field_13302
F13303,field_13303
F13304,field_13304
F13305,field_13305
F13306,field_13306
F13307,field_13307
F13308,field_13308
F13309,field_13309
F13310,field_13310
F13311,field_13311
F13312,field_13312
F13313,field_13313
F13314,field_13314
F13315,field_13315
F13316,field_13316
F13317,field_13317
F13318,field_13318
F13319,field_13319
F13320,field_13320
F13321,field_13321
F13322,field_13322
F13323,field_13323
F13324,field_13324
F13325,field_13325
F13326,field_13326
F13327,field_13327
F13328,field_13328
F13329,field_13329
F13330,field_13330
F13331,field_13331
F13332,field_13332
F13333,field_13333
F13334,field_13334
F13335,field_13335
F13336,field_13336
F13337,field_13337
F13338,field_13338
F13339,field_13339
F13340,field_13340
F13341,field_13341
F13342,field_13342
F13343,field_13343
F13344,field_13344
F13345,field_13345
F13346,field_13346
F13347,field_13347
F13348,field_13348
F13349,field_13349
F13350,field_13350
F13351,field_13351
F13352,field_13352
F13353,field_13353
F13354,field_13354
F13355,field_13355
F13356,field_13356
F13357,field_13357
F13358,field_13358
F13359,field_13359
F13360,field_13360
F13361,field_13361
F13362,field_13362
F13363,field_13363
F13364,field_13364
F13365,field_13365
F13366,field_13366
F13367,field_13367
F13368,field_13368
F13369,field_13369
F13370,field_13370
F13371,field_13371
F13372,field_13372
F13373,field_13373
F13374,field_13374
F13375,field_13375
F13376,field_13376
F13377,field_13377
F13378,field_13378
F13379,field_13379
F13380,field_13380
F13381,field_13381
F13382,field_13382
F13383,field_13383
F13384,field_13384
F13385,field_13385
F13386,field_13386
F13387,field_13387
F13388,field_13388
F13389,field_13389
F13390,field_13390
F13391,field_13391
F13392,field_13392
F13393,field_13393
F13394,field_13394
F13395,field_13395
F13396,field_13396
F13397,field_13397
F13398,field_13398
F13399,field_13399
F13400,field_13400
F13401,field_13401
F13402,field_13402
F13403,field_13403
F13404,field_13404
F13405,field_13405
F13406,field_13406
F13407,field_13407
F13408,field_13408
F13409,field_13409
F13410,field_13410
F13411,field_13411
F13412,field_13412
F13413,field_13413
F13414,field_13414
F13415,field_13415
F13416,field_13416
F13417,field_13417
F13418,field_13418
F13419,field_13419
F13420,field_13420
F13421,field_13421
F13422,field_13422
F13423,field_13423
F13424,field_13424
F13425,field_13425
F13426,field_13426
F13427,field_13427
F13428,field_13428
F13429,field_13429
F13430,field_13430
F13431,field_13431
F13432,field_13432
F13433,field_13433
F13434,field_13434
F13435,field_13435
F13436,field_13436
F13437,field_13437
F13438,field_13438
F13439,field_13439
F13440,field_13440
F13441,field_13441
F13442,field_13442
F13443,field_13443
F13444,field_13444
F13445,field_13445
F13446,field_13446
F13447,field_13447
F13448,field_13448
F13449,field_13449
F13450,field_13450
F13451,field_13451
F13452,field_13452
F13453,field_13453
F13454,field_13454
F13455,field_13455
F13456,field_13456
F13457,field_13457
F13458,field_13458
F13459,field_13459
F13460,field_13460
F13461,field_13461
F13462,field_13462
F13463,field_13463
F13464,field_13464
F13465,field_13465
F13466,field_13466
F13467,field_13467
F13468,field_13468
F13469,field_13469
F13470,field_13470
F13471,field_13471
F13472,field_13472
F13473,field_13473
F13474,field_13474
F13475,field_13475
F13476,field_13476
F13477,field_13477
F13478,field_13478
F13479,field_13479
F13480,field_13480
F13481,field_13481
F13482,field_13482
F13483,field_13483
F13484,field_13484
F13485,field_13485
F13486,field_13486
F13487,field_13487
F13488,field_13488
F13489,field_13489
F13490,field_13490
F13491,field_13491
F13492,field_13492
F13493,field_13493
F13494,field_13494
F13495,field_13495
F13496,field_13496
F13497,field_13497
F13498,field_13498
F13499,field_13499
F13500,field_13500
F13501,field_13501
F13502,field_13502
F13503,field_13503
F13504,field_13504
F13505,field_13505
F13506,field_13506
F13507,field_13507
F13508,field_13508
F13509,field_13509
F13510,field_13510
F13511,field_13511
F13512,field_13512
F13513,field_13513
F13514,field_13514
F13515,field_13515
F13516,field_13516
F13517,field_13517
F13518,field_13518
F13519,field_13519
F13520,field_13520
F13521,field_13521
F13522,field_13522
F13523,field_13523
F13524,field_13524
F13525,field_13525
F13526,field_13526
F13527,field_13527
F13528,field_13528
F13529,field_13529
F13530,field_13530
F13531,field_13531
F13532,field_13532
F13533,field_13533
F13534,field_13534
F13535,field_13535
F13536,field_13536
F13537,field_13537
F13538,field_13538
F13539,field_13539
F13540,field_13540
F13541,field_13541
F13542,field_13542
F13543,field_13543
F13544,field_13544
F13545,field_13545
F13546,field_13546
F13547,field_13547
F13548,field_13548
F13549,field_13549
F13550,field_13550
F13551,field_13551
F13552,field_13552
F13553,field_13553
F13554,field_13554
F13555,field_13555
F13556,field_13556
F13557,field_13557
F13558,field_13558
F13559,field_13559
F13560,field_13560
F13561,field_13561
F13562,field_13562
F13563,field_13563
F13564,field_13564
F13565,field_13565
F13566,field_13566
F13567,field_13567
F13568,field_13568
F13569,field_13569
F13570,field_13570
F13571,field_13571
F13572,field_13572
F13573,field_13573
F13574,field_13574
F13575,field_13575
F13576,field_13576
F13577,field_13577
F13578,field_13578
F13579,field_13579
F13580,field_13580
F13581,field_13581
F13582,field_13582
F13583,field_13583
F13584,field_13584
F13585,field_13585
F13586,field_13586
F13587,field_13587
F13588,field_13588
F13589,field_13589
F13590,field_13590
F13591,field_13591
F13592,field_13592
F13593,field_13593
F13594,field_13594
F13595,field_13595
F13596,field_13596
F13597,field_13597
F13598,field_13598
F13599,field_13599
F13600,field_13600
F13601,field_13601
F13602,field_13602
F13603,field_13603
F13604,field_13604
F13605,field_13605
F13606,field_13606
F13607,field_13607
F13608,field_13608
F13609,field_13609
F13610,field_13610
F13611,field_13611
F13612,field_13612
F13613,field_13613
F13614,field_13614
F13615,field_13615
F13616,field_13616
F13617,field_13617
F13618,field_13618
F13619,field_13619
F13620,field_13620
F13621,field_13621
F13622,field_13622
F13623,field_13623
F13624,field_13624
F13625,field_13625
F13626,field_13626
F13627,field_13627
F13628,field_13628
F13629,field_13629
F13630,field_13630
F13631,field_13631
F13632,field_13632
F13633,field_13633
F13634,field_13634
F13635,field_13635
F13636,field_13636
F13637,field_13637
F13638,field_13638
F13639,field_13639
F13640,field_13640
F13641,field_13641
F13642,field_13642
F13643,field_13643
F13644,field_13644
F13645,field_13645
F13646,field_13646
F13647,field_13647
F13648,field_13648
F13649,field_13649
F13650,field_13650
F13651,field_13651
F13652,field_13652
F13653,field_13653
F13654,field_13654
F13655,field_13655
F13656,field_13656
F13657,field_13657
F13658,field_13658
F13659,field_13659
F13660,field_13660
F13661,field_13661
F13662,field_13662
F13663,field_13663
F13664,field_13664
F13665,field_13665
F13666,field_13666
F13667,field_13667
F13668,field_13668
F13669,field_13669
F13670,field_13670
F13671,field_13671
F13672,field_13672
F13673,field_13673
F13674,field_13674
F13675,field_13675
F13676,field_13676
F13677,field_13677
F13678,field_13678
F13679,field_13679
F13680,field_13680
F13681,field_13681
F13682,field_13682
F13683,field_13683
F13684,field_13684
F13685,field_13685
F13686,field_13686
F13687,field_13687
F13688,field_13688
F13689,field_13689
F13690,field_13690
F13691,field_13691
F13692,field_13692
F13693,field_13693
F13694,field_13694
F13695,field_13695
F13696,field_13696
F13697,field_13697
F13698,field_13698
F13699,field_13699
F13700,field_13700
F13701,field_13701
F13702,field_13702
F13703,field_13703
F13704,field_13704
F13705,field_13705
F13706,field_13706
F13707,field_13707
F13708,field_13708
F13709,field_13709
F13710,field_13710
F13711,field_13711
F13712,field_13712
F13713,field_13713
F13714,field_13714
F13715,field_13715
F13716,field_13716
F13717,field_13717
F13718,field_13718
F13719,field_13719
F13720,field_13720
F13721,field_13721
F13722,field_13722
F13723,field_13723
F13724,field_13724
F13725,field_13725
F13726,field_13726
F13727,field_13727
F13728,field_13728
F13729,field_13729
F13730,field_13730
F13731,field_13731
F13732,field_13732
F13733,field_13733
F13734,field_13734
F13735,field_13735
F13736,field_13736
F13737,field_13737
F13738,field_13738
F13739,field_13739
F13740,field_13740
F13741,field_13741
F13742,field_13742
F13743,field_13743
F13744,field_13744
F13745,field_13745
F13746,field_13746
F13747,field_13747
F13748,field_13748
F13749,field_13749
F13750,field_13750
F13751,field_13751
F13752,field_13752
F13753,field_13753
F13754,field_13754
F13755,field_13755
F13756,field_13756
F13757,field_13757
F13758,field_13758
F13759,field_13759
F13760,field_13760
F13761,field_13761
F13762,field_13762
F13763,field_13763
F13764,field_13764
F13765,field_13765
F13766,field_13766
F13767,field_13767
F13768,field_13768
F13769,field_13769
F13770,field_13770
F13771,field_13771
F13772,field_13772
F13773,field_13773
F13774,field_13774
F13775,field_13775
F13776,field_13776
F13777,field_13777
F13778,field_13778
F13779,field_13779
F13780,field_13780
F13781,field_13781
F13782,field_13782
F13783,field_13783
F13784,field_13784
F13785,field_13785
F13786,field_13786
F13787,field_13787
F13788,field_13788
F13789,field_13789
F13790,field_13790
F13791,field_13791
F13792,field_13792
F13793,field_13793
F13794,field_13794
F13795,field_13795
F13796,field_13796
F13797,field_13797
F13798,field_13798
F13799,field_13799
F13800,field_13800
F13801,field_13801
F13802,field_13802
F13803,field_13803
F13804,field_13804
F13805,field_13805
F13806,field_13806
F13807,field_13807
F13808,field_13808
F13809,field_13809
F13810,field_13810
F13811,field_13811
F13812,field_13812
F13813,field_13813
F13814,field_13814
F13815,field_13815
F13816,field_13816
F13817,field_13817
F13818,field_13818
F13819,field_13819
F13820,field_13820
F13821,field_13821
F13822,field_13822
F13823,field_13823
F13824,field_13824
F13825,field_13825
F13826,field_13826
F13827,field_13827
F13828,field_13828
F13829,field_13829
F13830,field_13830
F13831,field_13831
F13832,field_13832
F13833,field_13833
F13834,field_13834
F13835,field_13835
F13836,field_13836
F13837,field_13837
F13838,field_13838
F13839,field_13839
F13840,field_13840
F13841,field_13841
F13842,field_13842
F13843,field_13843
F13844,field_13844
F13845,field_13845
F13846,field_13846
F13847,field_13847
F13848,field_13848
F13849,field_13849
F13850,field_13850
F13851,field_13851
F13852,field_13852
F13853,field_13853
F13854,field_13854
F13855,field_13855
F13856,field_13856
F13857,field_13857
F13858,field_13858
F13859,field_13859
F13860,field_13860
F13861,field_13861
F13862,field_13862
F13863,field_13863
F13864,field_13864
F13865,field_13865
F13866,field_13866
F13867,field_13867
F13868,field_13868
F13869,field_13869
F13870,field_13870
F13871,field_13871
F13872,field_13872
F13873,field_13873
F13874,field_13874
F13875,field_13875
F13876,field_13876
F13877,field_13877
F13878,field_13878
F13879,field_13879
F13880,field_13880
F13881,field_13881
F13882,field_13882
F13883,field_13883
F13884,field_13884
F13885,field_13885
F13886,field_13886
F13887,field_13887
F13888,field_13888
F13889,field_13889
F13890,field_13890
F13891,field_13891
F13892,field_13892
F13893,field_13893
F13894,field_13894
F13895,field_13895
F13896,field_13896
F13897,field_13897
F13898,field_13898
F13899,field_13899
F13900,field_13900
F13901,field_13901
F13902,field_13902
F13903,field_13903
F13904,field_13904
F13905,field_13905
F13906,field_13906
F13907,field_13907
F13908,field_13908
F13909,field_13909
F13910,field_13910
F13911,field_13911
F13912,field_13912
F13913,field_13913
F13914,field_13914
F13915,field_13915
F13916,field_13916
F13917,field_13917
F13918,field_13918
F13919,field_13919
F13920,field_13920
F13921,field_13921
F13922,field_13922
F13923,field_13923
F13924,field_13924
F13925,field_13925
F13926,field_13926
F13927,field_13927
F13928,field_13928
F13929,field_13929
F13930,field_13930
F13931,field_13931
F13932,field_13932
F13933,field_13933
F13934,field_13934
F13935,field_13935
F13936,field_13936
F13937,field_13937
F13938,field_13938
F13939,field_13939
F13940,field_13940
F13941,field_13941
F13942,field_13942
F13943,field_13943
F13944,field_13944
F13945,field_13945
F13946,field_13946
F13947,field_13947
F13948,field_13948
F13949,field_13949
F13950,field_13950
F13951,field_13951
F13952,field_13952
F13953,field_13953
F13954,field_13954
F13955,field_13955
F13956,field_13956
F13957,field_13957
F13958,field_13958
F13959,field_13959
F13960,field_13960
F13961,field_13961
F13962,field_13962
F13963,field_13963
F13964,field_13964
F13965,field_13965
F13966,field_13966
F13967,field_13967
F13968,field_13968
F13969,field_13969
F13970,field_13970
F13971,field_13971
F13972,field_13972
F13973,field_13973
F13974,field_13974
F13975,field_13975
F13976,field_13976
F13977,field_13977
F13978,field_13978
F13979,field_13979
F13980,field_13980
F13981,field_13981
F13982,field_13982
F13983,field_13983
F13984,field_13984
F13985,field_13985
F13986,field_13986
F13987,field_13987
F13988,field_13988
F13989,field_13989
F13990,field_13990
F13991,field_13991
F13992,field_13992
F13993,field_13993
F13994,field_13994
F13995,field_13995
F13996,field_13996
F13997,field_13997
F13998,field_13998
F13999,field_13999
F14000,field_14000
F14001,field_14001
F14002,field_14002
F14003,field_14003
F14004,field_14004
F14005,field_14005
F14006,field_14006
F14007,field_14007
F14008,field_14008
F14009,field_14009
F14010,field_14010
F14011,field_14011
F14012,field_14012
F14013,field_14013
F14014,field_14014
F14015,field_14015
F14016,field_14016
F14017,field_14017
F14018,field_14018
F14019,field_14019
F14020,field_14020
F14021,field_14021
F14022,field_14022
F14023,field_14023
F14024,field_14024
F14025,field_14025
F14026,field_14026
F14027,field_14027
F14028,field_14028
F14029,field_14029
F14030,field_14030
F14031,field_14031
F14032,field_14032
F14033,field_14033
F14034,field_14034
F14035,field_14035
F14036,field_14036
F14037,field_14037
F14038,field_14038
F14039,field_14039
F14040,field_14040
F14041,field_14041
F14042,field_14042
F14043,field_14043
F14044,field_14044
F14045,field_14045
F14046,field_14046
F14047,field_14047
F14048,field_14048
F14049,field_14049
F14050,field_14050
F14051,field_14051
F14052,field_14052
F14053,field_14053
F14054,field_14054
F14055,field_14055
F14056,field_14056
F14057,field_14057
F14058,field_14058
F14059,field_14059
F14060,field_14060
F14061,field_14061
F14062,field_14062
F14063,field_14063
F14064,field_14064
F14065,field_14065
F14066,field_14066
F14067,field_14067
F14068,field_14068
F14069,field_14069
F14070,field_14070
F14071,field_14071
F14072,field_14072
F14073,field_14073
F14074,field_14074
F14075,field_14075
F14076,field_14076
F14077,field_14077
F14078,field_14078
F14079,field_14079
F14080,field_14080
F14081,field_14081
F14082,field_14082
F14083,field_14083
F14084,field_14084
F14085,field_14085
F14086,field_14086
F14087,field_14087
F14088,field_14088
F14089,field_14089
F14090,field_14090
F14091,field_14091
F14092,field_14092
F14093,field_14093
F14094,field_14094
F14095,field_14095
F14096,field_14096
F14097,field_14097
F14098,field_14098
F14099,field_14099
F14100,field_14100
F14101,field_14101
F14102,field_14102
F14103,field_14103
F14104,field_14104
F14105,field_14105
F14106,field_14106
F14107,field_14107
F14108,field_14108
F14109,field_14109
F14110,field_14110
F14111,field_14111
F14112,field_14112
F14113,field_14113
F14114,field_14114
F14115,field_14115
F14116,field_14116
F14117,field_14117
F14118,field_14118
F14119,field_14119
F14120,field_14120
F14121,field_14121
F14122,field_14122
F14123,field_14123
F14124,field_14124
F14125,field_14125
F14126,field_14126
F14127,field_14127
F14128,field_14128
F14129,field_14129
F14130,field_14130
F14131,field_14131
F14132,field_14132
F14133,field_14133
F14134,field_14134
F14135,field_14135
F14136,field_14136
F14137,field_14137
F14138,field_14138
F14139,field_14139
F14140,field_14140
F14141,field_14141
F14142,field_14142
F14143,field_14143
F14144,field_14144
F14145,field_14145
F14146,field_14146
F14147,field_14147
F14148,field_14148
F14149,field_14149
F14150,field_14150
F14151,field_14151
F14152,field_14152
F14153,field_14153
F14154,field_14154
F14155,field_14155
F14156,field_14156
F14157,field_14157
F14158,field_14158
F14159,field_14159
F14160,field_14160
F14161,field_14161
F14162,field_14162
F14163,field_14163
F14164,field_14164
F14165,field_14165
F14166,field_14166
F14167,field_14167
F14168,field_14168
F14169,field_14169
F14170,field_14170
F14171,field_14171
F14172,field_14172
F14173,field_14173
F14174,field_14174
F14175,field_14175
F14176,field_14176
F14177,field_14177
F14178,field_14178
F14179,field_14179
F14180,field_14180
F14181,field_14181
F14182,field_14182
F14183,field_14183
F14184,field_14184
F14185,field_14185
F14186,field_14186
F14187,field_14187
F14188,field_14188
F14189,field_14189
F14190,field_14190
F14191,field_14191
F14192,field_14192
F14193,field_14193
F14194,field_14194
F14195,field_14195
F14196,field_14196
F14197,field_14197
F14198,field_14198
F14199,field_14199
F14200,field_14200
F14201,field_14201
F14202,field_14202
F14203,field_14203
F14204,field_14204
F14205,field_14205
F14206,field_14206
F14207,field_14207
F14208,field_14208
F14209,field_14209
F14210,field_14210
F14211,field_14211
F14212,field_14212
F14213,field_14213
F14214,field_14214
F14215,field_14215
F14216,field_14216
F14217,field_14217
F14218,field_14218
F14219,field_14219
F14220,field_14220
F14221,field_14221
F14222,field_14222
F14223,field_14223
F14224,field_14224
F14225,field_14225
F14226,field_14226
F14227,field_14227
F14228,field_14228
F14229,field_14229
F14230,field_14230
F14231,field_14231
F14232,field_14232
F14233,field_14233
F14234,field_14234
F14235,field_14235
F14236,field_14236
F14237,field_14237
F14238,field_14238
F14239,field_14239
F14240,field_14240
F14241,field_14241
F14242,field_14242
F14243,field_14243
F14244,field_14244
F14245,field_14245
F14246,field_14246
F14247,field_14247
F14248,field_14248
F14249,field_14249
F14250,field_14250
F14251,field_14251
F14252,field_14252
F14253,field_14253
F14254,field_14254
F14255,field_14255
F14256,field_14256
F14257,field_14257
F14258,field_14258
F14259,field_14259
F14260,field_14260
F14261,field_14261
F14262,field_14262
F14263,field_14263
F14264,field_14264
F14265,field_14265
F14266,field_14266
F14267,field_14267
F14268,field_14268
F14269,field_14269
F14270,field_14270
F14271,field_14271
F14272,field_14272
F14273,field_14273
F14274,field_14274
F14275,field_14275
F14276,field_14276
F14277,field_14277
F14278,field_14278
F14279,field_14279
F14280,field_14280
F14281,field_14281
F14282,field_14282
F14283,field_14283
F14284,field_14284
F14285,field_14285
F14286,field_14286
F14287,field_14287
F14288,field_14288
F14289,field_14289
F14290,field_14290
F14291,field_14291
F14292,field_14292
F14293,field_14293
F14294,field_14294
F14295,field_14295
F14296,field_14296
F14297,field_14297
F14298,field_14298
F14299,field_14299
F14300,field_14300
F14301,field_14301
F14302,field_14302
F14303,field_14303
F14304,field_14304
F14305,field_14305
F14306,field_14306
F14307,field_14307
F14308,field_14308
F14309,field_14309
F14310,field_14310
F14311,field_14311
F14312,field_14312
F14313,field_14313
F14314,field_14314
F14315,field_14315
F14316,field_14316
F14317,field_14317
F14318,field_14318
F14319,field_14319
F14320,field_14320
F14321,field_14321
F14322,field_14322
F14323,field_14323
F14324,field_14324
F14325,field_14325
F14326,field_14326
F14327,field_14327
F14328,field_14328
F14329,field_14329
F14330,field_14330
F14331,field_14331
F14332,field_14332
F14333,field_14333
F14334,field_14334
F14335,field_14335
F14336,field_14336
F14337,field_14337
F14338,field_14338
F14339,field_14339
F14340,field_14340
F14341,field_14341
F14342,field_14342
F14343,field_14343
F14344,field_14344
F14345,field_14345
F14346,field_14346
F14347,field_14347
F14348,field_14348
F14349,field_14349
F14350,field_14350
F14351,field_14351
F14352,field_14352
F14353,field_14353
F14354,field_14354
F14355,field_14355
F14356,field_14356
F14357,field_14357
F14358,field_14358
F14359,field_14359
F14360,field_14360
F14361,field_14361
F14362,field_14362
F14363,field_14363
F14364,field_14364
F14365,field_14365
F14366,field_14366
F14367,field_14367
F14368,field_14368
F14369,field_14369
F14370,field_14370
F14371,field_14371
F14372,field_14372
F14373,field_14373
F14374,field_14374
F14375,field_14375
F14376,field_14376
F14377,field_14377
F14378,field_14378
F14379,field_14379
F14380,field_14380
F14381,field_14381
F14382,field_14382
F14383,field_14383
F14384,field_14384
F14385,field_14385
F14386,field_14386
F14387,field_14387
F14388,field_14388
F14389,field_14389
F14390,field_14390
F14391,field_14391
F14392,field_14392
F14393,field_14393
F14394,field_14394
F14395,field_14395
F14396,field_14396
F14397,field_14397
F14398,field_14398
F14399,field_14399
F14400,field_14400
F14401,field_14401
F14402,field_14402
F14403,field_14403
F14404,field_14404
F14405,field_14405
F14406,field_14406
F14407,field_14407
F14408,field_14408
F14409,field_14409
F14410,field_14410
F14411,field_14411
F14412,field_14412
F14413,field_14413
F14414,field_14414
F14415,field_14415
F14416,field_14416
F14417,field_14417
F14418,field_14418
F14419,field_14419
F14420,field_14420
F14421,field_14421
F14422,field_14422
F14423,field_14423
F14424,field_14424
F14425,field_14425
F14426,field_14426
F14427,field_14427
F14428,field_14428
F14429,field_14429
F14430,field_14430
F14431,field_14431
F14432,field_14432
F14433,field_14433
F14434,field_14434
F14435,field_14435
F14436,field_14436
F14437,field_14437
F14438,field_14438
F14439,field_14439
F14440,field_14440
F14441,field_14441
F14442,field_14442
F14443,field_14443
F14444,field_14444
F14445,field_14445
F14446,field_14446
F14447,field_14447
F14448,field_14448
F14449,field_14449
F14450,field_14450
F14451,field_14451
F14452,field_14452
F14453,field_14453
F14454,field_14454
F14455,field_14455
F14456,field_14456
F14457,field_14457
F14458,field_14458
F14459,field_14459
F14460,field_14460
F14461,field_14461
F14462,field_14462
F14463,field_14463
F14464,field_14464
F14465,field_14465
F14466,field_14466
F14467,field_14467
F14468,field_14468
F14469,field_14469
F14470,field_14470
F14471,field_14471
F14472,field_14472
F14473,field_14473
F14474,field_14474
F14475,field_14475
F14476,field_14476
F14477,field_14477
F14478,field_14478
F14479,field_14479
F14480,field_14480
F14481,field_14481
F14482,field_14482
F14483,field_14483
F14484,field_14484
F14485,field_14485
F14486,field_14486
F14487,field_14487
F14488,field_14488
F14489,field_14489
F14490,field_14490
F14491,field_14491
F14492,field_14492
F14493,field_14493
F14494,field_14494
F14495,field_14495
F14496,field_14496
F14497,field_14497
F14498,field_14498
F14499,field_14499
F14500,field_14500
F14501,field_14501
F14502,field_14502
F14503,field_14503
F14504,field_14504
F14505,field_14505
F14506,field_14506
F14507,field_14507
F14508,field_14508
F14509,field_14509
F14510,field_14510
F14511,field_14511
F14512,field_14512
F14513,field_14513
F14514,field_14514
F14515,field_14515
F14516,field_14516
F14517,field_14517
F14518,field_14518
F14519,field_14519
F14520,field_14520
F14521,field_14521
F14522,field_14522
F14523,field_14523
F14524,field_14524
F14525,field_14525
F14526,field_14526
F14527,field_14527
F14528,field_14528
F14529,field_14529
F14530,field_14530
F14531,field_14531
F14532,field_14532
F14533,field_14533
F14534,field_14534
F14535,field_14535
F14536,field_14536
F14537,field_14537
F14538,field_14538
F14539,field_14539
F14540,field_14540
F14541,field_14541
F14542,field_14542
F14543,field_14543
F14544,field_14544
F14545,field_14545
F14546,field_14546
F14547,field_14547
F14548,field_14548
F14549,field_14549
F14550,field_14550
F14551,field_14551
F14552,field_14552
F14553,field_14553
F14554,field_14554
F14555,field_14555
F14556,field_14556
F14557,field_14557
F14558,field_14558
F14559,field_14559
F14560,field_14560
F14561,field_14561
F14562,field_14562
F14563,field_14563
F14564,field_14564
F14565,field_14565
F14566,field_14566
F14567,field_14567
F14568,field_14568
F14569,field_14569
F14570,field_14570
F14571,field_14571
F14572,field_14572
F14573,field_14573
F14574,field_14574
F14575,field_14575
F14576,field_14576
F14577,field_14577
F14578,field_14578
F14579,field_14579
F14580,field_14580
F14581,field_14581
F14582,field_14582
F14583,field_14583
F14584,field_14584
F14585,field_14585
F14586,field_14586
F14587,field_14587
F14588,field_14588
F14589,field_14589
F14590,field_14590
F14591,field_14591
F14592,field_14592
F14593,field_14593
F14594,field_14594
F14595,field_14595
F14596,field_14596
F14597,field_14597
F14598,field_14598
F14599,field_14599
F14600,field_14600
F14601,field_14601
F14602,field_14602
F14603,field_14603
F14604,field_14604
F14605,field_14605
F14606,field_14606
F14607,field_14607
F14608,field_14608
F14609,field_14609
F14610,field_14610
F14611,field_14611
F14612,field_14612
F14613,field_14613
F14614,field_14614
F14615,field_14615
F14616,field_14616
F14617,field_14617
F14618,field_14618
F14619,field_14619
F14620,field_14620
F14621,field_14621
F14622,field_14622
F14623,field_14623
F14624,field_14624
F14625,field_14625
F14626,field_14626
F14627,field_14627
F14628,field_14628
F14629,field_14629
F14630,field_14630
F14631,field_14631
F14632,field_14632
F14633,field_14633
F14634,field_14634
F14635,field_14635
F14636,field_14636
F14637,field_14637
F14638,field_14638
F14639,field_14639
F14640,field_14640
F14641,field_14641
F14642,field_14642
F14643,field_14643
F14644,field_14644
F14645,field_14645
F14646,field_14646
F14647,field_14647
F14648,field_14648
F14649,field_14649
F14650,field_14650
F14651,field_14651
F14652,field_14652
F14653,field_14653
F14654,field_14654
F14655,field_14655
F14656,field_14656
F14657,field_14657
F14658,field_14658
F14659,field_14659
F14660,field_14660
F14661,field_14661
F14662,field_14662
F14663,field_14663
F14664,field_14664
F14665,field_14665
F14666,field_14666
F14667,field_14667
F14668,field_14668
F14669,field_14669
F14670,field_14670
F14671,field_14671
F14672,field_14672
F14673,field_14673
F14674,field_14674
F14675,field_14675
F14676,field_14676
F14677,field_14677
F14678,field_14678
F14679,field_14679
F14680,field_14680
F14681,field_14681
F14682,field_14682
F14683,field_14683
F14684,field_14684
F14685,field_14685
F14686,field_14686
F14687,field_14687
F14688,field_14688
F14689,field_14689
F14690,field_14690
F14691,field_14691
F14692,field_14692
F14693,field_14693
F14694,field_14694
F14695,field_14695
F14696,field_14696
F14697,field_14697
F14698,field_14698
F14699,field_14699
F14700,field_14700
F14701,field_14701
F14702,field_14702
F14703,field_14703
F14704,field_14704
F14705,field_14705
F14706,field_14706
F14707,field_14707
F14708,field_14708
F14709,field_14709
F14710,field_14710
F14711,field_14711
F14712,field_14712
F14713,field_14713
F14714,field_14714
F14715,field_14715
F14716,field_14716
F14717,field_14717
F14718,field_14718
F14719,field_14719
F14720,field_14720
F14721,field_14721
F14722,field_14722
F14723,field_14723
F14724,field_14724
F14725,field_14725
F14726,field_14726
F14727,field_14727
F14728,field_14728
F14729,field_14729
F14730,field_14730
F14731,field_14731
F14732,field_14732
F14733,field_14733
F14734,field_14734
F14735,field_14735
F14736,field_14736
F14737,field_14737
F14738,field_14738
F14739,field_14739
F14740,field_14740
F14741,field_14741
F14742,field_14742
F14743,field_14743
F14744,field_14744
F14745,field_14745
F14746,field_14746
F14747,field_14747
F14748,field_14748
F14749,field_14749
F14750,field_14750
F14751,field_14751
F14752,field_14752
F14753,field_14753
F14754,field_14754
F14755,field_14755
F14756,field_14756
F14757,field_14757
F14758,field_14758
F14759,field_14759
F14760,field_14760
F14761,field_14761
F14762,field_14762
F14763,field_14763
F14764,field_14764
F14765,field_14765
F14766,field_14766
F14767,field_14767
F14768,field_14768
F14769,field_14769
F14770,field_14770
F14771,field_14771
F14772,field_14772
F14773,field_14773
F14774,field_14774
F14775,field_14775
F14776,field_14776
F14777,field_14777
F14778,field_14778
F14779,field_14779
F14780,field_14780
F14781,field_14781
F14782,field_14782
F14783,field_14783
F14784,field_14784
F14785,field_14785
F14786,field_14786
F14787,field_14787
F14788,field_14788
F14789,field_14789
F14790,field_14790
F14791,field_14791
F14792,field_14792
F14793,field_14793
F14794,field_14794
F14795,field_14795
F14796,field_14796
F14797,field_14797
F14798,field_14798
F14799,field_14799
F14800,field_14800
F14801,field_14801
F14802,field_14802
F14803,field_14803
F14804,field_14804
F14805,field_14805
F14806,field_14806
F14807,field_14807
F14808,field_14808
F14809,field_14809
F14810,field_14810
F14811,field_14811
F14812,field_14812
F14813,field_14813
F14814,field_14814
F14815,field_14815
F14816,field_14816
F14817,field_14817
F14818,field_14818
F14819,field_14819
F14820,field_14820
F14821,field_14821
F14822,field_14822
F14823,field_14823
F14824,field_14824
F14825,field_14825
F14826,field_14826
F14827,field_14827
F14828,field_14828
F14829,field_14829
F14830,field_14830
F14831,field_14831
F14832,field_14832
F14833,field_14833
F14834,field_14834
F14835,field_14835
F14836,field_14836
F14837,field_14837
F14838,field_14838
F14839,field_14839
F14840,field_14840
F14841,field_14841
F14842,field_14842
F14843,field_14843
F14844,field_14844
F14845,field_14845
F14846,field_14846
F14847,field_14847
F14848,field_14848
F14849,field_14849
F14850,field_14850
F14851,field_14851
F14852,field_14852
F14853,field_14853
F14854,field_14854
F14855,field_14855
F14856,field_14856
F14857,field_14857
F14858,field_14858
F14859,field_14859
F14860,field_14860
F14861,field_14861
F14862,field_14862
F14863,field_14863
F14864,field_14864
F14865,field_14865
F14866,field_14866
F14867,field_14867
F14868,field_14868
F14869,field_14869
F14870,field_14870
F14871,field_14871
F14872,field_14872
F14873,field_14873
F14874,field_14874
F14875,field_14875
F14876,field_14876
F14877,field_14877
F14878,field_14878
F14879,field_14879
F14880,field_14880
F14881,field_14881
F14882,field_14882
F14883,field_14883
F14884,field_14884
F14885,field_14885
F14886,field_14886
F14887,field_14887
F14888,field_14888
F14889,field_14889
F14890,field_14890
F14891,field_14891
F14892,field_14892
F14893,field_14893
F14894,field_14894
F14895,field_14895
F14896,field_14896
F14897,field_14897
F14898,field_14898
F14899,field_14899
F14900,field_14900
F14901,field_14901
F14902,field_14902
F14903,field_14903
F14904,field_14904
F14905,field_14905
F14906,field_14906
F14907,field_14907
F14908,field_14908
F14909,field_14909
F14910,field_14910
F14911,field_14911
F14912,field_14912
F14913,field_14913
F14914,field_14914
F14915,field_14915
F14916,field_14916
F14917,field_14917
F14918,field_14918
F14919,field_14919
F14920,field_14920
F14921,field_14921
F14922,field_14922
F14923,field_14923
F14924,field_14924
F14925,field_14925
F14926,field_14926
F14927,field_14927
F14928,field_14928
F14929,field_14929
F14930,field_14930
F14931,field_14931
F14932,field_14932
F14933,field_14933
F14934,field_14934
F14935,field_14935
F14936,field_14936
F14937,field_14937
F14938,field_14938
F14939,field_14939
F14940,field_14940
F14941,field_14941
F14942,field_14942
F14943,field_14943
F14944,field_14944
F14945,field_14945
F14946,field_14946
F14947,field_14947
F14948,field_14948
F14949,field_14949
F14950,field_14950
F14951,field_14951
F14952,field_14952
F14953,field_14953
F14954,field_14954
F14955,field_14955
F14956,field_14956
F14957,field_14957
F14958,field_14958
F14959,field_14959
F14960,field_14960
F14961,field_14961
F14962,field_14962
F14963,field_14963
F14964,field_14964
F14965,field_14965
F14966,field_14966
F14967,field_14967
F14968,field_14968
F14969,field_14969
F14970,field_14970
F14971,field_14971
F14972,field_14972
F14973,field_14973
F14974,field_14974
F14975,field_14975
F14976,field_14976
F14977,field_14977
F14978,field_14978
F14979,field_14979
F14980,field_14980
F14981,field_14981
F14982,field_14982
F14983,field_14983
F14984,field_14984
F14985,field_14985
F14986,field_14986
F14987,field_14987
F14988,field_14988
F14989,field_14989
F14990,field_14990
F14991,field_14991
F14992,field_14992
F14993,field_14993
F14994,field_14994
F14995,field_14995
F14996,field_14996
F14997,field_14997
F14998,field_14998
F14999,field_14999
F15000,field_15000
F15001,field_15001
F15002,field_15002
F15003,field_15003
F15004,field_15004
F15005,field_15005
F15006,field_15006
F15007,field_15007
F15008,field_15008
F15009,field_15009
F15010,field_15010
F15011,field_15011
F15012,field_15012
F15013,field_15013
F15014,field_15014
F15015,field_15015
F15016,field_15016
F15017,field_15017
F15018,field_15018
F15019,field_15019
F15020,field_15020
F15021,field_15021
F15022,field_15022
F15023,field_15023
F15024,field_15024
F15025,field_15025
F15026,field_15026
F15027,field_15027
F15028,field_15028
F15029,field_15029
F15030,field_15030
F15031,field_15031
F15032,field_15032
F15033,field_15033
F15034,field_15034
F15035,field_15035
F15036,field_15036
F15037,field_15037
F15038,field_15038
F15039,field_15039
F15040,field_15040
F15041,field_15041
F15042,field_15042
F15043,field_15043
F15044,field_15044
F15045,field_15045
F15046,field_15046
F15047,field_15047
F15048,field_15048
F15049,field_15049
F15050,field_15050
F15051,field_15051
F15052,field_15052
F15053,field_15053
F15054,field_15054
F15055,field_15055
F15056,field_15056
F15057,field_15057
F15058,field_15058
F15059,field_15059
F15060,field_15060
F15061,field_15061
F15062,field_15062
F15063,field_15063
F15064,field_15064
F15065,field_15065
F15066,field_15066
F15067,field_15067
F15068,field_15068
F15069,field_15069
F15070,field_15070
F15071,field_15071
F15072,field_15072
F15073,field_15073
F15074,field_15074
F15075,field_15075
F15076,field_15076
F15077,field_15077
F15078,field_15078
F15079,field_15079
F15080,field_15080
F15081,field_15081
F15082,field_15082
F15083,field_15083
F15084,field_15084
F15085,field_15085
F15086,field_15086
F15087,field_15087
F15088,field_15088
F15089,field_15089
F15090,field_15090
F15091,field_15091
F15092,field_15092
F15093,field_15093
F15094,field_15094
F15095,field_15095
F15096,field_15096
F15097,field_15097
F15098,field_15098
F15099,field_15099
F15100,field_15100
F15101,field_15101
F15102,field_15102
F15103,field_15103
F15104,field_15104
F15105,field_15105
F15106,field_15106
F15107,field_15107
F15108,field_15108
F15109,field_15109
F15110,field_15110
F15111,field_15111
F15112,field_15112
F15113,field_15113
F15114,field_15114
F15115,field_15115
F15116,field_15116
F15117,field_15117
F15118,field_15118
F15119,field_15119
F15120,field_15120
F15121,field_15121
F15122,field_15122
F15123,field_15123
F15124,field_15124
F15125,field_15125
F15126,field_15126
F15127,field_15127
F15128,field_15128
F15129,field_15129
F15130,field_15130
F15131,field_15131
F15132,field_15132
F15133,field_15133
F15134,field_15134
F15135,field_15135
F15136,field_15136
F15137,field_15137
F15138,field_15138
F15139,field_15139
F15140,field_15140
F15141,field_15141
F15142,field_15142
F15143,field_15143
F15144,field_15144
F15145,field_15145
F15146,field_15146
F15147,field_15147
F15148,field_15148
F15149,field_15149
F15150,field_15150
F15151,field_15151
F15152,field_15152
F15153,field_15153
F15154,field_15154
F15155,field_15155
F15156,field_15156
F15157,field_15157
F15158,field_15158
F15159,field_15159
F15160,field_15160
F15161,field_15161
F15162,field_15162
F15163,field_15163
F15164,field_15164
F15165,field_15165
F15166,field_15166
F15167,field_15167
F15168,field_15168
F15169,field_15169
F15170,field_15170
F15171,field_15171
F15172,field_15172
F15173,field_15173
F15174,field_15174
F15175,field_15175
F15176,field_15176
F15177,field_15177
F15178,field_15178
F15179,field_15179
F15180,field_15180
F15181,field_15181
F15182,field_15182
F15183,field_15183
F15184,field_15184
F15185,field_15185
F15186,field_15186
F15187,field_15187
F15188,field_15188
F15189,field_15189
F15190,field_15190
F15191,field_15191
F15192,field_15192
F15193,field_15193
F15194,field_15194
F15195,field_15195
F15196,field_15196
F15197,field_15197
F15198,field_15198
F15199,field_15199
F15200,field_15200
F15201,field_15201
F15202,field_15202
F15203,field_15203
F15204,field_15204
F15205,field_15205
F15206,field_15206
F15207,field_15207
F15208,field_15208
F15209,field_15209
F15210,field_15210
F15211,field_15211
F15212,field_15212
F15213,field_15213
F15214,field_15214
F15215,field_15215
F15216,field_15216
F15217,field_15217
F15218,field_15218
F15219,field_15219
F15220,field_15220
F15221,field_15221
F15222,field_15222
F15223,field_15223
F15224,field_15224
F15225,field_15225
F15226,field_15226
F15227,field_15227
F15228,field_15228
F15229,field_15229
F15230,field_15230
F15231,field_15231
F15232,field_15232
F15233,field_15233
F15234,field_15234
F15235,field_15235
F15236,field_15236
F15237,field_15237
F15238,field_15238
F15239,field_15239
F15240,field_15240
F15241,field_15241
F15242,field_15242
F15243,field_15243
F15244,field_15244
F15245,field_15245
F15246,field_15246
F15247,field_15247
F15248,field_15248
F15249,field_15249
F15250,field_15250
F15251,field_15251
F15252,field_15252
F15253,field_15253
F15254,field_15254
F15255,field_15255
F15256,field_15256
F15257,field_15257
F15258,field_15258
F15259,field_15259
F15260,field_15260
F15261,field_15261
F15262,field_15262
F15263,field_15263
F15264,field_15264
F15265,field_15265
F15266,field_15266
F15267,field_15267
F15268,field_15268
F15269,field_15269
F15270,field_15270
F15271,field_15271
F15272,field_15272
F15273,field_15273
F15274,field_15274
F15275,field_15275
F15276,field_15276
F15277,field_15277
F15278,field_15278
F15279,field_15279
F15280,field_15280
F15281,field_15281
F15282,field_15282
F15283,field_15283
F15284,field_15284
F15285,field_15285
F15286,field_15286
F15287,field_15287
F15288,field_15288
F15289,field_15289
F15290,field_15290
F15291,field_15291
F15292,field_15292
F15293,field_15293
F15294,field_15294
F15295,field_15295
F15296,field_15296
F15297,field_15297
F15298,field_15298
F15299,field_15299
F15300,field_15300
F15301,field_15301
F15302,field_15302
F15303,field_15303
F15304,field_15304
F15305,field_15305
F15306,field_15306
F15307,field_15307
F15308,field_15308
F15309,field_15309
F15310,field_15310
F15311,field_15311
F15312,field_15312
F15313,field_15313
F15314,field_15314
F15315,field_15315
F15316,field_15316
F15317,field_15317
F15318,field_15318
F15319,field_15319
F15320,field_15320
F15321,field_15321
F15322,field_15322
F15323,field_15323
F15324,field_15324
F15325,field_15325
F15326,field_15326
F15327,field_15327
F15328,field_15328
F15329,field_15329
F15330,field_15330
F15331,field_15331
F15332,field_15332
F15333,field_15333
F15334,field_15334
F15335,field_15335
F15336,field_15336
F15337,field_15337
F15338,field_15338
F15339,field_15339
F15340,field_15340
F15341,field_15341
F15342,field_15342
F15343,field_15343
F15344,field_15344
F15345,field_15345
F15346,field_15346
F15347,field_15347
F15348,field_15348
F15349,field_15349
F15350,field_15350
F15351,field_15351
F15352,field_15352
F15353,field_15353
F15354,field_15354
F15355,field_15355
F15356,field_15356
F15357,field_15357
F15358,field_15358
F15359,field_15359
F15360,field_15360
F15361,field_15361
F15362,field_15362
F15363,field_15363
F15364,field_15364
F15365,field_15365
F15366,field_15366
F15367,field_15367
F15368,field_15368
F15369,field_15369
F15370,field_15370
F15371,field_15371
F15372,field_15372
F15373,field_15373
F15374,field_15374
F15375,field_15375
F15376,field_15376
F15377,field_15377
F15378,field_15378
F15379,field_15379
F15380,field_15380
F15381,field_15381
F15382,field_15382
F15383,field_15383
F15384,field_15384
F15385,field_15385
F15386,field_15386
F15387,field_15387
F15388,field_15388
F15389,field_15389
F15390,field_15390
F15391,field_15391
F15392,field_15392
F15393,field_15393
F15394,field_15394
F15395,field_15395
F15396,field_15396
F15397,field_15397
F15398,field_15398
F15399,field_15399
F15400,field_15400
F15401,field_15401
F15402,field_15402
F15403,field_15403
F15404,field_15404
F15405,field_15405
F15406,field_15406
F15407,field_15407
F15408,field_15408
F15409,field_15409
F15410,field_15410
F15411,field_15411
F15412,field_15412
F15413,field_15413
F15414,field_15414
F15415,field_15415
F15416,field_15416
F15417,field_15417
F15418,field_15418
F15419,field_15419
F15420,field_15420
F15421,field_15421
F15422,field_15422
F15423,field_15423
F15424,field_15424
F15425,field_15425
F15426,field_15426
F15427,field_15427
F15428,field_15428
F15429,field_15429
F15430,field_15430
F15431,field_15431
F15432,field_15432
F15433,field_15433
F15434,field_15434
F15435,field_15435
F15436,field_15436
F15437,field_15437
F15438,field_15438
F15439,field_15439
F15440,field_15440
F15441,field_15441
F15442,field_15442
F15443,field_15443
F15444,field_15444
F15445,field_15445
F15446,field_15446
F15447,field_15447
F15448,field_15448
F15449,field_15449
F15450,field_15450
F15451,field_15451
F15452,field_15452
F15453,field_15453
F15454,field_15454
F15455,field_15455
F15456,field_15456
F15457,field_15457
F15458,field_15458
F15459,field_15459
F15460,field_15460
F15461,field_15461
F15462,field_15462
F15463,field_15463
F15464,field_15464
F15465,field_15465
F15466,field_15466
F15467,field_15467
F15468,field_15468
F15469,field_15469
F15470,field_15470
F15471,field_15471
F15472,field_15472
F15473,field_15473
F15474,field_15474
F15475,field_15475
F15476,field_15476
F15477,field_15477
F15478,field_15478
F15479,field_15479
F15480,field_15480
F15481,field_15481
F15482,field_15482
F15483,field_15483
F15484,field_15484
F15485,field_15485
F15486,field_15486
F15487,field_15487
F15488,field_15488
F15489,field_15489
F15490,field_15490
F15491,field_15491
F15492,field_15492
F15493,field_15493
F15494,field_15494
F15495,field_15495
F15496,field_15496
F15497,field_15497
F15498,field_15498
F15499,field_15499
F15500,field_15500
F15501,field_15501
F15502,field_15502
F15503,field_15503
F15504,field_15504
F15505,field_15505
F15506,field_15506
F15507,field_15507
F15508,field_15508
F15509,field_15509
F15510,field_15510
F15511,field_15511
F15512,field_15512
F15513,field_15513
F15514,field_15514
F15515,field_15515
F15516,field_15516
F15517,field_15517
F15518,field_15518
F15519,field_15519
F15520,field_15520
F15521,field_15521
F15522,field_15522
F15523,field_15523
F15524,field_15524
F15525,field_15525
F15526,field_15526
F15527,field_15527
F15528,field_15528
F15529,field_15529
F15530,field_15530
F15531,field_15531
F15532,field_15532
F15533,field_15533
F15534,field_15534
F15535,field_15535
F15536,field_15536
F15537,field_15537
F15538,field_15538
F15539,field_15539
F15540,field_15540
F15541,field_15541
F15542,field_15542
F15543,field_15543
F15544,field_15544
F15545,field_15545
F15546,field_15546
F15547,field_15547
F15548,field_15548
F15549,field_15549
F15550,field_15550
F15551,field_15551
F15552,field_15552
F15553,field_15553
F15554,field_15554
F15555,field_15555
F15556,field_15556
F15557,field_15557
F15558,field_15558
F15559,field_15559
F15560,field_15560
F15561,field_15561
F15562,field_15562
F15563,field_15563
F15564,field_15564
F15565,field_15565
F15566,field_15566
F15567,field_15567
F15568,field_15568
F15569,field_15569
F15570,field_15570
F15571,field_15571
F15572,field_15572
F15573,field_15573
F15574,field_15574
F15575,field_15575
F15576,field_15576
F15577,field_15577
F15578,field_15578
F15579,field_15579
F15580,field_15580
F15581,field_15581
F15582,field_15582
F15583,field_15583
F15584,field_15584
F15585,field_15585
F15586,field_15586
F15587,field_15587
F15588,field_15588
F15589,field_15589
F15590,field_15590
F15591,field_15591
F15592,field_15592
F15593,field_15593
F15594,field_15594
F15595,field_15595
F15596,field_15596
F15597,field_15597
F15598,field_15598
F15599,field_15599
F15600,field_15600
F15601,field_15601
F15602,field_15602
F15603,field_15603
F15604,field_15604
F15605,field_15605
F15606,field_15606
F15607,field_15607
F15608,field_15608
F15609,field_15609
F15610,field_15610
F15611,field_15611
F15612,field_15612
F15613,field_15613
F15614,field_15614
F15615,field_15615
F15616,field_15616
F15617,field_15617
F15618,field_15618
F15619,field_15619
F15620,field_15620
F15621,field_15621
F15622,field_15622
F15623,field_15623
F15624,field_15624
F15625,field_15625
F15626,field_15626
F15627,field_15627
F15628,field_15628
F15629,field_15629
F15630,field_15630
F15631,field_15631
F15632,field_15632
F15633,field_15633
F15634,field_15634
F15635,field_15635
F15636,field_15636
F15637,field_15637
F15638,field_15638
F15639,field_15639
F15640,field_15640
F15641,field_15641
F15642,field_15642
F15643,field_15643
F15644,field_15644
F15645,field_15645
F15646,field_15646
F15647,field_15647
F15648,field_15648
F15649,field_15649
F15650,field_15650
F15651,field_15651
F15652,field_15652
F15653,field_15653
F15654,field_15654
F15655,field_15655
F15656,field_15656
F15657,field_15657
F15658,field_15658
F15659,field_15659
F15660,field_15660
F15661,field_15661
F15662,field_15662
F15663,field_15663
F15664,field_15664
F15665,field_15665
F15666,field_15666
F15667,field_15667
F15668,field_15668
F15669,field_15669
F15670,field_15670
F15671,field_15671
F15672,field_15672
F15673,field_15673
F15674,field_15674
F15675,field_15675
F15676,field_15676
F15677,field_15677
F15678,field_15678
F15679,field_15679
F15680,field_15680
F15681,field_15681
F15682,field_15682
F15683,field_15683
F15684,field_15684
F15685,field_15685
F15686,field_15686
F15687,field_15687
F15688,field_15688
F15689,field_15689
F15690,field_15690
F15691,field_15691
F15692,field_15692
F15693,field_15693
F15694,field_15694
F15695,field_15695
F15696,field_15696
F15697,field_15697
F15698,field_15698
F15699,field_15699
F15700,field_15700
F15701,field_15701
F15702,field_15702
F15703,field_15703
F15704,field_15704
F15705,field_15705
F15706,field_15706
F15707,field_15707
F15708,field_15708
F15709,field_15709
F15710,field_15710
F15711,field_15711
F15712,field_15712
F15713,field_15713
F15714,field_15714
F15715,field_15715
F15716,field_15716
F15717,field_15717
F15718,field_15718
F15719,field_15719
F15720,field_15720
F15721,field_15721
F15722,field_15722
F15723,field_15723
F15724,field_15724
F15725,field_15725
F15726,field_15726
F15727,field_15727
F15728,field_15728
F15729,field_15729
F15730,field_15730
F15731,field_15731
F15732,field_15732
F15733,field_15733
F15734,field_15734
F15735,field_15735
F15736,field_15736
F15737,field_15737
F15738,field_15738
F15739,field_15739
F15740,field_15740
F15741,field_15741
F15742,field_15742
F15743,field_15743
F15744,field_15744
F15745,field_15745
F15746,field_15746
F15747,field_15747
F15748,field_15748
F15749,field_15749
F15750,field_15750
F15751,field_15751
F15752,field_15752
F15753,field_15753
F15754,field_15754
F15755,field_15755
F15756,field_15756
F15757,field_15757
F15758,field_15758
F15759,field_15759
F15760,field_15760
F15761,field_15761
F15762,field_15762
F15763,field_15763
F15764,field_15764
F15765,field_15765
F15766,field_15766
F15767,field_15767
F15768,field_15768
F15769,field_15769
F15770,field_15770
F15771,field_15771
F15772,field_15772
F15773,field_15773
F15774,field_15774
F15775,field_15775
F15776,field_15776
F15777,field_15777
F15778,field_15778
F15779,field_15779
F15780,field_15780
F15781,field_15781
F15782,field_15782
F15783,field_15783
F15784,field_15784
F15785,field_15785
F15786,field_15786
F15787,field_15787
F15788,field_15788
F15789,field_15789
F15790,field_15790
F15791,field_15791
F15792,field_15792
F15793,field_15793
F15794,field_15794
F15795,field_15795
F15796,field_15796
F15797,field_15797
F15798,field_15798
F15799,field_15799
F15800,field_15800
F15801,field_15801
F15802,field_15802
F15803,field_15803
F15804,field_15804
F15805,field_15805
F15806,field_15806
F15807,field_15807
F15808,field_15808
F15809,field_15809
F15810,field_15810
F15811,field_15811
F15812,field_15812
F15813,field_15813
F15814,field_15814
F15815,field_15815
F15816,field_15816
F15817,field_15817
F15818,field_15818
F15819,field_15819
F15820,field_15820
F15821,field_15821
F15822,field_15822
F15823,field_15823
F15824,field_15824
F15825,field_15825
F15826,field_15826
F15827,field_15827
F15828,field_15828
F15829,field_15829
F15830,field_15830
F15831,field_15831
F15832,field_15832
F15833,field_15833
F15834,field_15834
F15835,field_15835
F15836,field_15836
F15837,field_15837
F15838,field_15838
F15839,field_15839
F15840,field_15840
F15841,field_15841
F15842,field_15842
F15843,field_15843
F15844,field_15844
F15845,field_15845
F15846,field_15846
F15847,field_15847
F15848,field_15848
F15849,field_15849
F15850,field_15850
F15851,field_15851
F15852,field_15852
F15853,field_15853
F15854,field_15854
F15855,field_15855
F15856,field_15856
F15857,field_15857
F15858,field_15858
F15859,field_15859
F15860,field_15860
F15861,field_15861
F15862,field_15862
F15863,field_15863
F15864,field_15864
F15865,field_15865
F15866,field_15866
F15867,field_15867
F15868,field_15868
F15869,field_15869
F15870,field_15870
F15871,field_15871
F15872,field_15872
F15873,field_15873
F15874,field_15874
F15875,field_15875
F15876,field_15876
F15877,field_15877
F15878,field_15878
F15879,field_15879
F15880,field_15880
F15881,field_15881
F15882,field_15882
F15883,field_15883
F15884,field_15884
F15885,field_15885
F15886,field_15886
F15887,field_15887
F15888,field_15888
F15889,field_15889
F15890,field_15890
F15891,field_15891
F15892,field_15892
F15893,field_15893
F15894,field_15894
F15895,field_15895
F15896,field_15896
F15897,field_15897
F15898,field_15898
F15899,field_15899
F15900,field_15900
F15901,field_15901
F15902,field_15902
F15903,field_15903
F15904,field_15904
F15905,field_15905
F15906,field_15906
F15907,field_15907
F15908,field_15908
F15909,field_15909
F15910,field_15910
F15911,field_15911
F15912,field_15912
F15913,field_15913
F15914,field_15914
F15915,field_15915
F15916,field_15916
F15917,field_15917
F15918,field_15918
F15919,field_15919
F15920,field_15920
F15921,field_15921
F15922,field_15922
F15923,field_15923
F15924,field_15924
F15925,field_15925
F15926,field_15926
F15927,field_15927
F15928,field_15928
F15929,field_15929
F15930,field_15930
F15931,field_15931
F15932,field_15932
F15933,field_15933
F15934,field_15934
F15935,field_15935
F15936,field_15936
F15937,field_15937
F15938,field_15938
F15939,field_15939
F15940,field_15940
F15941,field_15941
F15942,field_15942
F15943,field_15943
F15944,field_15944
F15945,field_15945
F15946,field_15946
F15947,field_15947
F15948,field_15948
F15949,field_15949
F15950,field_15950
F15951,field_15951
F15952,field_15952
F15953,field_15953
F15954,field_15954
F15955,field_15955
F15956,field_15956
F15957,field_15957
F15958,field_15958
F15959,field_15959
F15960,field_15960
F15961,field_15961
F15962,field_15962
F15963,field_15963
F15964,field_15964
F15965,field_15965
F15966,field_15966
F15967,field_15967
F15968,field_15968
F15969,field_15969
F15970,field_15970
F15971,field_15971
F15972,field_15972
F15973,field_15973
F15974,field_15974
F15975,field_15975
F15976,field_15976
F15977,field_15977
F15978,field_15978
F15979,field_15979
F15980,field_15980
F15981,field_15981
F15982,field_15982
F15983,field_15983
F15984,field_15984
F15985,field_15985
F15986,field_15986
F15987,field_15987
F15988,field_15988
F15989,field_15989
F15990,field_15990
F15991,field_15991
F15992,field_15992
F15993,field_15993
F15994,field_15994
F15995,field_15995
F15996,field_15996
F15997,field_15997
F15998,field_15998
F15999,field_15999
F16000,field_16000
F16001,field_16001
F16002,field_16002
F16003,field_16003
F16004,field_16004
F16005,field_16005
F16006,field_16006
F16007,field_16007
F16008,field_16008
F16009,field_16009
F16010,field_16010
F16011,field_16011
F16012,field_16012
F16013,field_16013
F16014,field_16014
F16015,field_16015
F16016,field_16016
F16017,field_16017
F16018,field_16018
F16019,field_16019
F16020,field_16020
F16021,field_16021
F16022,field_16022
F16023,field_16023
F16024,field_16024
F16025,field_16025
F16026,field_16026
F16027,field_16027
F16028,field_16028
F16029,field_16029
F16030,field_16030
F16031,field_16031
F16032,field_16032
F16033,field_16033
F16034,field_16034
F16035,field_16035
F16036,field_16036
F16037,field_16037
F16038,field_16038
F16039,field_16039
F16040,field_16040
F16041,field_16041
F16042,field_16042
F16043,field_16043
F16044,field_16044
F16045,field_16045
F16046,field_16046
F16047,field_16047
F16048,field_16048
F16049,field_16049
F16050,field_16050
F16051,field_16051
F16052,field_16052
F16053,field_16053
F16054,field_16054
F16055,field_16055
F16056,field_16056
F16057,field_16057
F16058,field_16058
F16059,field_16059
F16060,field_16060
F16061,field_16061
F16062,field_16062
F16063,field_16063
F16064,field_16064
F16065,field_16065
F16066,field_16066
F16067,field_16067
F16068,field_16068
F16069,field_16069
F16070,field_16070
F16071,field_16071
F16072,field_16072
F16073,field_16073
F16074,field_16074
F16075,field_16075
F16076,field_16076
F16077,field_16077
F16078,field_16078
F16079,field_16079
F16080,field_16080
F16081,field_16081
F16082,field_16082
F16083,field_16083
F16084,field_16084
F16085,field_16085
F16086,field_16086
F16087,field_16087
F16088,field_16088
F16089,field_16089
F16090,field_16090
F16091,field_16091
F16092,field_16092
F16093,field_16093
F16094,field_16094
F16095,field_16095
F16096,field_16096
F16097,field_16097
F16098,field_16098
F16099,field_16099
F16100,field_16100
F16101,field_16101
F16102,field_16102
F16103,field_16103
F16104,field_16104
F16105,field_16105
F16106,field_16106
F16107,field_16107
F16108,field_16108
F16109,field_16109
F16110,field_16110
F16111,field_16111
F16112,field_16112
F16113,field_16113
F16114,field_16114
F16115,field_16115
F16116,field_16116
F16117,field_16117
F16118,field_16118
F16119,field_16119
F16120,field_16120
F16121,field_16121
F16122,field_16122
F16123,field_16123
F16124,field_16124
F16125,field_16125
F16126,field_16126
F16127,field_16127
F16128,field_16128
F16129,field_16129
F16130,field_16130
F16131,field_16131
F16132,field_16132
F16133,field_16133
F16134,field_16134
F16135,field_16135
F16136,field_16136
F16137,field_16137
F16138,field_16138
F16139,field_16139
F16140,field_16140
F16141,field_16141
F16142,field_16142
F16143,field_16143
F16144,field_16144
F16145,field_16145
F16146,field_16146
F16147,field_16147
F16148,field_16148
F16149,field_16149
F16150,field_16150
F16151,field_16151
F16152,field_16152
F16153,field_16153
F16154,field_16154
F16155,field_16155
F16156,field_16156
F16157,field_16157
F16158,field_16158
F16159,field_16159
F16160,field_16160
F16161,field_16161
F16162,field_16162
F16163,field_16163
F16164,field_16164
F16165,field_16165
F16166,field_16166
F16167,field_16167
F16168,field_16168
F16169,field_16169
F16170,field_16170
F16171,field_16171
F16172,field_16172
F16173,field_16173
F16174,field_16174
F16175,field_16175
F16176,field_16176
F16177,field_16177
F16178,field_16178
F16179,field_16179
F16180,field_16180
F16181,field_16181
F16182,field_16182
F16183,field_16183
F16184,field_16184
F16185,field_16185
F16186,field_16186
F16187,field_16187
F16188,field_16188
F16189,field_16189
F16190,field_16190
F16191,field_16191
F16192,field_16192
F16193,field_16193
F16194,field_16194
F16195,field_16195
F16196,field_16196
F16197,field_16197
F16198,field_16198
F16199,field_16199
F16200,field_16200
F16201,field_16201
F16202,field_16202
F16203,field_16203
F16204,field_16204
F16205,field_16205
F16206,field_16206
F16207,field_16207
F16208,field_16208
F16209,field_16209
F16210,field_16210
F16211,field_16211
F16212,field_16212
F16213,field_16213
F16214,field_16214
F16215,field_16215
F16216,field_16216
F16217,field_16217
F16218,field_16218
F16219,field_16219
F16220,field_16220
F16221,field_16221
F16222,field_16222
F16223,field_16223
F16224,field_16224
F16225,field_16225
F16226,field_16226
F16227,field_16227
F16228,field_16228
F16229,field_16229
F16230,field_16230
F16231,field_16231
F16232,field_16232
F16233,field_16233
F16234,field_16234
F16235,field_16235
F16236,field_16236
F16237,field_16237
F16238,field_16238
F16239,field_16239
F16240,field_16240
F16241,field_16241
F16242,field_16242
F16243,field_16243
F16244,field_16244
F16245,field_16245
F16246,field_16246
F16247,field_16247
F16248,field_16248
F16249,field_16249
F16250,field_16250
F16251,field_16251
F16252,field_16252
F16253,field_16253
F16254,field_16254
F16255,field_16255
F16256,field_16256
F16257,field_16257
F16258,field_16258
F16259,field_16259
F16260,field_16260
F16261,field_16261
F16262,field_16262
F16263,field_16263
F16264,field_16264
F16265,field_16265
F16266,field_16266
F16267,field_16267
F16268,field_16268
F16269,field_16269
F16270,field_16270
F16271,field_16271
F16272,field_16272
F16273,field_16273
F16274,field_16274
F16275,field_16275
F16276,field_16276
F16277,field_16277
F16278,field_16278
F16279,field_16279
F16280,field_16280
F16281,field_16281
F16282,field_16282
F16283,field_16283
F16284,field_16284
F16285,field_16285
F16286,field_16286
F16287,field_16287
F16288,field_16288
F16289,field_16289
F16290,field_16290
F16291,field_16291
F16292,field_16292
F16293,field_16293
F16294,field_16294
F16295,field_16295
F16296,field_16296
F16297,field_16297
F16298,field_16298
F16299,field_16299
F16300,field_16300
F16301,field_16301
F16302,field_16302
F16303,field_16303
F16304,field_16304
F16305,field_16305
F16306,field_16306
F16307,field_16307
F16308,field_16308
F16309,field_16309
F16310,field_16310
F16311,field_16311
F16312,field_16312
F16313,field_16313
F16314,field_16314
F16315,field_16315
F16316,field_16316
F16317,field_16317
F16318,field_16318
F16319,field_16319
F16320,field_16320
F16321,field_16321
F16322,field_16322
F16323,field_16323
F16324,field_16324
F16325,field_16325
F16326,field_16326
F16327,field_16327
F16328,field_16328
F16329,field_16329
F16330,field_16330
F16331,field_16331
F16332,field_16332
F16333,field_16333
F16334,field_16334
F16335,field_16335
F16336,field_16336
F16337,field_16337
F16338,field_16338
F16339,field_16339
F16340,field_16340
F16341,field_16341
F16342,field_16342
F16343,field_16343
F16344,field_16344
F16345,field_16345
F16346,field_16346
F16347,field_16347
F16348,field_16348
F16349,field_16349
F16350,field_16350
F16351,field_16351
F16352,field_16352
F16353,field_16353
F16354,field_16354
F16355,field_16355
F16356,field_16356
F16357,field_16357
F16358,field_16358
F16359,field_16359
F16360,field_16360
F16361,field_16361
F16362,field_16362
F16363,field_16363
F16364,field_16364
F16365,field_16365
F16366,field_16366
F16367,field_16367
F16368,field_16368
F16369,field_16369
F16370,field_16370
F16371,field_16371
F16372,field_16372
F16373,field_16373
F16374,field_16374
F16375,field_16375
F16376,field_16376
F16377,field_16377
F16378,field_16378
F16379,field_16379
F16380,field_16380
F16381,field_16381
F16382,field_16382
F16383,field_16383
F16384,field_16384
F16385,field_16385
F16386,field_16386
F16387,field_16387
F16388,field_16388
F16389,field_16389
F16390,field_16390
F16391,field_16391
F16392,field_16392
F16393,field_16393
F16394,field_16394
F16395,field_16395
F16396,field_16396
F16397,field_16397
F16398,field_16398
F16399,field_16399
F16400,field_16400
F16401,field_16401
F16402,field_16402
F16403,field_16403
F16404,field_16404
F16405,field_16405
F16406,field_16406
F16407,field_16407
F16408,field_16408
F16409,field_16409
F16410,field_16410
F16411,field_16411
F16412,field_16412
F16413,field_16413
F16414,field_16414
F16415,field_16415
F16416,field_16416
F16417,field_16417
F16418,field_16418
F16419,field_16419
F16420,field_16420
F16421,field_16421
F16422,field_16422
F16423,field_16423
F16424,field_16424
F16425,field_16425
F16426,field_16426
F16427,field_16427
F16428,field_16428
F16429,field_16429
F16430,field_16430
F16431,field_16431
F16432,field_16432
F16433,field_16433
F16434,field_16434
F16435,field_16435
F16436,field_16436
F16437,field_16437
F16438,field_16438
F16439,field_16439
F16440,field_16440
F16441,field_16441
F16442,field_16442
F16443,field_16443
F16444,field_16444
F16445,field_16445
F16446,field_16446
F16447,field_16447
F16448,field_16448
F16449,field_16449
F16450,field_16450
F16451,field_16451
F16452,field_16452
F16453,field_16453
F16454,field_16454
F16455,field_16455
F16456,field_16456
F16457,field_16457
F16458,field_16458
F16459,field_16459
F16460,field_16460
F16461,field_16461
F16462,field_16462
F16463,field_16463
F16464,field_16464
F16465,field_16465
F16466,field_16466
F16467,field_16467
F16468,field_16468
F16469,field_16469
F16470,field_16470
F16471,field_16471
F16472,field_16472
F16473,field_16473
F16474,field_16474
F16475,field_16475
F16476,field_16476
F16477,field_16477
F16478,field_16478
F16479,field_16479
F16480,field_16480
F16481,field_16481
F16482,field_16482
F16483,field_16483
F16484,field_16484
F16485,field_16485
F16486,field_16486
F16487,field_16487
F16488,field_16488
F16489,field_16489
F16490,field_16490
F16491,field_16491
F16492,field_16492
F16493,field_16493
F16494,field_16494
F16495,field_16495
F16496,field_16496
F16497,field_16497
F16498,field_16498
F16499,field_16499
F16500,field_16500
F16501,field_16501
F16502,field_16502
F16503,field_16503
F16504,field_16504
F16505,field_16505
F16506,field_16506
F16507,field_16507
F16508,field_16508
F16509,field_16509
F16510,field_16510
F16511,field_16511
F16512,field_16512
F16513,field_16513
F16514,field_16514
F16515,field_16515
F16516,field_16516
F16517,field_16517
F16518,field_16518
F16519,field_16519
F16520,field_16520
F16521,field_16521
F16522,field_16522
F16523,field_16523
F16524,field_16524
F16525,field_16525
F16526,field_16526
F16527,field_16527
F16528,field_16528
F16529,field_16529
F16530,field_16530
F16531,field_16531
F16532,field_16532
F16533,field_16533
F16534,field_16534
F16535,field_16535
F16536,field_16536
F16537,field_16537
F16538,field_16538
F16539,field_16539
F16540,field_16540
F16541,field_16541
F16542,field_16542
F16543,field_16543
F16544,field_16544
F16545,field_16545
F16546,field_16546
F16547,field_16547
F16548,field_16548
F16549,field_16549
F16550,field_16550
F16551,field_16551
F16552,field_16552
F16553,field_16553
F16554,field_16554
F16555,field_16555
F16556,field_16556
F16557,field_16557
F16558,field_16558
F16559,field_16559
F16560,field_16560
F16561,field_16561
F16562,field_16562
F16563,field_16563
F16564,field_16564
F16565,field_16565
F16566,field_16566
F16567,field_16567
F16568,field_16568
F16569,field_16569
F16570,field_16570
F16571,field_16571
F16572,field_16572
F16573,field_16573
F16574,field_16574
F16575,field_16575
F16576,field_16576
F16577,field_16577
F16578,field_16578
F16579,field_16579
F16580,field_16580
F16581,field_16581
F16582,field_16582
F16583,field_16583
F16584,field_16584
F16585,field_16585
F16586,field_16586
F16587,field_16587
F16588,field_16588
F16589,field_16589
F16590,field_16590
F16591,field_16591
F16592,field_16592
F16593,field_16593
F16594,field_16594
F16595,field_16595
F16596,field_16596
F16597,field_16597
F16598,field_16598
F16599,field_16599
F16600,field_16600
F16601,field_16601
F16602,field_16602
F16603,field_16603
F16604,field_16604
F16605,field_16605
F16606,field_16606
F16607,field_16607
F16608,field_16608
F16609,field_16609
F16610,field_16610
F16611,field_16611
F16612,field_16612
F16613,field_16613
F16614,field_16614
F16615,field_16615
F16616,field_16616
F16617,field_16617
F16618,field_16618
F16619,field_16619
F16620,field_16620
F16621,field_16621
F16622,field_16622
F16623,field_16623
F16624,field_16624
F16625,field_16625
F16626,field_16626
F16627,field_16627
F16628,field_16628
F16629,field_16629
F16630,field_16630
F16631,field_16631
F16632,field_16632
F16633,field_16633
F16634,field_16634
F16635,field_16635
F16636,field_16636
F16637,field_16637
F16638,field_16638
F16639,field_16639
F16640,field_16640
F16641,field_16641
F16642,field_16642
F16643,field_16643
F16644,field_16644
F16645,field_16645
F16646,field_16646
F16647,field_16647
F16648,field_16648
F16649,field_16649
F16650,field_16650
F16651,field_16651
F16652,field_16652
F16653,field_16653
F16654,field_16654
F16655,field_16655
F16656,field_16656
F16657,field_16657
F16658,field_16658
F16659,field_16659
F16660,field_16660
F16661,field_16661
F16662,field_16662
F16663,field_16663
F16664,field_16664
F16665,field_16665
F16666,field_16666
F16667,field_16667
F16668,field_16668
F16669,field_16669
F16670,field_16670
F16671,field_16671
F16672,field_16672
F16673,field_16673
F16674,field_16674
F16675,field_16675
F16676,field_16676
F16677,field_16677
F16678,field_16678
F16679,field_16679
F16680,field_16680
F16681,field_16681
F16682,field_16682
F16683,field_16683
F16684,field_16684
F16685,field_16685
F16686,field_16686
F16687,field_16687
F16688,field_16688
F16689,field_16689
F16690,field_16690
F16691,field_16691
F16692,field_16692
F16693,field_16693
F16694,field_16694
F16695,field_16695
F16696,field_16696
F16697,field_16697
F16698,field_16698
F16699,field_16699
F16700,field_16700
F16701,field_16701
F16702,field_16702
F16703,field_16703
F16704,field_16704
F16705,field_16705
F16706,field_16706
F16707,field_16707
F16708,field_16708
F16709,field_16709
F16710,field_16710
F16711,field_16711
F16712,field_16712
F16713,field_16713
F16714,field_16714
F16715,field_16715
F16716,field_16716
F16717,field_16717
F16718,field_16718
F16719,field_16719
F16720,field_16720
F16721,field_16721
F16722,field_16722
F16723,field_16723
F16724,field_16724
F16725,field_16725
F16726,field_16726
F16727,field_16727
F16728,field_16728
F16729,field_16729
F16730,field_16730
F16731,field_16731
F16732,field_16732
F16733,field_16733
F16734,field_16734
F16735,field_16735
F16736,field_16736
F16737,field_16737
F16738,field_16738
F16739,field_16739
F16740,field_16740
F16741,field_16741
F16742,field_16742
F16743,field_16743
F16744,field_16744
F16745,field_16745
F16746,field_16746
F16747,field_16747
F16748,field_16748
F16749,field_16749
F16750,field_16750
F16751,field_16751
F16752,field_16752
F16753,field_16753
F16754,field_16754
F16755,field_16755
F16756,field_16756
F16757,field_16757
F16758,field_16758
F16759,field_16759
F16760,field_16760
F16761,field_16761
F16762,field_16762
F16763,field_16763
F16764,field_16764
F16765,field_16765
F16766,field_16766
F16767,field_16767
F16768,field_16768
F16769,field_16769
F16770,field_16770
F16771,field_16771
F16772,field_16772
F16773,field_16773
F16774,field_16774
F16775,field_16775
F16776,field_16776
F16777,field_16777
F16778,field_16778
F16779,field_16779
F16780,field_16780
F16781,field_16781
F16782,field_16782
F16783,field_16783
F16784,field_16784
F16785,field_16785
F16786,field_16786
F16787,field_16787
F16788,field_16788
F16789,field_16789
F16790,field_16790
F16791,field_16791
F16792,field_16792
F16793,field_16793
F16794,field_16794
F16795,field_16795
F16796,field_16796
F16797,field_16797
F16798,field_16798
F16799,field_16799
F16800,field_16800
F16801,field_16801
F16802,field_16802
F16803,field_16803
F16804,field_16804
F16805,field_16805
F16806,field_16806
F16807,field_16807
F16808,field_16808
F16809,field_16809
F16810,field_16810
F16811,field_16811
F16812,field_16812
F16813,field_16813
F16814,field_16814
F16815,field_16815
F16816,field_16816
F16817,field_16817
F16818,field_16818
F16819,field_16819
F16820,field_16820
F16821,field_16821
F16822,field_16822
F16823,field_16823
F16824,field_16824
F16825,field_16825
F16826,field_16826
F16827,field_16827
F16828,field_16828
F16829,field_16829
F16830,field_16830
F16831,field_16831
F16832,field_16832
F16833,field_16833
F16834,field_16834
F16835,field_16835
F16836,field_16836
F16837,field_16837
F16838,field_16838
F16839,field_16839
F16840,field_16840
F16841,field_16841
F16842,field_16842
F16843,field_16843
F16844,field_16844
F16845,field_16845
F16846,field_16846
F16847,field_16847
F16848,field_16848
F16849,field_16849
F16850,field_16850
F16851,field_16851
F16852,field_16852
F16853,field_16853
F16854,field_16854
F16855,field_16855
F16856,field_16856
F16857,field_16857
F16858,field_16858
F16859,field_16859
F16860,field_16860
F16861,field_16861
F16862,field_16862
F16863,field_16863
F16864,field_16864
F16865,field_16865
F16866,field_16866
F16867,field_16867
F16868,field_16868
F16869,field_16869
F16870,field_16870
F16871,field_16871
F16872,field_16872
F16873,field_16873
F16874,field_16874
F16875,field_16875
F16876,field_16876
F16877,field_16877
F16878,field_16878
F16879,field_16879
F16880,field_16880
F16881,field_16881
F16882,field_16882
F16883,field_16883
F16884,field_16884
F16885,field_16885
F16886,field_16886
F16887,field_16887
F16888,field_16888
F16889,field_16889
F16890,field_16890
F16891,field_16891
F16892,field_16892
F16893,field_16893
F16894,field_16894
F16895,field_16895
F16896,field_16896
F16897,field_16897
F16898,field_16898
F16899,field_16899
F16900,field_16900
F16901,field_16901
F16902,field_16902
F16903,field_16903
F16904,field_16904
F16905,field_16905
F16906,field_16906
F16907,field_16907
F16908,field_16908
F16909,field_16909
F16910,field_16910
F16911,field_16911
F16912,field_16912
F16913,field_16913
F16914,field_16914
F16915,field_16915
F16916,field_16916
F16917,field_16917
F16918,field_16918
F16919,field_16919
F16920,field_16920
F16921,field_16921
F16922,field_16922
F16923,field_16923
F16924,field_16924
F16925,field_16925
F16926,field_16926
F16927,field_16927
F16928,field_16928
F16929,field_16929
F16930,field_16930
F16931,field_16931
F16932,field_16932
F16933,field_16933
F16934,field_16934
F16935,field_16935
F16936,field_16936
F16937,field_16937
F16938,field_16938
F16939,field_16939
F16940,field_16940
F16941,field_16941
F16942,field_16942
F16943,field_16943
F16944,field_16944
F16945,field_16945
F16946,field_16946
F16947,field_16947
F16948,field_16948
F16949,field_16949
F16950,field_16950
F16951,field_16951
F16952,field_16952
F16953,field_16953
F16954,field_16954
F16955,field_16955
F16956,field_16956
F16957,field_16957
F16958,field_16958
F16959,field_16959
F16960,field_16960
F16961,field_16961
F16962,field_16962
F16963,field_16963
F16964,field_16964
F16965,field_16965
F16966,field_16966
F16967,field_16967
F16968,field_16968
F16969,field_16969
F16970,field_16970
F16971,field_16971
F16972,field_16972
F16973,field_16973
F16974,field_16974
F16975,field_16975
F16976,field_16976
F16977,field_16977
F16978,field_16978
F16979,field_16979
F16980,field_16980
F16981,field_16981
F16982,field_16982
F16983,field_16983
F16984,field_16984
F16985,field_16985
F16986,field_16986
F16987,field_16987
F16988,field_16988
F16989,field_16989
F16990,field_16990
F16991,field_16991
F16992,field_16992
F16993,field_16993
F16994,field_16994
F16995,field_16995
F16996,field_16996
F16997,field_16997
F16998,field_16998
F16999,field_16999
F17000,field_17000
F17001,field_17001
F17002,field_17002
F17003,field_17003
F17004,field_17004
F17005,field_17005
F17006,field_17006
F17007,field_17007
F17008,field_17008
F17009,field_17009
F17010,field_17010
F17011,field_17011
F17012,field_17012
F17013,field_17013
F17014,field_17014
F17015,field_17015
F17016,field_17016
F17017,field_17017
F17018,field_17018
F17019,field_17019
F17020,field_17020
F17021,field_17021
F17022,field_17022
F17023,field_17023
F17024,field_17024
F17025,field_17025
F17026,field_17026
F17027,field_17027
F17028,field_17028
F17029,field_17029
F17030,field_17030
F17031,field_17031
F17032,field_17032
F17033,field_17033
F17034,field_17034
F17035,field_17035
F17036,field_17036
F17037,field_17037
F17038,field_17038
F17039,field_17039
F17040,field_17040
F17041,field_17041
F17042,field_17042
F17043,field_17043
F17044,field_17044
F17045,field_17045
F17046,field_17046
F17047,field_17047
F17048,field_17048
F17049,field_17049
F17050,field_17050
F17051,field_17051
F17052,field_17052
F17053,field_17053
F17054,field_17054
F17055,field_17055
F17056,field_17056
F17057,field_17057
F17058,field_17058
F17059,field_17059
F17060,field_17060
F17061,field_17061
F17062,field_17062
F17063,field_17063
F17064,field_17064
F17065,field_17065
F17066,field_17066
F17067,field_17067
F17068,field_17068
F17069,field_17069
F17070,field_17070
F17071,field_17071
F17072,field_17072
F17073,field_17073
F17074,field_17074
F17075,field_17075
F17076,field_17076
F17077,field_17077
F17078,field_17078
F17079,field_17079
F17080,field_17080
F17081,field_17081
F17082,field_17082
F17083,field_17083
F17084,field_17084
F17085,field_17085
F17086,field_17086
F17087,field_17087
F17088,field_17088
F17089,field_17089
F17090,field_17090
F17091,field_17091
F17092,field_17092
F17093,field_17093
F17094,field_17094
F17095,field_17095
F17096,field_17096
F17097,field_17097
F17098,field_17098
F17099,field_17099
F17100,field_17100
F17101,field_17101
F17102,field_17102
F17103,field_17103
F17104,field_17104
F17105,field_17105
F17106,field_17106
F17107,field_17107
F17108,field_17108
F17109,field_17109
F17110,field_17110
F17111,field_17111
F17112,field_17112
F17113,field_17113
F17114,field_17114
F17115,field_17115
F17116,field_17116
F17117,field_17117
F17118,field_17118
F17119,field_17119
F17120,field_17120
F17121,field_17121
F17122,field_17122
F17123,field_17123
F17124,field_17124
F17125,field_17125
F17126,field_17126
F17127,field_17127
F17128,field_17128
F17129,field_17129
F17130,field_17130
F17131,field_17131
F17132,field_17132
F17133,field_17133
F17134,field_17134
F17135,field_17135
F17136,field_17136
F17137,field_17137
F17138,field_17138
F17139,field_17139
F17140,field_17140
F17141,field_17141
F17142,field_17142
F17143,field_17143
F17144,field_17144
F17145,field_17145
F17146,field_17146
F17147,field_17147
F17148,field_17148
F17149,field_17149
F17150,field_17150
F17151,field_17151
F17152,field_17152
F17153,field_17153
F17154,field_17154
F17155,field_17155
F17156,field_17156
F17157,field_17157
F17158,field_17158
F17159,field_17159
F17160,field_17160
F17161,field_17161
F17162,field_17162
F17163,field_17163
F17164,field_17164
F17165,field_17165
F17166,field_17166
F17167,field_17167
F17168,field_17168
F17169,field_17169
F17170,field_17170
F17171,field_17171
F17172,field_17172
F17173,field_17173
F17174,field_17174
F17175,field_17175
F17176,field_17176
F17177,field_17177
F17178,field_17178
F17179,field_17179
F17180,field_17180
F17181,field_17181
F17182,field_17182
F17183,field_17183
F17184,field_17184
F17185,field_17185
F17186,field_17186
F17187,field_17187
F17188,field_17188
F17189,field_17189
F17190,field_17190
F17191,field_17191
F17192,field_17192
F17193,field_17193
F17194,field_17194
F17195,field_17195
F17196,field_17196
F17197,field_17197
F17198,field_17198
F17199,field_17199
F17200,field_17200
F17201,field_17201
F17202,field_17202
F17203,field_17203
F17204,field_17204
F17205,field_17205
F17206,field_17206
F17207,field_17207
F17208,field_17208
F17209,field_17209
F17210,field_17210
F17211,field_17211
F17212,field_17212
F17213,field_17213
F17214,field_17214
F17215,field_17215
F17216,field_17216
F17217,field_17217
F17218,field_17218
F17219,field_17219
F17220,field_17220
F17221,field_17221
F17222,field_17222
F17223,field_17223
F17224,field_17224
F17225,field_17225
F17226,field_17226
F17227,field_17227
F17228,field_17228
F17229,field_17229
F17230,field_17230
F17231,field_17231
F17232,field_17232
F17233,field_17233
F17234,field_17234
F17235,field_17235
F17236,field_17236
F17237,field_17237
F17238,field_17238
F17239,field_17239
F17240,field_17240
F17241,field_17241
F17242,field_17242
F17243,field_17243
F17244,field_17244
F17245,field_17245
F17246,field_17246
F17247,field_17247
F17248,field_17248
F17249,field_17249
F17250,field_17250
F17251,field_17251
F17252,field_17252
F17253,field_17253
F17254,field_17254
F17255,field_17255
F17256,field_17256
F17257,field_17257
F17258,field_17258
F17259,field_17259
F17260,field_17260
F17261,field_17261
F17262,field_17262
F17263,field_17263
F17264,field_17264
F17265,field_17265
F17266,field_17266
F17267,field_17267
F17268,field_17268
F17269,field_17269
F17270,field_17270
F17271,field_17271
F17272,field_17272
F17273,field_17273
F17274,field_17274
F17275,field_17275
F17276,field_17276
F17277,field_17277
F17278,field_17278
F17279,field_17279
F17280,field_17280
F17281,field_17281
F17282,field_17282
F17283,field_17283
F17284,field_17284
F17285,field_17285
F17286,field_17286
F17287,field_17287
F17288,field_17288
F17289,field_17289
F17290,field_17290
F17291,field_17291
F17292,field_17292
F17293,field_17293
F17294,field_17294
F17295,field_17295
F17296,field_17296
F17297,field_17297
F17298,field_17298
F17299,field_17299
F17300,field_17300
F17301,field_17301
F17302,field_17302
F17303,field_17303
F17304,field_17304
F17305,field_17305
F17306,field_17306
F17307,field_17307
F17308,field_17308
F17309,field_17309
F17310,field_17310
F17311,field_17311
F17312,field_17312
F17313,field_17313
F17314,field_17314
F17315,field_17315
F17316,field_17316
F17317,field_17317
F17318,field_17318
F17319,field_17319
F17320,field_17320
F17321,field_17321
F17322,field_17322
F17323,field_17323
F17324,field_17324
F17325,field_17325
F17326,field_17326
F17327,field_17327
F17328,field_17328
F17329,field_17329
F17330,field_17330
F17331,field_17331
F17332,field_17332
F17333,field_17333
F17334,field_17334
F17335,field_17335
F17336,field_17336
F17337,field_17337
F17338,field_17338
F17339,field_17339
F17340,field_17340
F17341,field_17341
F17342,field_17342
F17343,field_17343
F17344,field_17344
F17345,field_17345
F17346,field_17346
F17347,field_17347
F17348,field_17348
F17349,field_17349
F17350,field_17350
F17351,field_17351
F17352,field_17352
F17353,field_17353
F17354,field_17354
F17355,field_17355
F17356,field_17356
F17357,field_17357
F17358,field_17358
F17359,field_17359
F17360,field_17360
F17361,field_17361
F17362,field_17362
F17363,field_17363
F17364,field_17364
F17365,field_17365
F17366,field_17366
F17367,field_17367
F17368,field_17368
F17369,field_17369
F17370,field_17370
F17371,field_17371
F17372,field_17372
F17373,field_17373
F17374,field_17374
F17375,field_17375
F17376,field_17376
F17377,field_17377
F17378,field_17378
F17379,field_17379
F17380,field_17380
F17381,field_17381
F17382,field_17382
F17383,field_17383
F17384,field_17384
F17385,field_17385
F17386,field_17386
F17387,field_17387
F17388,field_17388
F17389,field_17389
F17390,field_17390
F17391,field_17391
F17392,field_17392
F17393,field_17393
F17394,field_17394
F17395,field_17395
F17396,field_17396
F17397,field_17397
F17398,field_17398
F17399,field_17399
F17400,field_17400
F17401,field_17401
F17402,field_17402
F17403,field_17403
F17404,field_17404
F17405,field_17405
F17406,field_17406
F17407,field_17407
F17408,field_17408
F17409,field_17409
F17410,field_17410
F17411,field_17411
F17412,field_17412
F17413,field_17413
F17414,field_17414
F17415,field_17415
F17416,field_17416
F17417,field_17417
F17418,field_17418
F17419,field_17419
F17420,field_17420
F17421,field_17421
F17422,field_17422
F17423,field_17423
F17424,field_17424
F17425,field_17425
F17426,field_17426
F17427,field_17427
F17428,field_17428
F17429,field_17429
F17430,field_17430
F17431,field_17431
F17432,field_17432
F17433,field_17433
F17434,field_17434
F17435,field_17435
F17436,field_17436
F17437,field_17437
F17438,field_17438
F17439,field_17439
F17440,field_17440
F17441,field_17441
F17442,field_17442
F17443,field_17443
F17444,field_17444
F17445,field_17445
F17446,field_17446
F17447,field_17447
F17448,field_17448
F17449,field_17449
F17450,field_17450
F17451,field_17451
F17452,field_17452
F17453,field_17453
F17454,field_17454
F17455,field_17455
F17456,field_17456
F17457,field_17457
F17458,field_17458
F17459,field_17459
F17460,field_17460
F17461,field_17461
F17462,field_17462
F17463,field_17463
F17464,field_17464
F17465,field_17465
F17466,field_17466
F17467,field_17467
F17468,field_17468
F17469,field_17469
F17470,field_17470
F17471,field_17471
F17472,field_17472
F17473,field_17473
F17474,field_17474
F17475,field_17475
F17476,field_17476
F17477,field_17477
F17478,field_17478
F17479,field_17479
F17480,field_17480
F17481,field_17481
F17482,field_17482
F17483,field_17483
F17484,field_17484
F17485,field_17485
F17486,field_17486
F17487,field_17487
F17488,field_17488
F17489,field_17489
F17490,field_17490
F17491,field_17491
F17492,field_17492
F17493,field_17493
F17494,field_17494
F17495,field_17495
F17496,field_17496
F17497,field_17497
F17498,field_17498
F17499,field_17499
F17500,field_17500
F17501,field_17501
F17502,field_17502
F17503,field_17503
F17504,field_17504
F17505,field_17505
F17506,field_17506
F17507,field_17507
F17508,field_17508
F17509,field_17509
F17510,field_17510
F17511,field_17511
F17512,field_17512
F17513,field_17513
F17514,field_17514
F17515,field_17515
F17516,field_17516
F17517,field_17517
F17518,field_17518
F17519,field_17519
F17520,field_17520
F17521,field_17521
F17522,field_17522
F17523,field_17523
F17524,field_17524
F17525,field_17525
F17526,field_17526
F17527,field_17527
F17528,field_17528
F17529,field_17529
F17530,field_17530
F17531,field_17531
F17532,field_17532
F17533,field_17533
F17534,field_17534
F17535,field_17535
F17536,field_17536
F17537,field_17537
F17538,field_17538
F17539,field_17539
F17540,field_17540
F17541,field_17541
F17542,field_17542
F17543,field_17543
F17544,field_17544
F17545,field_17545
F17546,field_17546
F17547,field_17547
F17548,field_17548
F17549,field_17549
F17550,field_17550
F17551,field_17551
F17552,field_17552
F17553,field_17553
F17554,field_17554
F17555,field_17555
F17556,field_17556
F17557,field_17557
F17558,field_17558
F17559,field_17559
F17560,field_17560
F17561,field_17561
F17562,field_17562
F17563,field_17563
F17564,field_17564
F17565,field_17565
F17566,field_17566
F17567,field_17567
F17568,field_17568
F17569,field_17569
F17570,field_17570
F17571,field_17571
F17572,field_17572
F17573,field_17573
F17574,field_17574
F17575,field_17575
F17576,field_17576
F17577,field_17577
F17578,field_17578
F17579,field_17579
F17580,field_17580
F17581,field_17581
F17582,field_17582
F17583,field_17583
F17584,field_17584
F17585,field_17585
F17586,field_17586
F17587,field_17587
F17588,field_17588
F17589,field_17589
F17590,field_17590
F17591,field_17591
F17592,field_17592
F17593,field_17593
F17594,field_17594
F17595,field_17595
F17596,field_17596
F17597,field_17597
F17598,field_17598
F17599,field_17599
F17600,field_17600
F17601,field_17601
F17602,field_17602
F17603,field_17603
F17604,field_17604
F17605,field_17605
F17606,field_17606
F17607,field_17607
F17608,field_17608
F17609,field_17609
F17610,field_17610
F17611,field_17611
F17612,field_17612
F17613,field_17613
F17614,field_17614
F17615,field_17615
F17616,field_17616
F17617,field_17617
F17618,field_17618
F17619,field_17619
F17620,field_17620
F17621,field_17621
F17622,field_17622
F17623,field_17623
F17624,field_17624
F17625,field_17625
F17626,field_17626
F17627,field_17627
F17628,field_17628
F17629,field_17629
F17630,field_17630
F17631,field_17631
F17632,field_17632
F17633,field_17633
F17634,field_17634
F17635,field_17635
F17636,field_17636
F17637,field_17637
F17638,field_17638
F17639,field_17639
F17640,field_17640
F17641,field_17641
F17642,field_17642
F17643,field_17643
F17644,field_17644
F17645,field_17645
F17646,field_17646
F17647,field_17647
F17648,field_17648
F17649,field_17649
F17650,field_17650
F17651,field_17651
F17652,field_17652
F17653,field_17653
F17654,field_17654
F17655,field_17655
F17656,field_17656
F17657,field_17657
F17658,field_17658
F17659,field_17659
F17660,field_17660
F17661,field_17661
F17662,field_17662
F17663,field_17663
F17664,field_17664
F17665,field_17665
F17666,field_17666
F17667,field_17667
F17668,field_17668
F17669,field_17669
F17670,field_17670
F17671,field_17671
F17672,field_17672
F17673,field_17673
F17674,field_17674
F17675,field_17675
F17676,field_17676
F17677,field_17677
F17678,field_17678
F17679,field_17679
F17680,field_17680
F17681,field_17681
F17682,field_17682
F17683,field_17683
F17684,field_17684
F17685,field_17685
F17686,field_17686
F17687,field_17687
F17688,field_17688
F17689,field_17689
F17690,field_17690
F17691,field_17691
F17692,field_17692
F17693,field_17693
F17694,field_17694
F17695,field_17695
F17696,field_17696
F17697,field_17697
F17698,field_17698
F17699,field_17699
F17700,field_17700
F17701,field_17701
F17702,field_17702
F17703,field_17703
F17704,field_17704
F17705,field_17705
F17706,field_17706
F17707,field_17707
F17708,field_17708
F17709,field_17709
F17710,field_17710
F17711,field_17711
F17712,field_17712
F17713,field_17713
F17714,field_17714
F17715,field_17715
F17716,field_17716
F17717,field_17717
F17718,field_17718
F17719,field_17719
F17720,field_17720
F17721,field_17721
F17722,field_17722
F17723,field_17723
F17724,field_17724
F17725,field_17725
F17726,field_17726
F17727,field_17727
F17728,field_17728
F17729,field_17729
F17730,field_17730
F17731,field_17731
F17732,field_17732
F17733,field_17733
F17734,field_17734
F17735,field_17735
F17736,field_17736
F17737,field_17737
F17738,field_17738
F17739,field_17739
F17740,field_17740
F17741,field_17741
F17742,field_17742
F17743,field_17743
F17744,field_17744
F17745,field_17745
F17746,field_17746
F17747,field_17747
F17748,field_17748
F17749,field_17749
F17750,field_17750
F17751,field_17751
F17752,field_17752
F17753,field_17753
F17754,field_17754
F17755,field_17755
F17756,field_17756
F17757,field_17757
F17758,field_17758
F17759,field_17759
F17760,field_17760
F17761,field_17761
F17762,field_17762
F17763,field_17763
F17764,field_17764
F17765,field_17765
F17766,field_17766
F17767,field_17767
F17768,field_17768
F17769,field_17769
F17770,field_17770
F17771,field_17771
F17772,field_17772
F17773,field_17773
F17774,field_17774
F17775,field_17775
F17776,field_17776
F17777,field_17777
F17778,field_17778
F17779,field_17779
F17780,field_17780
F17781,field_17781
F17782,field_17782
F17783,field_17783
F17784,field_17784
F17785,field_17785
F17786,field_17786
F17787,field_17787
F17788,field_17788
F17789,field_17789
F17790,field_17790
F17791,field_17791
F17792,field_17792
F17793,field_17793
F17794,field_17794
F17795,field_17795
F17796,field_17796
F17797,field_17797
F17798,field_17798
F17799,field_17799
F17800,field_17800
F17801,field_17801
F17802,field_17802
F17803,field_17803
F17804,field_17804
F17805,field_17805
F17806,field_17806
F17807,field_17807
F17808,field_17808
F17809,field_17809
F17810,field_17810
F17811,field_17811
F17812,field_17812
F17813,field_17813
F17814,field_17814
F17815,field_17815
F17816,field_17816
F17817,field_17817
F17818,field_17818
F17819,field_17819
F17820,field_17820
F17821,field_17821
F17822,field_17822
F17823,field_17823
F17824,field_17824
F17825,field_17825
F17826,field_17826
F17827,field_17827
F17828,field_17828
F17829,field_17829
F17830,field_17830
F17831,field_17831
F17832,field_17832
F17833,field_17833
F17834,field_17834
F17835,field_17835
F17836,field_17836
F17837,field_17837
F17838,field_17838
F17839,field_17839
F17840,field_17840
F17841,field_17841
F17842,field_17842
F17843,field_17843
F17844,field_17844
F17845,field_17845
F17846,field_17846
F17847,field_17847
F17848,field_17848
F17849,field_17849
F17850,field_17850
F17851,field_17851
F17852,field_17852
F17853,field_17853
F17854,field_17854
F17855,field_17855
F17856,field_17856
F17857,field_17857
F17858,field_17858
F17859,field_17859
F17860,field_17860
F17861,field_17861
F17862,field_17862
F17863,field_17863
F17864,field_17864
F17865,field_17865
F17866,field_17866
F17867,field_17867
F17868,field_17868
F17869,field_17869
F17870,field_17870
F17871,field_17871
F17872,field_17872
F17873,field_17873
F17874,field_17874
F17875,field_17875
F17876,field_17876
F17877,field_17877
F17878,field_17878
F17879,field_17879
F17880,field_17880
F17881,field_17881
F17882,field_17882
F17883,field_17883
F17884,field_17884
F17885,field_17885
F17886,field_17886
F17887,field_17887
F17888,field_17888
F17889,field_17889
F17890,field_17890
F17891,field_17891
F17892,field_17892
F17893,field_17893
F17894,field_17894
F17895,field_17895
F17896,field_17896
F17897,field_17897
F17898,field_17898
F17899,field_17899
F17900,field_17900
F17901,field_17901
F17902,field_17902
F17903,field_17903
F17904,field_17904
F17905,field_17905
F17906,field_17906
F17907,field_17907
F17908,field_17908
F17909,field_17909
F17910,field_17910
F17911,field_17911
F17912,field_17912
F17913,field_17913
F17914,field_17914
F17915,field_17915
F17916,field_17916
F17917,field_17917
F17918,field_17918
F17919,field_17919
F17920,field_17920
F17921,field_17921
F17922,field_17922
F17923,field_17923
F17924,field_17924
F17925,field_17925
F17926,field_17926
F17927,field_17927
F17928,field_17928
F17929,field_17929
F17930,field_17930
F17931,field_17931
F17932,field_17932
F17933,field_17933
F17934,field_17934
F17935,field_17935
F17936,field_17936
F17937,field_17937
F17938,field_17938
F17939,field_17939
F17940,field_17940
F17941,field_17941
F17942,field_17942
F17943,field_17943
F17944,field_17944
F17945,field_17945
F17946,field_17946
F17947,field_17947
F17948,field_17948
F17949,field_17949
F17950,field_17950
F17951,field_17951
F17952,field_17952
F17953,field_17953
F17954,field_17954
F17955,field_17955
F17956,field_17956
F17957,field_17957
F17958,field_17958
F17959,field_17959
F17960,field_17960
F17961,field_17961
F17962,field_17962
F17963,field_17963
F17964,field_17964
F17965,field_17965
F17966,field_17966
F17967,field_17967
F17968,field_17968
F17969,field_17969
F17970,field_17970
F17971,field_17971
F17972,field_17972
F17973,field_17973
F17974,field_17974
F17975,field_17975
F17976,field_17976
F17977,field_17977
F17978,field_17978
F17979,field_17979
F17980,field_17980
F17981,field_17981
F17982,field_17982
F17983,field_17983
F17984,field_17984
F17985,field_17985
F17986,field_17986
F17987,field_17987
F17988,field_17988
F17989,field_17989
F17990,field_17990
F17991,field_17991
F17992,field_17992
F17993,field_17993
F17994,field_17994
F17995,field_17995
F17996,field_17996
F17997,field_17997
F17998,field_17998
F17999,field_17999
