datasetId,fieldId
DS1179,F0
DS653,F1
DS1182,F2
DS656,F3
DS485,F4
DS618,F5
DS293,F6
DS1067,F7
DS452,F8
DS846,F9
DS615,F10
DS563,F11
DS124,F12
DS1140,F13
DS358,F14
DS874,F15
DS1138,F16
DS1015,F17
DS96,F18
DS705,F19
DS780,F20
DS1074,F21
DS652,F22
DS852,F23
DS836,F24
DS305,F25
DS614,F26
DS770,F27
DS376,F28
DS1101,F29
DS969,F30
DS493,F31
DS461,F32
DS615,F33
DS295,F34
DS948,F35
DS118,F36
DS1151,F37
DS845,F38
DS853,F39
DS1141,F40
DS1085,F41
DS274,F42
DS795,F43
DS497,F44
DS522,F45
DS416,F46
DS676,F47
DS161,F48
DS921,F49
DS759,F50
DS189,F51
DS1096,F52
DS390,F53
DS105,F54
DS549,F55
DS772,F56
DS80,F57
DS149,F58
DS385,F59
DS1144,F60
DS444,F61
DS981,F62
DS427,F63
DS681,F64
DS620,F65
DS31,F66
DS433,F67
DS389,F68
DS240,F69
DS980,F70
DS496,F71
DS418,F72
DS812,F73
DS490,F74
DS1130,F75
DS658,F76
DS579,F77
DS779,F78
DS954,F79
DS1092,F80
DS735,F81
DS631,F82
DS535,F83
DS736,F84
DS1050,F85
DS1018,F86
DS954,F87
DS201,F88
DS961,F89
DS655,F90
DS416,F91
DS759,F92
DS640,F93
DS847,F94
DS93,F95
DS1152,F96
DS453,F97
DS298,F98
DS33,F99
DS534,F100
DS1133,F101
DS1196,F102
DS1186,F103
DS855,F104
DS604,F105
DS312,F106
DS401,F107
DS675,F108
DS471,F109
DS777,F110
DS1166,F111
DS503,F112
DS1022,F113
DS1127,F114
DS691,F115
DS527,F116
DS1000,F117
DS1004,F118
DS943,F119
DS344,F120
DS721,F121
DS346,F122
DS286,F123
DS1119,F124
DS1000,F125
DS376,F126
DS1110,F127
DS120,F128
DS1073,F129
DS69,F130
DS152,F131
DS99,F132
DS13,F133
DS844,F134
DS281,F135
DS473,F136
DS139,F137
DS309,F138
DS18,F139
DS447,F140
DS1035,F141
DS933,F142
DS764,F143
DS123,F144
DS989,F145
DS999,F146
DS32,F147
DS13,F148
DS1089,F149
DS1129,F150
DS842,F151
DS24,F152
DS34,F153
DS1084,F154
DS562,F155
DS1097,F156
DS587,F157
DS35,F158
DS1028,F159
DS881,F160
DS367,F161
DS219,F162
DS197,F163
DS1073,F164
DS304,F165
DS493,F166
DS393,F167
DS1078,F168
DS516,F169
DS725,F170
DS547,F171
DS812,F172
DS161,F173
DS764,F174
DS831,F175
DS940,F176
DS1157,F177
DS498,F178
DS462,F179
DS614,F180
DS165,F181
DS64,F182
DS191,F183
DS830,F184
DS776,F185
DS772,F186
DS1131,F187
DS974,F188
DS114,F189
DS19,F190
DS350,F191
DS169,F192
DS1023,F193
DS888,F194
DS678,F195
DS1158,F196
DS195,F197
DS1081,F198
DS87,F199
DS470,F200
DS432,F201
DS1160,F202
DS973,F203
DS555,F204
DS95,F205
DS152,F206
DS574,F207
DS1112,F208
DS1154,F209
DS67,F210
DS367,F211
DS644,F212
DS32,F213
DS424,F214
DS295,F215
DS815,F216
DS157,F217
DS612,F218
DS332,F219
DS1154,F220
DS492,F221
DS1160,F222
DS796,F223
DS1107,F224
DS679,F225
DS786,F226
DS286,F227
DS160,F228
DS1025,F229
DS708,F230
DS109,F231
DS200,F232
DS895,F233
DS475,F234
DS155,F235
DS697,F236
DS812,F237
DS668,F238
DS60,F239
DS559,F240
DS922,F241
DS1004,F242
DS467,F243
DS728,F244
DS1132,F245
DS768,F246
DS884,F247
DS380,F248
DS1199,F249
DS778,F250
DS175,F251
DS604,F252
DS504,F253
DS150,F254
DS168,F255
DS548,F256
DS315,F257
DS778,F258
DS315,F259
DS797,F260
DS648,F261
DS738,F262
DS218,F263
DS187,F264
DS10,F265
DS631,F266
DS910,F267
DS737,F268
DS552,F269
DS209,F270
DS271,F271
DS178,F272
DS383,F273
DS882,F274
DS919,F275
DS1140,F276
DS1136,F277
DS1049,F278
DS835,F279
DS211,F280
DS53,F281
DS183,F282
DS724,F283
DS1135,F284
DS190,F285
DS664,F286
DS788,F287
DS25,F288
DS597,F289
DS847,F290
DS794,F291
DS173,F292
DS1145,F293
DS497,F294
DS1171,F295
DS1067,F296
DS347,F297
DS779,F298
DS347,F299
DS284,F300
DS550,F301
DS616,F302
DS549,F303
DS1009,F304
DS298,F305
DS129,F306
DS342,F307
DS890,F308
DS565,F309
DS862,F310
DS613,F311
DS991,F312
DS157,F313
DS739,F314
DS515,F315
DS505,F316
DS1015,F317
DS400,F318
DS937,F319
DS219,F320
DS277,F321
DS623,F322
DS13,F323
DS810,F324
DS680,F325
DS778,F326
DS674,F327
DS901,F328
DS685,F329
DS881,F330
DS278,F331
DS615,F332
DS656,F333
DS411,F334
DS981,F335
DS643,F336
DS363,F337
DS815,F338
DS653,F339
DS596,F340
DS1005,F341
DS1179,F342
DS496,F343
DS667,F344
DS770,F345
DS574,F346
DS804,F347
DS747,F348
DS233,F349
DS1154,F350
DS409,F351
DS1117,F352
DS368,F353
DS1126,F354
DS55,F355
DS945,F356
DS429,F357
DS897,F358
DS596,F359
DS141,F360
DS837,F361
DS1022,F362
DS285,F363
DS620,F364
DS495,F365
DS517,F366
DS315,F367
DS866,F368
DS772,F369
DS151,F370
DS919,F371
DS981,F372
DS1192,F373
DS820,F374
DS1094,F375
DS1037,F376
DS856,F377
DS1113,F378
DS75,F379
DS736,F380
DS1099,F381
DS174,F382
DS223,F383
DS508,F384
DS727,F385
DS340,F386
DS90,F387
DS1153,F388
DS818,F389
DS679,F390
DS881,F391
DS216,F392
DS21,F393
DS201,F394
DS529,F395
DS454,F396
DS1045,F397
DS1062,F398
DS1142,F399
DS1188,F400
DS1178,F401
DS452,F402
DS912,F403
DS766,F404
DS801,F405
DS948,F406
DS1024,F407
DS308,F408
DS706,F409
DS50,F410
DS988,F411
DS214,F412
DS605,F413
DS851,F414
DS175,F415
DS237,F416
DS290,F417
DS713,F418
DS638,F419
DS702,F420
DS932,F421
DS423,F422
DS1067,F423
DS989,F424
DS713,F425
DS975,F426
DS199,F427
DS897,F428
DS926,F429
DS653,F430
DS137,F431
DS614,F432
DS91,F433
DS235,F434
DS46,F435
DS702,F436
DS223,F437
DS336,F438
DS499,F439
DS1056,F440
DS357,F441
DS1130,F442
DS327,F443
DS677,F444
DS1146,F445
DS873,F446
DS946,F447
DS474,F448
DS829,F449
DS377,F450
DS381,F451
DS885,F452
DS810,F453
DS59,F454
DS404,F455
DS920,F456
DS879,F457
DS796,F458
DS9,F459
DS439,F460
DS421,F461
DS570,F462
DS128,F463
DS1182,F464
DS208,F465
DS1099,F466
DS382,F467
DS749,F468
DS667,F469
DS403,F470
DS937,F471
DS233,F472
DS537,F473
DS1002,F474
DS1080,F475
DS641,F476
DS795,F477
DS803,F478
DS233,F479
DS712,F480
DS720,F481
DS937,F482
DS353,F483
DS609,F484
DS173,F485
DS274,F486
DS641,F487
DS241,F488
DS488,F489
DS625,F490
DS239,F491
DS374,F492
DS764,F493
DS289,F494
DS1046,F495
DS795,F496
DS856,F497
DS282,F498
DS1177,F499
DS785,F500
DS866,F501
DS380,F502
DS996,F503
DS1100,F504
DS354,F505
DS1136,F506
DS341,F507
DS1002,F508
DS591,F509
DS287,F510
DS383,F511
DS644,F512
DS923,F513
DS109,F514
DS735,F515
DS19,F516
DS992,F517
DS279,F518
DS399,F519
DS786,F520
DS1150,F521
DS1035,F522
DS1013,F523
DS837,F524
DS1007,F525
DS851,F526
DS909,F527
DS1000,F528
DS342,F529
DS169,F530
DS1157,F531
DS63,F532
DS451,F533
DS598,F534
DS66,F535
DS562,F536
DS460,F537
DS1101,F538
DS591,F539
DS344,F540
DS936,F541
DS1158,F542
DS1014,F543
DS1125,F544
DS1046,F545
DS231,F546
DS1172,F547
DS233,F548
DS548,F549
DS1112,F550
DS751,F551
DS1110,F552
DS85,F553
DS903,F554
DS1118,F555
DS447,F556
DS870,F557
DS209,F558
DS506,F559
DS609,F560
DS66,F561
DS921,F562
DS538,F563
DS713,F564
DS178,F565
DS899,F566
DS240,F567
DS485,F568
DS429,F569
DS718,F570
DS876,F571
DS339,F572
DS285,F573
DS423,F574
DS423,F575
DS121,F576
DS1167,F577
DS718,F578
DS1090,F579
DS575,F580
DS1103,F581
DS344,F582
DS662,F583
DS599,F584
DS592,F585
DS1172,F586
DS547,F587
DS1053,F588
DS195,F589
DS277,F590
DS842,F591
DS121,F592
DS567,F593
DS259,F594
DS271,F595
DS511,F596
DS299,F597
DS659,F598
DS506,F599
DS804,F600
DS1002,F601
DS291,F602
DS1182,F603
DS550,F604
DS848,F605
DS768,F606
DS925,F607
DS154,F608
DS190,F609
DS825,F610
DS1055,F611
DS569,F612
DS755,F613
DS931,F614
DS999,F615
DS670,F616
DS1191,F617
DS5,F618
DS190,F619
DS938,F620
DS733,F621
DS129,F622
DS1094,F623
DS814,F624
DS446,F625
DS879,F626
DS433,F627
DS1013,F628
DS549,F629
DS661,F630
DS580,F631
DS691,F632
DS1120,F633
DS1183,F634
DS267,F635
DS1159,F636
DS993,F637
DS703,F638
DS99,F639
DS94,F640
DS203,F641
DS941,F642
DS33,F643
DS254,F644
DS323,F645
DS903,F646
DS934,F647
DS1,F648
DS876,F649
DS414,F650
DS270,F651
DS618,F652
DS325,F653
DS561,F654
DS191,F655
DS738,F656
DS512,F657
DS168,F658
DS761,F659
DS338,F660
DS106,F661
DS811,F662
DS625,F663
DS479,F664
DS879,F665
DS186,F666
DS194,F667
DS2,F668
DS437,F669
DS976,F670
DS159,F671
DS271,F672
DS463,F673
DS1063,F674
DS911,F675
DS19,F676
DS16,F677
DS703,F678
DS246,F679
DS864,F680
DS270,F681
DS978,F682
DS145,F683
DS468,F684
DS784,F685
DS182,F686
DS209,F687
DS211,F688
DS641,F689
DS752,F690
DS612,F691
DS280,F692
DS783,F693
DS272,F694
DS292,F695
DS140,F696
DS1086,F697
DS1153,F698
DS17,F699
DS336,F700
DS901,F701
DS719,F702
DS436,F703
DS310,F704
DS843,F705
DS906,F706
DS444,F707
DS177,F708
DS205,F709
DS286,F710
DS252,F711
DS786,F712
DS719,F713
DS879,F714
DS644,F715
DS286,F716
DS507,F717
DS567,F718
DS172,F719
DS508,F720
DS1133,F721
DS583,F722
DS54,F723
DS617,F724
DS420,F725
DS1060,F726
DS1043,F727
DS386,F728
DS802,F729
DS605,F730
DS111,F731
DS490,F732
DS1013,F733
DS790,F734
DS230,F735
DS493,F736
DS1023,F737
DS145,F738
DS1081,F739
DS24,F740
DS739,F741
DS648,F742
DS270,F743
DS792,F744
DS1164,F745
DS861,F746
DS748,F747
DS1118,F748
DS353,F749
DS964,F750
DS149,F751
DS34,F752
DS138,F753
DS28,F754
DS536,F755
DS441,F756
DS81,F757
DS123,F758
DS815,F759
DS1037,F760
DS586,F761
DS1026,F762
DS850,F763
DS867,F764
DS823,F765
DS168,F766
DS1098,F767
DS1101,F768
DS312,F769
DS568,F770
DS171,F771
DS634,F772
DS161,F773
DS1047,F774
DS416,F775
DS318,F776
DS1098,F777
DS669,F778
DS800,F779
DS135,F780
DS635,F781
DS895,F782
DS488,F783
DS118,F784
DS500,F785
DS176,F786
DS889,F787
DS237,F788
DS928,F789
DS112,F790
DS633,F791
DS359,F792
DS244,F793
DS25,F794
DS281,F795
DS23,F796
DS335,F797
DS1016,F798
DS710,F799
DS1071,F800
DS1059,F801
DS530,F802
DS341,F803
DS761,F804
DS259,F805
DS550,F806
DS241,F807
DS60,F808
DS686,F809
DS879,F810
DS557,F811
DS1072,F812
DS130,F813
DS538,F814
DS1180,F815
DS157,F816
DS1016,F817
DS932,F818
DS1046,F819
DS737,F820
DS113,F821
DS1023,F822
DS1160,F823
DS341,F824
DS753,F825
DS322,F826
DS522,F827
DS210,F828
DS1175,F829
DS236,F830
DS467,F831
DS1042,F832
DS5,F833
DS90,F834
DS25,F835
DS500,F836
DS94,F837
DS966,F838
DS745,F839
DS784,F840
DS307,F841
DS366,F842
DS72,F843
DS1132,F844
DS858,F845
DS459,F846
DS659,F847
DS508,F848
DS852,F849
DS655,F850
DS555,F851
DS159,F852
DS1170,F853
DS763,F854
DS244,F855
DS1028,F856
DS107,F857
DS367,F858
DS457,F859
DS1056,F860
DS94,F861
DS821,F862
DS141,F863
DS952,F864
DS578,F865
DS636,F866
DS670,F867
DS176,F868
DS1132,F869
DS935,F870
DS16,F871
DS755,F872
DS410,F873
DS597,F874
DS1154,F875
DS622,F876
DS496,F877
DS950,F878
DS754,F879
DS1010,F880
DS400,F881
DS1119,F882
DS502,F883
DS308,F884
DS13,F885
DS839,F886
DS48,F887
DS477,F888
DS1109,F889
DS709,F890
DS19,F891
DS686,F892
DS2,F893
DS770,F894
DS629,F895
DS212,F896
DS420,F897
DS1085,F898
DS487,F899
DS859,F900
DS1007,F901
DS122,F902
DS291,F903
DS573,F904
DS190,F905
DS89,F906
DS474,F907
DS1064,F908
DS845,F909
DS762,F910
DS938,F911
DS173,F912
DS1189,F913
DS195,F914
DS1035,F915
DS273,F916
DS807,F917
DS153,F918
DS1162,F919
DS127,F920
DS890,F921
DS267,F922
DS484,F923
DS597,F924
DS534,F925
DS645,F926
DS804,F927
DS668,F928
DS651,F929
DS927,F930
DS556,F931
DS478,F932
DS152,F933
DS415,F934
DS278,F935
DS1197,F936
DS223,F937
DS318,F938
DS216,F939
DS336,F940
DS920,F941
DS954,F942
DS643,F943
DS832,F944
DS247,F945
DS1097,F946
DS733,F947
DS425,F948
DS925,F949
DS631,F950
DS948,F951
DS542,F952
DS245,F953
DS185,F954
DS322,F955
DS623,F956
DS82,F957
DS440,F958
DS671,F959
DS303,F960
DS186,F961
DS508,F962
DS728,F963
DS811,F964
DS1051,F965
DS100,F966
DS612,F967
DS532,F968
DS356,F969
DS63,F970
DS828,F971
DS926,F972
DS1138,F973
DS1126,F974
DS511,F975
DS193,F976
DS946,F977
DS208,F978
DS286,F979
DS248,F980
DS24,F981
DS126,F982
DS455,F983
DS267,F984
DS405,F985
DS820,F986
DS762,F987
DS172,F988
DS1192,F989
DS530,F990
DS153,F991
DS44,F992
DS132,F993
DS404,F994
DS908,F995
DS263,F996
DS188,F997
DS679,F998
DS250,F999
DS87,F1000
DS944,F1001
DS103,F1002
DS344,F1003
DS1175,F1004
DS887,F1005
DS808,F1006
DS1016,F1007
DS60,F1008
DS783,F1009
DS873,F1010
DS353,F1011
DS724,F1012
DS439,F1013
DS383,F1014
DS563,F1015
DS573,F1016
DS913,F1017
DS304,F1018
DS70,F1019
DS503,F1020
DS604,F1021
DS1021,F1022
DS843,F1023
DS1127,F1024
DS981,F1025
DS124,F1026
DS179,F1027
DS572,F1028
DS784,F1029
DS281,F1030
DS858,F1031
DS408,F1032
DS1076,F1033
DS510,F1034
DS1113,F1035
DS39,F1036
DS783,F1037
DS735,F1038
DS982,F1039
DS1115,F1040
DS992,F1041
DS704,F1042
DS1158,F1043
DS1028,F1044
DS658,F1045
DS795,F1046
DS553,F1047
DS368,F1048
DS53,F1049
DS653,F1050
DS448,F1051
DS60,F1052
DS575,F1053
DS119,F1054
DS966,F1055
DS1084,F1056
DS732,F1057
DS1196,F1058
DS476,F1059
DS326,F1060
DS205,F1061
DS507,F1062
DS493,F1063
DS545,F1064
DS1092,F1065
DS114,F1066
DS449,F1067
DS1179,F1068
DS795,F1069
DS726,F1070
DS355,F1071
DS360,F1072
DS484,F1073
DS651,F1074
DS734,F1075
DS57,F1076
DS720,F1077
DS1162,F1078
DS1154,F1079
DS291,F1080
DS1153,F1081
DS385,F1082
DS1008,F1083
DS1110,F1084
DS632,F1085
DS359,F1086
DS1004,F1087
DS77,F1088
DS184,F1089
DS115,F1090
DS476,F1091
DS448,F1092
DS40,F1093
DS1078,F1094
DS978,F1095
DS1,F1096
DS679,F1097
DS412,F1098
DS267,F1099
DS697,F1100
DS363,F1101
DS662,F1102
DS121,F1103
DS44,F1104
DS302,F1105
DS290,F1106
DS227,F1107
DS1077,F1108
DS747,F1109
DS148,F1110
DS765,F1111
DS810,F1112
DS206,F1113
DS689,F1114
DS618,F1115
DS660,F1116
DS279,F1117
DS322,F1118
DS894,F1119
DS997,F1120
DS649,F1121
DS356,F1122
DS1150,F1123
DS730,F1124
DS457,F1125
DS359,F1126
DS774,F1127
DS628,F1128
DS603,F1129
DS260,F1130
DS363,F1131
DS3,F1132
DS1173,F1133
DS801,F1134
DS1162,F1135
DS66,F1136
DS372,F1137
DS651,F1138
DS452,F1139
DS1158,F1140
DS213,F1141
DS1016,F1142
DS288,F1143
DS678,F1144
DS159,F1145
DS487,F1146
DS710,F1147
DS654,F1148
DS343,F1149
DS181,F1150
DS687,F1151
DS914,F1152
DS23,F1153
DS543,F1154
DS429,F1155
DS511,F1156
DS138,F1157
DS717,F1158
DS525,F1159
DS221,F1160
DS2,F1161
DS98,F1162
DS790,F1163
DS897,F1164
DS859,F1165
DS340,F1166
DS847,F1167
DS1009,F1168
DS775,F1169
DS719,F1170
DS1118,F1171
DS768,F1172
DS207,F1173
DS981,F1174
DS1183,F1175
DS461,F1176
DS333,F1177
DS924,F1178
DS150,F1179
DS68,F1180
DS603,F1181
DS41,F1182
DS652,F1183
DS534,F1184
DS214,F1185
DS151,F1186
DS700,F1187
DS348,F1188
DS768,F1189
DS329,F1190
DS153,F1191
DS1120,F1192
DS190,F1193
DS692,F1194
DS988,F1195
DS63,F1196
DS883,F1197
DS337,F1198
DS889,F1199
DS321,F1200
DS109,F1201
DS207,F1202
DS678,F1203
DS420,F1204
DS389,F1205
DS838,F1206
DS1134,F1207
DS1106,F1208
DS543,F1209
DS576,F1210
DS609,F1211
DS486,F1212
DS196,F1213
DS101,F1214
DS804,F1215
DS1170,F1216
DS1125,F1217
DS1005,F1218
DS314,F1219
DS111,F1220
DS738,F1221
DS7,F1222
DS875,F1223
DS179,F1224
DS603,F1225
DS983,F1226
DS408,F1227
DS198,F1228
DS52,F1229
DS423,F1230
DS349,F1231
DS597,F1232
DS167,F1233
DS969,F1234
DS236,F1235
DS631,F1236
DS814,F1237
DS964,F1238
DS1001,F1239
DS542,F1240
DS186,F1241
DS1114,F1242
DS793,F1243
DS378,F1244
DS759,F1245
DS781,F1246
DS756,F1247
DS382,F1248
DS912,F1249
DS91,F1250
DS539,F1251
DS900,F1252
DS952,F1253
DS539,F1254
DS463,F1255
DS550,F1256
DS1155,F1257
DS126,F1258
DS309,F1259
DS198,F1260
DS175,F1261
DS704,F1262
DS1108,F1263
DS847,F1264
DS465,F1265
DS1133,F1266
DS124,F1267
DS792,F1268
DS1070,F1269
DS857,F1270
DS1096,F1271
DS972,F1272
DS1172,F1273
DS482,F1274
DS975,F1275
DS612,F1276
DS161,F1277
DS808,F1278
DS71,F1279
DS1028,F1280
DS1169,F1281
DS1058,F1282
DS1170,F1283
DS301,F1284
DS246,F1285
DS919,F1286
DS354,F1287
DS342,F1288
DS433,F1289
DS394,F1290
DS258,F1291
DS87,F1292
DS867,F1293
DS160,F1294
DS891,F1295
DS413,F1296
DS302,F1297
DS528,F1298
DS654,F1299
DS137,F1300
DS178,F1301
DS794,F1302
DS1139,F1303
DS813,F1304
DS1130,F1305
DS667,F1306
DS565,F1307
DS1064,F1308
DS938,F1309
DS25,F1310
DS1070,F1311
DS859,F1312
DS230,F1313
DS848,F1314
DS306,F1315
DS303,F1316
DS1160,F1317
DS1193,F1318
DS205,F1319
DS216,F1320
DS1152,F1321
DS206,F1322
DS585,F1323
DS1096,F1324
DS704,F1325
DS841,F1326
DS540,F1327
DS784,F1328
DS994,F1329
DS1171,F1330
DS968,F1331
DS76,F1332
DS352,F1333
DS564,F1334
DS825,F1335
DS294,F1336
DS822,F1337
DS79,F1338
DS810,F1339
DS678,F1340
DS486,F1341
DS100,F1342
DS973,F1343
DS550,F1344
DS762,F1345
DS41,F1346
DS691,F1347
DS620,F1348
DS636,F1349
DS574,F1350
DS1006,F1351
DS201,F1352
DS466,F1353
DS275,F1354
DS615,F1355
DS907,F1356
DS657,F1357
DS551,F1358
DS853,F1359
DS182,F1360
DS384,F1361
DS904,F1362
DS432,F1363
DS833,F1364
DS992,F1365
DS1057,F1366
DS765,F1367
DS115,F1368
DS1055,F1369
DS325,F1370
DS134,F1371
DS637,F1372
DS1037,F1373
DS826,F1374
DS277,F1375
DS1073,F1376
DS1164,F1377
DS59,F1378
DS355,F1379
DS394,F1380
DS411,F1381
DS118,F1382
DS510,F1383
DS67,F1384
DS934,F1385
DS103,F1386
DS738,F1387
DS407,F1388
DS561,F1389
DS754,F1390
DS950,F1391
DS1034,F1392
DS812,F1393
DS253,F1394
DS62,F1395
DS495,F1396
DS762,F1397
DS1001,F1398
DS913,F1399
DS363,F1400
DS971,F1401
DS1129,F1402
DS716,F1403
DS705,F1404
DS334,F1405
DS529,F1406
DS185,F1407
DS583,F1408
DS56,F1409
DS791,F1410
DS101,F1411
DS333,F1412
DS1171,F1413
DS438,F1414
DS453,F1415
DS461,F1416
DS423,F1417
DS551,F1418
DS838,F1419
DS1051,F1420
DS41,F1421
DS18,F1422
DS970,F1423
DS270,F1424
DS354,F1425
DS17,F1426
DS458,F1427
DS516,F1428
DS625,F1429
DS563,F1430
DS867,F1431
DS771,F1432
DS714,F1433
DS940,F1434
DS516,F1435
DS446,F1436
DS955,F1437
DS618,F1438
DS1066,F1439
DS813,F1440
DS1197,F1441
DS209,F1442
DS15,F1443
DS1047,F1444
DS766,F1445
DS1149,F1446
DS578,F1447
DS611,F1448
DS221,F1449
DS986,F1450
DS130,F1451
DS688,F1452
DS566,F1453
DS665,F1454
DS567,F1455
DS534,F1456
DS611,F1457
DS385,F1458
DS307,F1459
DS1059,F1460
DS492,F1461
DS116,F1462
DS827,F1463
DS654,F1464
DS286,F1465
DS52,F1466
DS1018,F1467
DS605,F1468
DS531,F1469
DS857,F1470
DS828,F1471
DS795,F1472
DS72,F1473
DS1194,F1474
DS1171,F1475
DS388,F1476
DS702,F1477
DS455,F1478
DS1094,F1479
DS974,F1480
DS734,F1481
DS1038,F1482
DS614,F1483
DS348,F1484
DS1143,F1485
DS370,F1486
DS601,F1487
DS199,F1488
DS964,F1489
DS262,F1490
DS529,F1491
DS1144,F1492
DS374,F1493
DS687,F1494
DS182,F1495
DS455,F1496
DS727,F1497
DS457,F1498
DS628,F1499
DS861,F1500
DS678,F1501
DS761,F1502
DS533,F1503
DS1199,F1504
DS602,F1505
DS949,F1506
DS241,F1507
DS963,F1508
DS109,F1509
DS1195,F1510
DS1188,F1511
DS145,F1512
DS967,F1513
DS398,F1514
DS1024,F1515
DS245,F1516
DS781,F1517
DS1085,F1518
DS611,F1519
DS846,F1520
DS110,F1521
DS308,F1522
DS281,F1523
DS410,F1524
DS701,F1525
DS838,F1526
DS1166,F1527
DS937,F1528
DS293,F1529
DS647,F1530
DS369,F1531
DS165,F1532
DS998,F1533
DS681,F1534
DS362,F1535
DS641,F1536
DS118,F1537
DS9,F1538
DS925,F1539
DS560,F1540
DS428,F1541
DS345,F1542
DS1180,F1543
DS324,F1544
DS1002,F1545
DS180,F1546
DS265,F1547
DS888,F1548
DS879,F1549
DS826,F1550
DS878,F1551
DS977,F1552
DS785,F1553
DS9,F1554
DS77,F1555
DS1093,F1556
DS408,F1557
DS764,F1558
DS28,F1559
DS659,F1560
DS1087,F1561
DS390,F1562
DS36,F1563
DS8,F1564
DS509,F1565
DS463,F1566
DS705,F1567
DS639,F1568
DS264,F1569
DS210,F1570
DS785,F1571
DS1030,F1572
DS626,F1573
DS342,F1574
DS133,F1575
DS93,F1576
DS610,F1577
DS595,F1578
DS933,F1579
DS1065,F1580
DS1073,F1581
DS691,F1582
DS888,F1583
DS274,F1584
DS701,F1585
DS1003,F1586
DS735,F1587
DS385,F1588
DS337,F1589
DS826,F1590
DS39,F1591
DS467,F1592
DS459,F1593
DS268,F1594
DS432,F1595
DS44,F1596
DS1033,F1597
DS346,F1598
DS252,F1599
DS750,F1600
DS76,F1601
DS768,F1602
DS523,F1603
DS1095,F1604
DS99,F1605
DS98,F1606
DS221,F1607
DS40,F1608
DS98,F1609
DS237,F1610
DS853,F1611
DS909,F1612
DS778,F1613
DS253,F1614
DS1120,F1615
DS517,F1616
DS971,F1617
DS313,F1618
DS420,F1619
DS19,F1620
DS616,F1621
DS861,F1622
DS206,F1623
DS1065,F1624
DS552,F1625
DS280,F1626
DS857,F1627
DS214,F1628
DS1047,F1629
DS241,F1630
DS578,F1631
DS233,F1632
DS217,F1633
DS1019,F1634
DS406,F1635
DS409,F1636
DS538,F1637
DS1071,F1638
DS413,F1639
DS733,F1640
DS839,F1641
DS604,F1642
DS328,F1643
DS80,F1644
DS1122,F1645
DS1016,F1646
DS425,F1647
DS984,F1648
DS677,F1649
DS480,F1650
DS5,F1651
DS26,F1652
DS182,F1653
DS226,F1654
DS1175,F1655
DS1011,F1656
DS305,F1657
DS184,F1658
DS1047,F1659
DS153,F1660
DS207,F1661
DS524,F1662
DS473,F1663
DS935,F1664
DS606,F1665
DS540,F1666
DS950,F1667
DS102,F1668
DS204,F1669
DS357,F1670
DS80,F1671
DS595,F1672
DS737,F1673
DS640,F1674
DS872,F1675
DS237,F1676
DS194,F1677
DS93,F1678
DS19,F1679
DS283,F1680
DS349,F1681
DS673,F1682
DS732,F1683
DS896,F1684
DS549,F1685
DS190,F1686
DS763,F1687
DS701,F1688
DS374,F1689
DS233,F1690
DS820,F1691
DS819,F1692
DS934,F1693
DS556,F1694
DS789,F1695
DS979,F1696
DS863,F1697
DS341,F1698
DS231,F1699
DS271,F1700
DS120,F1701
DS326,F1702
DS212,F1703
DS852,F1704
DS988,F1705
DS1165,F1706
DS897,F1707
DS371,F1708
DS777,F1709
DS734,F1710
DS59,F1711
DS267,F1712
DS989,F1713
DS999,F1714
DS231,F1715
DS842,F1716
DS902,F1717
DS94,F1718
DS129,F1719
DS535,F1720
DS643,F1721
DS25,F1722
DS1074,F1723
DS1180,F1724
DS1157,F1725
DS458,F1726
DS692,F1727
DS1063,F1728
DS1071,F1729
DS195,F1730
DS886,F1731
DS509,F1732
DS986,F1733
DS708,F1734
DS788,F1735
DS304,F1736
DS1143,F1737
DS111,F1738
DS23,F1739
DS321,F1740
DS1035,F1741
DS961,F1742
DS1015,F1743
DS338,F1744
DS153,F1745
DS1006,F1746
DS656,F1747
DS493,F1748
DS677,F1749
DS569,F1750
DS103,F1751
DS1038,F1752
DS456,F1753
DS1127,F1754
DS775,F1755
DS825,F1756
DS481,F1757
DS161,F1758
DS940,F1759
DS909,F1760
DS1173,F1761
DS917,F1762
DS180,F1763
DS1020,F1764
DS915,F1765
DS647,F1766
DS243,F1767
DS1018,F1768
DS36,F1769
DS210,F1770
DS826,F1771
DS844,F1772
DS73,F1773
DS1141,F1774
DS1124,F1775
DS0,F1776
DS186,F1777
DS623,F1778
DS1041,F1779
DS1151,F1780
DS423,F1781
DS934,F1782
DS698,F1783
DS744,F1784
DS111,F1785
DS456,F1786
DS930,F1787
DS679,F1788
DS1147,F1789
DS968,F1790
DS744,F1791
DS926,F1792
DS233,F1793
DS199,F1794
DS454,F1795
DS4,F1796
DS699,F1797
DS727,F1798
DS597,F1799
DS1121,F1800
DS1069,F1801
DS765,F1802
DS217,F1803
DS93,F1804
DS336,F1805
DS1008,F1806
DS287,F1807
DS838,F1808
DS219,F1809
DS520,F1810
DS401,F1811
DS384,F1812
DS247,F1813
DS804,F1814
DS441,F1815
DS936,F1816
DS390,F1817
DS692,F1818
DS220,F1819
DS848,F1820
DS95,F1821
DS252,F1822
DS922,F1823
DS936,F1824
DS1032,F1825
DS275,F1826
DS1021,F1827
DS8,F1828
DS1086,F1829
DS99,F1830
DS1133,F1831
DS886,F1832
DS1198,F1833
DS989,F1834
DS1041,F1835
DS362,F1836
DS1184,F1837
DS355,F1838
DS262,F1839
DS212,F1840
DS793,F1841
DS659,F1842
DS1032,F1843
DS787,F1844
DS857,F1845
DS508,F1846
DS560,F1847
DS814,F1848
DS702,F1849
DS602,F1850
DS927,F1851
DS273,F1852
DS282,F1853
DS845,F1854
DS1049,F1855
DS612,F1856
DS1121,F1857
DS642,F1858
DS1133,F1859
DS445,F1860
DS411,F1861
DS429,F1862
DS595,F1863
DS707,F1864
DS271,F1865
DS364,F1866
DS1031,F1867
DS1111,F1868
DS660,F1869
DS236,F1870
DS721,F1871
DS1151,F1872
DS983,F1873
DS1193,F1874
DS1168,F1875
DS854,F1876
DS1093,F1877
DS585,F1878
DS865,F1879
DS26,F1880
DS1070,F1881
DS218,F1882
DS51,F1883
DS780,F1884
DS297,F1885
DS108,F1886
DS115,F1887
DS409,F1888
DS546,F1889
DS329,F1890
DS586,F1891
DS513,F1892
DS299,F1893
DS127,F1894
DS604,F1895
DS417,F1896
DS1108,F1897
DS66,F1898
DS734,F1899
DS926,F1900
DS209,F1901
DS1150,F1902
DS459,F1903
DS1149,F1904
DS796,F1905
DS486,F1906
DS1046,F1907
DS589,F1908
DS96,F1909
DS781,F1910
DS793,F1911
DS853,F1912
DS640,F1913
DS1130,F1914
DS110,F1915
DS26,F1916
DS514,F1917
DS415,F1918
DS907,F1919
DS461,F1920
DS753,F1921
DS1119,F1922
DS402,F1923
DS396,F1924
DS602,F1925
DS919,F1926
DS363,F1927
DS152,F1928
DS382,F1929
DS355,F1930
DS1052,F1931
DS244,F1932
DS772,F1933
DS83,F1934
DS877,F1935
DS571,F1936
DS1139,F1937
DS541,F1938
DS266,F1939
DS329,F1940
DS1196,F1941
DS522,F1942
DS11,F1943
DS676,F1944
DS955,F1945
DS317,F1946
DS81,F1947
DS314,F1948
DS660,F1949
DS104,F1950
DS616,F1951
DS1004,F1952
DS1172,F1953
DS1126,F1954
DS733,F1955
DS149,F1956
DS650,F1957
DS1076,F1958
DS450,F1959
DS376,F1960
DS1066,F1961
DS139,F1962
DS1034,F1963
DS326,F1964
DS851,F1965
DS1112,F1966
DS1099,F1967
DS826,F1968
DS188,F1969
DS715,F1970
DS453,F1971
DS436,F1972
DS679,F1973
DS678,F1974
DS738,F1975
DS601,F1976
DS447,F1977
DS1086,F1978
DS972,F1979
DS1149,F1980
DS18,F1981
DS234,F1982
DS708,F1983
DS912,F1984
DS492,F1985
DS499,F1986
DS81,F1987
DS657,F1988
DS781,F1989
DS232,F1990
DS790,F1991
DS525,F1992
DS1106,F1993
DS579,F1994
DS50,F1995
DS1058,F1996
DS767,F1997
DS1053,F1998
DS1041,F1999
DS912,F2000
DS996,F2001
DS89,F2002
DS607,F2003
DS394,F2004
DS656,F2005
DS1052,F2006
DS168,F2007
DS196,F2008
DS342,F2009
DS1101,F2010
DS1092,F2011
DS15,F2012
DS134,F2013
DS431,F2014
DS436,F2015
DS868,F2016
DS212,F2017
DS421,F2018
DS1101,F2019
DS891,F2020
DS147,F2021
DS314,F2022
DS48,F2023
DS940,F2024
DS679,F2025
DS77,F2026
DS179,F2027
DS150,F2028
DS111,F2029
DS364,F2030
DS515,F2031
DS1142,F2032
DS144,F2033
DS1177,F2034
DS466,F2035
DS529,F2036
DS834,F2037
DS794,F2038
DS923,F2039
DS828,F2040
DS886,F2041
DS647,F2042
DS34,F2043
DS797,F2044
DS242,F2045
DS1095,F2046
DS12,F2047
DS129,F2048
DS1199,F2049
DS93,F2050
DS148,F2051
DS732,F2052
DS1029,F2053
DS217,F2054
DS593,F2055
DS617,F2056
DS177,F2057
DS576,F2058
DS896,F2059
DS781,F2060
DS809,F2061
DS63,F2062
DS970,F2063
DS320,F2064
DS1092,F2065
DS450,F2066
DS279,F2067
DS800,F2068
DS1117,F2069
DS604,F2070
DS295,F2071
DS610,F2072
DS764,F2073
DS22,F2074
DS1133,F2075
DS1136,F2076
DS289,F2077
DS252,F2078
DS85,F2079
DS10,F2080
DS1172,F2081
DS807,F2082
DS1100,F2083
DS1121,F2084
DS174,F2085
DS624,F2086
DS430,F2087
DS704,F2088
DS433,F2089
DS845,F2090
DS1049,F2091
DS291,F2092
DS329,F2093
DS376,F2094
DS452,F2095
DS517,F2096
DS397,F2097
DS234,F2098
DS371,F2099
DS1161,F2100
DS111,F2101
DS1124,F2102
DS944,F2103
DS1125,F2104
DS149,F2105
DS595,F2106
DS137,F2107
DS513,F2108
DS201,F2109
DS404,F2110
DS1189,F2111
DS997,F2112
DS677,F2113
DS731,F2114
DS262,F2115
DS480,F2116
DS204,F2117
DS583,F2118
DS142,F2119
DS396,F2120
DS650,F2121
DS995,F2122
DS922,F2123
DS672,F2124
DS626,F2125
DS1196,F2126
DS312,F2127
DS1158,F2128
DS1160,F2129
DS746,F2130
DS647,F2131
DS877,F2132
DS345,F2133
DS9,F2134
DS641,F2135
DS504,F2136
DS453,F2137
DS893,F2138
DS566,F2139
DS736,F2140
DS275,F2141
DS679,F2142
DS982,F2143
DS947,F2144
DS912,F2145
DS734,F2146
DS625,F2147
DS997,F2148
DS1129,F2149
DS222,F2150
DS359,F2151
DS167,F2152
DS574,F2153
DS286,F2154
DS1103,F2155
DS402,F2156
DS539,F2157
DS156,F2158
DS154,F2159
DS38,F2160
DS1038,F2161
DS63,F2162
DS1191,F2163
DS1185,F2164
DS829,F2165
DS435,F2166
DS75,F2167
DS1129,F2168
DS533,F2169
DS1113,F2170
DS1105,F2171
DS966,F2172
DS304,F2173
DS749,F2174
DS803,F2175
DS457,F2176
DS595,F2177
DS274,F2178
DS951,F2179
DS1026,F2180
DS1045,F2181
DS185,F2182
DS812,F2183
DS745,F2184
DS1028,F2185
DS21,F2186
DS489,F2187
DS339,F2188
DS1052,F2189
DS287,F2190
DS913,F2191
DS326,F2192
DS366,F2193
DS1159,F2194
DS1158,F2195
DS299,F2196
DS990,F2197
DS734,F2198
DS82,F2199
DS448,F2200
DS998,F2201
DS474,F2202
DS128,F2203
DS541,F2204
DS756,F2205
DS479,F2206
DS87,F2207
DS423,F2208
DS1060,F2209
DS739,F2210
DS794,F2211
DS961,F2212
DS931,F2213
DS95,F2214
DS81,F2215
DS663,F2216
DS211,F2217
DS1067,F2218
DS560,F2219
DS539,F2220
DS1185,F2221
DS1114,F2222
DS1167,F2223
DS356,F2224
DS771,F2225
DS775,F2226
DS748,F2227
DS159,F2228
DS1058,F2229
DS515,F2230
DS770,F2231
DS456,F2232
DS1057,F2233
DS831,F2234
DS722,F2235
DS706,F2236
DS997,F2237
DS987,F2238
DS13,F2239
DS1027,F2240
DS284,F2241
DS900,F2242
DS339,F2243
DS471,F2244
DS157,F2245
DS1053,F2246
DS575,F2247
DS433,F2248
DS307,F2249
DS382,F2250
DS322,F2251
DS741,F2252
DS242,F2253
DS471,F2254
DS849,F2255
DS676,F2256
DS232,F2257
DS986,F2258
DS980,F2259
DS981,F2260
DS431,F2261
DS330,F2262
DS841,F2263
DS45,F2264
DS499,F2265
DS88,F2266
DS261,F2267
DS1174,F2268
DS329,F2269
DS275,F2270
DS1049,F2271
DS80,F2272
DS1172,F2273
DS300,F2274
DS114,F2275
DS340,F2276
DS528,F2277
DS368,F2278
DS1058,F2279
DS830,F2280
DS1154,F2281
DS38,F2282
DS580,F2283
DS175,F2284
DS443,F2285
DS919,F2286
DS965,F2287
DS986,F2288
DS349,F2289
DS449,F2290
DS841,F2291
DS292,F2292
DS1193,F2293
DS372,F2294
DS1046,F2295
DS541,F2296
DS343,F2297
DS701,F2298
DS928,F2299
DS140,F2300
DS470,F2301
DS774,F2302
DS789,F2303
DS270,F2304
DS222,F2305
DS33,F2306
DS414,F2307
DS1070,F2308
DS1032,F2309
DS859,F2310
DS306,F2311
DS197,F2312
DS363,F2313
DS974,F2314
DS79,F2315
DS1088,F2316
DS1030,F2317
DS240,F2318
DS190,F2319
DS987,F2320
DS266,F2321
DS1104,F2322
DS2,F2323
DS883,F2324
DS1069,F2325
DS861,F2326
DS758,F2327
DS88,F2328
DS1085,F2329
DS878,F2330
DS469,F2331
DS987,F2332
DS780,F2333
DS717,F2334
DS1179,F2335
DS200,F2336
DS871,F2337
DS274,F2338
DS521,F2339
DS977,F2340
DS476,F2341
DS171,F2342
DS580,F2343
DS1113,F2344
DS836,F2345
DS527,F2346
DS387,F2347
DS11,F2348
DS14,F2349
DS1183,F2350
DS1070,F2351
DS241,F2352
DS1064,F2353
DS14,F2354
DS768,F2355
DS420,F2356
DS646,F2357
DS837,F2358
DS741,F2359
DS218,F2360
DS316,F2361
DS872,F2362
DS1198,F2363
DS519,F2364
DS535,F2365
DS1097,F2366
DS867,F2367
DS1156,F2368
DS748,F2369
DS564,F2370
DS813,F2371
DS417,F2372
DS846,F2373
DS1130,F2374
DS1141,F2375
DS988,F2376
DS366,F2377
DS758,F2378
DS1145,F2379
DS1136,F2380
DS990,F2381
DS519,F2382
DS628,F2383
DS1183,F2384
DS705,F2385
DS815,F2386
DS282,F2387
DS243,F2388
DS470,F2389
DS914,F2390
DS331,F2391
DS205,F2392
DS439,F2393
DS1041,F2394
DS820,F2395
DS693,F2396
DS1127,F2397
DS106,F2398
DS329,F2399
DS796,F2400
DS10,F2401
DS186,F2402
DS297,F2403
DS965,F2404
DS891,F2405
DS180,F2406
DS131,F2407
DS538,F2408
DS454,F2409
DS759,F2410
DS163,F2411
DS77,F2412
DS787,F2413
DS820,F2414
DS1067,F2415
DS586,F2416
DS117,F2417
DS358,F2418
DS1012,F2419
DS899,F2420
DS21,F2421
DS413,F2422
DS1061,F2423
DS585,F2424
DS398,F2425
DS68,F2426
DS1045,F2427
DS1056,F2428
DS474,F2429
DS347,F2430
DS73,F2431
DS736,F2432
DS489,F2433
DS0,F2434
DS322,F2435
DS177,F2436
DS565,F2437
DS818,F2438
DS723,F2439
DS809,F2440
DS830,F2441
DS410,F2442
DS1060,F2443
DS31,F2444
DS140,F2445
DS184,F2446
DS1125,F2447
DS582,F2448
DS1145,F2449
DS1193,F2450
DS712,F2451
DS711,F2452
DS566,F2453
DS463,F2454
DS398,F2455
DS931,F2456
DS827,F2457
DS1177,F2458
DS9,F2459
DS534,F2460
DS358,F2461
DS833,F2462
DS1036,F2463
DS218,F2464
DS1144,F2465
DS148,F2466
DS1030,F2467
DS602,F2468
DS696,F2469
DS239,F2470
DS1051,F2471
DS527,F2472
DS1101,F2473
DS1177,F2474
DS512,F2475
DS906,F2476
DS772,F2477
DS1153,F2478
DS990,F2479
DS498,F2480
DS695,F2481
DS939,F2482
DS943,F2483
DS56,F2484
DS987,F2485
DS238,F2486
DS528,F2487
DS138,F2488
DS783,F2489
DS451,F2490
DS470,F2491
DS646,F2492
DS844,F2493
DS723,F2494
DS1057,F2495
DS1097,F2496
DS19,F2497
DS539,F2498
DS508,F2499
DS588,F2500
DS190,F2501
DS817,F2502
DS700,F2503
DS155,F2504
DS1135,F2505
DS365,F2506
DS975,F2507
DS642,F2508
DS724,F2509
DS447,F2510
DS1174,F2511
DS551,F2512
DS374,F2513
DS389,F2514
DS1021,F2515
DS408,F2516
DS480,F2517
DS495,F2518
DS543,F2519
DS423,F2520
DS469,F2521
DS415,F2522
DS511,F2523
DS729,F2524
DS319,F2525
DS218,F2526
DS245,F2527
DS160,F2528
DS1008,F2529
DS13,F2530
DS1108,F2531
DS86,F2532
DS987,F2533
DS760,F2534
DS645,F2535
DS1008,F2536
DS1176,F2537
DS562,F2538
DS1005,F2539
DS374,F2540
DS1046,F2541
DS573,F2542
DS814,F2543
DS454,F2544
DS1181,F2545
DS262,F2546
DS110,F2547
DS1076,F2548
DS866,F2549
DS979,F2550
DS1107,F2551
DS66,F2552
DS1029,F2553
DS711,F2554
DS806,F2555
DS357,F2556
DS936,F2557
DS246,F2558
DS1061,F2559
DS942,F2560
DS646,F2561
DS17,F2562
DS24,F2563
DS431,F2564
DS777,F2565
DS1189,F2566
DS206,F2567
DS666,F2568
DS740,F2569
DS531,F2570
DS383,F2571
DS1123,F2572
DS538,F2573
DS485,F2574
DS551,F2575
DS965,F2576
DS702,F2577
DS749,F2578
DS376,F2579
DS1021,F2580
DS868,F2581
DS431,F2582
DS858,F2583
DS762,F2584
DS747,F2585
DS820,F2586
DS572,F2587
DS923,F2588
DS368,F2589
DS1170,F2590
DS268,F2591
DS1179,F2592
DS468,F2593
DS204,F2594
DS552,F2595
DS482,F2596
DS1137,F2597
DS885,F2598
DS780,F2599
DS401,F2600
DS298,F2601
DS306,F2602
DS968,F2603
DS19,F2604
DS361,F2605
DS863,F2606
DS1023,F2607
DS275,F2608
DS1058,F2609
DS1093,F2610
DS646,F2611
DS996,F2612
DS614,F2613
DS513,F2614
DS1151,F2615
DS1162,F2616
DS97,F2617
DS815,F2618
DS202,F2619
DS334,F2620
DS122,F2621
DS441,F2622
DS520,F2623
DS975,F2624
DS197,F2625
DS921,F2626
DS685,F2627
DS532,F2628
DS739,F2629
DS737,F2630
DS1147,F2631
DS1141,F2632
DS527,F2633
DS704,F2634
DS40,F2635
DS843,F2636
DS248,F2637
DS719,F2638
DS407,F2639
DS1181,F2640
DS1179,F2641
DS1102,F2642
DS357,F2643
DS582,F2644
DS727,F2645
DS665,F2646
DS1045,F2647
DS998,F2648
DS915,F2649
DS160,F2650
DS780,F2651
DS586,F2652
DS949,F2653
DS296,F2654
DS343,F2655
DS690,F2656
DS863,F2657
DS1170,F2658
DS828,F2659
DS146,F2660
DS162,F2661
DS331,F2662
DS703,F2663
DS467,F2664
DS642,F2665
DS648,F2666
DS596,F2667
DS547,F2668
DS809,F2669
DS555,F2670
DS911,F2671
DS743,F2672
DS1066,F2673
DS922,F2674
DS847,F2675
DS342,F2676
DS376,F2677
DS47,F2678
DS256,F2679
DS480,F2680
DS515,F2681
DS163,F2682
DS431,F2683
DS341,F2684
DS813,F2685
DS210,F2686
DS195,F2687
DS130,F2688
DS969,F2689
DS1123,F2690
DS110,F2691
DS53,F2692
DS813,F2693
DS1073,F2694
DS170,F2695
DS212,F2696
DS537,F2697
DS318,F2698
DS172,F2699
DS798,F2700
DS633,F2701
DS469,F2702
DS506,F2703
DS581,F2704
DS907,F2705
DS258,F2706
DS268,F2707
DS1078,F2708
DS349,F2709
DS58,F2710
DS71,F2711
DS730,F2712
DS666,F2713
DS975,F2714
DS956,F2715
DS1107,F2716
DS557,F2717
DS1123,F2718
DS911,F2719
DS276,F2720
DS1104,F2721
DS362,F2722
DS935,F2723
DS1155,F2724
DS890,F2725
DS1072,F2726
DS1093,F2727
DS634,F2728
DS711,F2729
DS986,F2730
DS1105,F2731
DS465,F2732
DS183,F2733
DS904,F2734
DS630,F2735
DS749,F2736
DS844,F2737
DS532,F2738
DS318,F2739
DS621,F2740
DS21,F2741
DS0,F2742
DS1071,F2743
DS279,F2744
DS704,F2745
DS587,F2746
DS960,F2747
DS1095,F2748
DS17,F2749
DS1007,F2750
DS977,F2751
DS613,F2752
DS18,F2753
DS881,F2754
DS599,F2755
DS473,F2756
DS14,F2757
DS1122,F2758
DS765,F2759
DS386,F2760
DS843,F2761
DS1148,F2762
DS895,F2763
DS808,F2764
DS511,F2765
DS334,F2766
DS798,F2767
DS774,F2768
DS451,F2769
DS538,F2770
DS162,F2771
DS864,F2772
DS490,F2773
DS1058,F2774
DS556,F2775
DS583,F2776
DS1089,F2777
DS550,F2778
DS845,F2779
DS385,F2780
DS140,F2781
DS373,F2782
DS279,F2783
DS593,F2784
DS226,F2785
DS932,F2786
DS927,F2787
DS557,F2788
DS1007,F2789
DS384,F2790
DS656,F2791
DS39,F2792
DS311,F2793
DS101,F2794
DS1095,F2795
DS45,F2796
DS380,F2797
DS209,F2798
DS577,F2799
DS551,F2800
DS256,F2801
DS897,F2802
DS16,F2803
DS476,F2804
DS184,F2805
DS308,F2806
DS30,F2807
DS1010,F2808
DS444,F2809
DS700,F2810
DS860,F2811
DS638,F2812
DS1020,F2813
DS760,F2814
DS949,F2815
DS64,F2816
DS676,F2817
DS164,F2818
DS299,F2819
DS114,F2820
DS545,F2821
DS803,F2822
DS146,F2823
DS1112,F2824
DS962,F2825
DS371,F2826
DS393,F2827
DS512,F2828
DS781,F2829
DS25,F2830
DS249,F2831
DS509,F2832
DS788,F2833
DS907,F2834
DS506,F2835
DS68,F2836
DS407,F2837
DS943,F2838
DS192,F2839
DS1067,F2840
DS426,F2841
DS968,F2842
DS796,F2843
DS639,F2844
DS661,F2845
DS324,F2846
DS86,F2847
DS1125,F2848
DS1066,F2849
DS250,F2850
DS518,F2851
DS985,F2852
DS611,F2853
DS406,F2854
DS738,F2855
DS106,F2856
DS446,F2857
DS231,F2858
DS483,F2859
DS889,F2860
DS664,F2861
DS30,F2862
DS342,F2863
DS565,F2864
DS1197,F2865
DS245,F2866
DS810,F2867
DS497,F2868
DS18,F2869
DS86,F2870
DS1190,F2871
DS973,F2872
DS317,F2873
DS760,F2874
DS183,F2875
DS509,F2876
DS322,F2877
DS1023,F2878
DS187,F2879
DS693,F2880
DS122,F2881
DS122,F2882
DS728,F2883
DS315,F2884
DS1098,F2885
DS219,F2886
DS257,F2887
DS999,F2888
DS476,F2889
DS648,F2890
DS1143,F2891
DS711,F2892
DS898,F2893
DS395,F2894
DS43,F2895
DS773,F2896
DS733,F2897
DS275,F2898
DS513,F2899
DS80,F2900
DS993,F2901
DS896,F2902
DS1144,F2903
DS603,F2904
DS1111,F2905
DS1003,F2906
DS388,F2907
DS1160,F2908
DS382,F2909
DS1113,F2910
DS712,F2911
DS662,F2912
DS959,F2913
DS563,F2914
DS1135,F2915
DS328,F2916
DS141,F2917
DS1087,F2918
DS317,F2919
DS920,F2920
DS605,F2921
DS539,F2922
DS1109,F2923
DS751,F2924
DS929,F2925
DS1,F2926
DS1036,F2927
DS776,F2928
DS379,F2929
DS38,F2930
DS745,F2931
DS489,F2932
DS656,F2933
DS129,F2934
DS1103,F2935
DS793,F2936
DS388,F2937
DS1073,F2938
DS1018,F2939
DS1129,F2940
DS315,F2941
DS579,F2942
DS660,F2943
DS839,F2944
DS659,F2945
DS226,F2946
DS197,F2947
DS1071,F2948
DS136,F2949
DS89,F2950
DS265,F2951
DS365,F2952
DS64,F2953
DS413,F2954
DS219,F2955
DS994,F2956
DS392,F2957
DS202,F2958
DS65,F2959
DS1169,F2960
DS795,F2961
DS1003,F2962
DS1076,F2963
DS524,F2964
DS100,F2965
DS750,F2966
DS452,F2967
DS145,F2968
DS26,F2969
DS427,F2970
DS1006,F2971
DS163,F2972
DS958,F2973
DS124,F2974
DS739,F2975
DS1142,F2976
DS851,F2977
DS755,F2978
DS119,F2979
DS544,F2980
DS1083,F2981
DS83,F2982
DS144,F2983
DS622,F2984
DS159,F2985
DS442,F2986
DS1063,F2987
DS198,F2988
DS207,F2989
DS473,F2990
DS1088,F2991
DS789,F2992
DS388,F2993
DS395,F2994
DS1077,F2995
DS509,F2996
DS1167,F2997
DS366,F2998
DS1143,F2999
DS1143,F3000
DS850,F3001
DS216,F3002
DS1180,F3003
DS733,F3004
DS939,F3005
DS874,F3006
DS213,F3007
DS341,F3008
DS369,F3009
DS1126,F3010
DS822,F3011
DS1033,F3012
DS691,F3013
DS323,F3014
DS1093,F3015
DS907,F3016
DS721,F3017
DS645,F3018
DS1126,F3019
DS664,F3020
DS761,F3021
DS844,F3022
DS881,F3023
DS662,F3024
DS492,F3025
DS1153,F3026
DS1117,F3027
DS438,F3028
DS768,F3029
DS1126,F3030
DS520,F3031
DS737,F3032
DS926,F3033
DS916,F3034
DS813,F3035
DS0,F3036
DS70,F3037
DS582,F3038
DS33,F3039
DS1060,F3040
DS276,F3041
DS618,F3042
DS13,F3043
DS615,F3044
DS454,F3045
DS439,F3046
DS644,F3047
DS44,F3048
DS565,F3049
DS1133,F3050
DS1047,F3051
DS1139,F3052
DS1168,F3053
DS1170,F3054
DS316,F3055
DS193,F3056
DS77,F3057
DS942,F3058
DS728,F3059
DS319,F3060
DS283,F3061
DS542,F3062
DS751,F3063
DS1192,F3064
DS511,F3065
DS477,F3066
DS524,F3067
DS615,F3068
DS188,F3069
DS1168,F3070
DS818,F3071
DS1165,F3072
DS445,F3073
DS158,F3074
DS664,F3075
DS988,F3076
DS354,F3077
DS999,F3078
DS1180,F3079
DS195,F3080
DS615,F3081
DS76,F3082
DS1180,F3083
DS781,F3084
DS160,F3085
DS114,F3086
DS684,F3087
DS712,F3088
DS889,F3089
DS853,F3090
DS246,F3091
DS464,F3092
DS23,F3093
DS783,F3094
DS110,F3095
DS624,F3096
DS1073,F3097
DS84,F3098
DS653,F3099
DS1105,F3100
DS1156,F3101
DS306,F3102
DS669,F3103
DS1028,F3104
DS452,F3105
DS313,F3106
DS103,F3107
DS804,F3108
DS912,F3109
DS1178,F3110
DS1033,F3111
DS184,F3112
DS454,F3113
DS884,F3114
DS593,F3115
DS807,F3116
DS303,F3117
DS270,F3118
DS688,F3119
DS169,F3120
DS974,F3121
DS1170,F3122
DS100,F3123
DS1122,F3124
DS817,F3125
DS537,F3126
DS174,F3127
DS816,F3128
DS1027,F3129
DS889,F3130
DS267,F3131
DS276,F3132
DS984,F3133
DS1145,F3134
DS405,F3135
DS999,F3136
DS809,F3137
DS1170,F3138
DS401,F3139
DS1149,F3140
DS1073,F3141
DS504,F3142
DS496,F3143
DS146,F3144
DS545,F3145
DS880,F3146
DS662,F3147
DS1179,F3148
DS183,F3149
DS230,F3150
DS847,F3151
DS867,F3152
DS748,F3153
DS713,F3154
DS390,F3155
DS656,F3156
DS705,F3157
DS49,F3158
DS624,F3159
DS346,F3160
DS716,F3161
DS905,F3162
DS298,F3163
DS902,F3164
DS91,F3165
DS478,F3166
DS408,F3167
DS765,F3168
DS319,F3169
DS175,F3170
DS230,F3171
DS111,F3172
DS497,F3173
DS302,F3174
DS589,F3175
DS28,F3176
DS703,F3177
DS227,F3178
DS624,F3179
DS921,F3180
DS964,F3181
DS46,F3182
DS679,F3183
DS428,F3184
DS1101,F3185
DS433,F3186
DS417,F3187
DS1119,F3188
DS1071,F3189
DS529,F3190
DS1123,F3191
DS989,F3192
DS289,F3193
DS37,F3194
DS771,F3195
DS1193,F3196
DS1078,F3197
DS89,F3198
DS523,F3199
DS348,F3200
DS123,F3201
DS581,F3202
DS411,F3203
DS555,F3204
DS108,F3205
DS952,F3206
DS17,F3207
DS136,F3208
DS795,F3209
DS555,F3210
DS737,F3211
DS220,F3212
DS39,F3213
DS599,F3214
DS791,F3215
DS473,F3216
DS779,F3217
DS1041,F3218
DS203,F3219
DS646,F3220
DS992,F3221
DS1088,F3222
DS180,F3223
DS381,F3224
DS407,F3225
DS1025,F3226
DS937,F3227
DS1148,F3228
DS44,F3229
DS81,F3230
DS506,F3231
DS1084,F3232
DS624,F3233
DS683,F3234
DS1003,F3235
DS805,F3236
DS321,F3237
DS37,F3238
DS710,F3239
DS720,F3240
DS727,F3241
DS619,F3242
DS483,F3243
DS1026,F3244
DS564,F3245
DS126,F3246
DS527,F3247
DS792,F3248
DS60,F3249
DS1136,F3250
DS573,F3251
DS461,F3252
DS310,F3253
DS699,F3254
DS804,F3255
DS281,F3256
DS179,F3257
DS782,F3258
DS1066,F3259
DS465,F3260
DS854,F3261
DS492,F3262
DS1173,F3263
DS312,F3264
DS873,F3265
DS639,F3266
DS674,F3267
DS919,F3268
DS1110,F3269
DS269,F3270
DS423,F3271
DS283,F3272
DS1189,F3273
DS1108,F3274
DS414,F3275
DS282,F3276
DS632,F3277
DS1072,F3278
DS276,F3279
DS880,F3280
DS297,F3281
DS1156,F3282
DS323,F3283
DS650,F3284
DS138,F3285
DS1141,F3286
DS1091,F3287
DS242,F3288
DS377,F3289
DS650,F3290
DS298,F3291
DS60,F3292
DS652,F3293
DS847,F3294
DS842,F3295
DS621,F3296
DS907,F3297
DS560,F3298
DS311,F3299
DS384,F3300
DS218,F3301
DS269,F3302
DS378,F3303
DS53,F3304
DS546,F3305
DS1161,F3306
DS472,F3307
DS475,F3308
DS472,F3309
DS53,F3310
DS735,F3311
DS162,F3312
DS976,F3313
DS274,F3314
DS1028,F3315
DS960,F3316
DS765,F3317
DS376,F3318
DS793,F3319
DS1006,F3320
DS970,F3321
DS281,F3322
DS335,F3323
DS395,F3324
DS463,F3325
DS66,F3326
DS836,F3327
DS30,F3328
DS552,F3329
DS845,F3330
DS455,F3331
DS415,F3332
DS418,F3333
DS135,F3334
DS362,F3335
DS899,F3336
DS1003,F3337
DS665,F3338
DS937,F3339
DS505,F3340
DS875,F3341
DS829,F3342
DS85,F3343
DS779,F3344
DS640,F3345
DS807,F3346
DS1171,F3347
DS1098,F3348
DS1075,F3349
DS78,F3350
DS1066,F3351
DS223,F3352
DS924,F3353
DS935,F3354
DS86,F3355
DS503,F3356
DS1062,F3357
DS1101,F3358
DS810,F3359
DS80,F3360
DS1142,F3361
DS793,F3362
DS1057,F3363
DS100,F3364
DS388,F3365
DS596,F3366
DS900,F3367
DS815,F3368
DS623,F3369
DS585,F3370
DS944,F3371
DS340,F3372
DS865,F3373
DS602,F3374
DS111,F3375
DS1058,F3376
DS291,F3377
DS949,F3378
DS925,F3379
DS185,F3380
DS1025,F3381
DS231,F3382
DS368,F3383
DS1198,F3384
DS1119,F3385
DS277,F3386
DS805,F3387
DS846,F3388
DS662,F3389
DS923,F3390
DS51,F3391
DS366,F3392
DS929,F3393
DS413,F3394
DS931,F3395
DS184,F3396
DS512,F3397
DS663,F3398
DS335,F3399
DS253,F3400
DS186,F3401
DS233,F3402
DS920,F3403
DS743,F3404
DS174,F3405
DS1072,F3406
DS786,F3407
DS1047,F3408
DS327,F3409
DS775,F3410
DS1127,F3411
DS779,F3412
DS89,F3413
DS349,F3414
DS686,F3415
DS1158,F3416
DS307,F3417
DS332,F3418
DS296,F3419
DS366,F3420
DS105,F3421
DS859,F3422
DS630,F3423
DS633,F3424
DS913,F3425
DS591,F3426
DS370,F3427
DS240,F3428
DS269,F3429
DS415,F3430
DS7,F3431
DS518,F3432
DS25,F3433
DS939,F3434
DS1019,F3435
DS1021,F3436
DS1113,F3437
DS11,F3438
DS1010,F3439
DS487,F3440
DS444,F3441
DS974,F3442
DS929,F3443
DS839,F3444
DS904,F3445
DS162,F3446
DS13,F3447
DS501,F3448
DS1120,F3449
DS569,F3450
DS1141,F3451
DS425,F3452
DS100,F3453
DS378,F3454
DS303,F3455
DS112,F3456
DS714,F3457
DS75,F3458
DS297,F3459
DS66,F3460
DS1183,F3461
DS611,F3462
DS678,F3463
DS179,F3464
DS100,F3465
DS223,F3466
DS853,F3467
DS365,F3468
DS330,F3469
DS582,F3470
DS1172,F3471
DS1151,F3472
DS363,F3473
DS932,F3474
DS1185,F3475
DS737,F3476
DS73,F3477
DS190,F3478
DS612,F3479
DS661,F3480
DS754,F3481
DS776,F3482
DS138,F3483
DS875,F3484
DS1127,F3485
DS132,F3486
DS599,F3487
DS964,F3488
DS275,F3489
DS249,F3490
DS562,F3491
DS674,F3492
DS1079,F3493
DS847,F3494
DS1074,F3495
DS429,F3496
DS428,F3497
DS119,F3498
DS223,F3499
DS1170,F3500
DS1083,F3501
DS179,F3502
DS990,F3503
DS588,F3504
DS874,F3505
DS648,F3506
DS531,F3507
DS1076,F3508
DS1177,F3509
DS724,F3510
DS265,F3511
DS1152,F3512
DS1016,F3513
DS1064,F3514
DS1019,F3515
DS1008,F3516
DS368,F3517
DS476,F3518
DS594,F3519
DS396,F3520
DS3,F3521
DS242,F3522
DS49,F3523
DS952,F3524
DS241,F3525
DS424,F3526
DS849,F3527
DS847,F3528
DS93,F3529
DS683,F3530
DS716,F3531
DS1147,F3532
DS434,F3533
DS23,F3534
DS412,F3535
DS576,F3536
DS521,F3537
DS138,F3538
DS630,F3539
DS614,F3540
DS1037,F3541
DS1126,F3542
DS663,F3543
DS12,F3544
DS233,F3545
DS682,F3546
DS699,F3547
DS811,F3548
DS1165,F3549
DS59,F3550
DS359,F3551
DS397,F3552
DS676,F3553
DS692,F3554
DS981,F3555
DS971,F3556
DS72,F3557
DS278,F3558
DS986,F3559
DS318,F3560
DS943,F3561
DS1099,F3562
DS686,F3563
DS947,F3564
DS847,F3565
DS114,F3566
DS1067,F3567
DS613,F3568
DS1157,F3569
DS646,F3570
DS1137,F3571
DS1097,F3572
DS38,F3573
DS426,F3574
DS1182,F3575
DS679,F3576
DS724,F3577
DS135,F3578
DS305,F3579
DS574,F3580
DS63,F3581
DS694,F3582
DS768,F3583
DS1094,F3584
DS339,F3585
DS1169,F3586
DS797,F3587
DS383,F3588
DS239,F3589
DS631,F3590
DS644,F3591
DS64,F3592
DS556,F3593
DS847,F3594
DS177,F3595
DS1017,F3596
DS486,F3597
DS761,F3598
DS925,F3599
DS619,F3600
DS442,F3601
DS1075,F3602
DS619,F3603
DS358,F3604
DS229,F3605
DS766,F3606
DS76,F3607
DS413,F3608
DS189,F3609
DS908,F3610
DS1036,F3611
DS51,F3612
DS988,F3613
DS1024,F3614
DS315,F3615
DS389,F3616
DS696,F3617
DS990,F3618
DS1072,F3619
DS635,F3620
DS670,F3621
DS293,F3622
DS201,F3623
DS1057,F3624
DS271,F3625
DS420,F3626
DS74,F3627
DS940,F3628
DS793,F3629
DS1069,F3630
DS237,F3631
DS8,F3632
DS636,F3633
DS90,F3634
DS178,F3635
DS682,F3636
DS956,F3637
DS94,F3638
DS211,F3639
DS1066,F3640
DS639,F3641
DS46,F3642
DS1182,F3643
DS639,F3644
DS429,F3645
DS657,F3646
DS410,F3647
DS394,F3648
DS586,F3649
DS566,F3650
DS1090,F3651
DS653,F3652
DS903,F3653
DS240,F3654
DS558,F3655
DS305,F3656
DS322,F3657
DS560,F3658
DS234,F3659
DS31,F3660
DS1146,F3661
DS1052,F3662
DS209,F3663
DS423,F3664
DS1111,F3665
DS717,F3666
DS1125,F3667
DS652,F3668
DS555,F3669
DS289,F3670
DS580,F3671
DS1175,F3672
DS501,F3673
DS350,F3674
DS145,F3675
DS637,F3676
DS693,F3677
DS1107,F3678
DS908,F3679
DS103,F3680
DS266,F3681
DS59,F3682
DS964,F3683
DS103,F3684
DS216,F3685
DS785,F3686
DS110,F3687
DS176,F3688
DS873,F3689
DS802,F3690
DS366,F3691
DS913,F3692
DS728,F3693
DS639,F3694
DS680,F3695
DS405,F3696
DS1092,F3697
DS160,F3698
DS953,F3699
DS1162,F3700
DS269,F3701
DS190,F3702
DS959,F3703
DS199,F3704
DS933,F3705
DS635,F3706
DS953,F3707
DS963,F3708
DS474,F3709
DS458,F3710
DS294,F3711
DS528,F3712
DS744,F3713
DS802,F3714
DS375,F3715
DS676,F3716
DS665,F3717
DS928,F3718
DS998,F3719
DS61,F3720
DS133,F3721
DS973,F3722
DS231,F3723
DS719,F3724
DS980,F3725
DS944,F3726
DS349,F3727
DS578,F3728
DS713,F3729
DS1176,F3730
DS260,F3731
DS1040,F3732
DS210,F3733
DS830,F3734
DS219,F3735
DS667,F3736
DS1138,F3737
DS145,F3738
DS618,F3739
DS1091,F3740
DS944,F3741
DS820,F3742
DS846,F3743
DS488,F3744
DS499,F3745
DS1122,F3746
DS325,F3747
DS987,F3748
DS786,F3749
DS135,F3750
DS697,F3751
DS426,F3752
DS882,F3753
DS891,F3754
DS1161,F3755
DS700,F3756
DS1115,F3757
DS483,F3758
DS354,F3759
DS159,F3760
DS1175,F3761
DS996,F3762
DS234,F3763
DS948,F3764
DS666,F3765
DS1136,F3766
DS199,F3767
DS911,F3768
DS360,F3769
DS630,F3770
DS831,F3771
DS142,F3772
DS222,F3773
DS776,F3774
DS670,F3775
DS1012,F3776
DS125,F3777
DS185,F3778
DS445,F3779
DS284,F3780
DS1189,F3781
DS0,F3782
DS300,F3783
DS305,F3784
DS927,F3785
DS1088,F3786
DS596,F3787
DS798,F3788
DS1183,F3789
DS915,F3790
DS400,F3791
DS421,F3792
DS648,F3793
DS613,F3794
DS1167,F3795
DS623,F3796
DS890,F3797
DS705,F3798
DS182,F3799
DS1193,F3800
DS16,F3801
DS1045,F3802
DS827,F3803
DS261,F3804
DS602,F3805
DS127,F3806
DS756,F3807
DS1124,F3808
DS108,F3809
DS1,F3810
DS1146,F3811
DS735,F3812
DS224,F3813
DS577,F3814
DS63,F3815
DS481,F3816
DS884,F3817
DS807,F3818
DS651,F3819
DS783,F3820
DS831,F3821
DS781,F3822
DS891,F3823
DS1116,F3824
DS432,F3825
DS355,F3826
DS972,F3827
DS284,F3828
DS385,F3829
DS1137,F3830
DS787,F3831
DS737,F3832
DS854,F3833
DS315,F3834
DS590,F3835
DS257,F3836
DS275,F3837
DS23,F3838
DS146,F3839
DS32,F3840
DS294,F3841
DS996,F3842
DS894,F3843
DS278,F3844
DS173,F3845
DS281,F3846
DS851,F3847
DS933,F3848
DS871,F3849
DS368,F3850
DS930,F3851
DS1043,F3852
DS868,F3853
DS1130,F3854
DS921,F3855
DS787,F3856
DS727,F3857
DS462,F3858
DS380,F3859
DS869,F3860
DS15,F3861
DS1183,F3862
DS1020,F3863
DS484,F3864
DS1027,F3865
DS551,F3866
DS841,F3867
DS1118,F3868
DS1180,F3869
DS751,F3870
DS68,F3871
DS77,F3872
DS1163,F3873
DS989,F3874
DS754,F3875
DS231,F3876
DS1188,F3877
DS986,F3878
DS163,F3879
DS290,F3880
DS1078,F3881
DS572,F3882
DS952,F3883
DS1058,F3884
DS160,F3885
DS1071,F3886
DS181,F3887
DS502,F3888
DS967,F3889
DS159,F3890
DS1104,F3891
DS1187,F3892
DS639,F3893
DS108,F3894
DS703,F3895
DS1095,F3896
DS22,F3897
DS960,F3898
DS929,F3899
DS1049,F3900
DS960,F3901
DS1175,F3902
DS678,F3903
DS862,F3904
DS722,F3905
DS603,F3906
DS592,F3907
DS343,F3908
DS72,F3909
DS622,F3910
DS1154,F3911
DS533,F3912
DS125,F3913
DS969,F3914
DS1184,F3915
DS346,F3916
DS1173,F3917
DS105,F3918
DS597,F3919
DS55,F3920
DS587,F3921
DS992,F3922
DS168,F3923
DS259,F3924
DS1035,F3925
DS157,F3926
DS569,F3927
DS516,F3928
DS271,F3929
DS575,F3930
DS563,F3931
DS526,F3932
DS29,F3933
DS228,F3934
DS357,F3935
DS309,F3936
DS914,F3937
DS757,F3938
DS359,F3939
DS535,F3940
DS483,F3941
DS993,F3942
DS370,F3943
DS1080,F3944
DS67,F3945
DS702,F3946
DS172,F3947
DS297,F3948
DS315,F3949
DS1015,F3950
DS845,F3951
DS784,F3952
DS487,F3953
DS901,F3954
DS342,F3955
DS431,F3956
DS1183,F3957
DS706,F3958
DS111,F3959
DS541,F3960
DS237,F3961
DS107,F3962
DS343,F3963
DS950,F3964
DS816,F3965
DS975,F3966
DS617,F3967
DS975,F3968
DS1090,F3969
DS478,F3970
DS777,F3971
DS798,F3972
DS971,F3973
DS537,F3974
DS297,F3975
DS1086,F3976
DS890,F3977
DS24,F3978
DS591,F3979
DS919,F3980
DS782,F3981
DS646,F3982
DS1085,F3983
DS84,F3984
DS199,F3985
DS1088,F3986
DS724,F3987
DS884,F3988
DS558,F3989
DS686,F3990
DS553,F3991
DS546,F3992
DS201,F3993
DS522,F3994
DS1196,F3995
DS801,F3996
DS944,F3997
DS495,F3998
DS399,F3999
DS1064,F4000
DS691,F4001
DS368,F4002
DS641,F4003
DS1121,F4004
DS21,F4005
DS17,F4006
DS139,F4007
DS24,F4008
DS842,F4009
DS200,F4010
DS1075,F4011
DS212,F4012
DS913,F4013
DS719,F4014
DS449,F4015
DS580,F4016
DS515,F4017
DS395,F4018
DS69,F4019
DS48,F4020
DS188,F4021
DS116,F4022
DS444,F4023
DS249,F4024
DS245,F4025
DS176,F4026
DS266,F4027
DS769,F4028
DS1159,F4029
DS378,F4030
DS227,F4031
DS377,F4032
DS518,F4033
DS603,F4034
DS956,F4035
DS155,F4036
DS928,F4037
DS566,F4038
DS874,F4039
DS662,F4040
DS527,F4041
DS331,F4042
DS151,F4043
DS567,F4044
DS127,F4045
DS783,F4046
DS795,F4047
DS681,F4048
DS123,F4049
DS528,F4050
DS542,F4051
DS364,F4052
DS902,F4053
DS142,F4054
DS1007,F4055
DS410,F4056
DS804,F4057
DS365,F4058
DS1007,F4059
DS222,F4060
DS294,F4061
DS1107,F4062
DS883,F4063
DS447,F4064
DS217,F4065
DS904,F4066
DS530,F4067
DS211,F4068
DS71,F4069
DS149,F4070
DS144,F4071
DS1170,F4072
DS513,F4073
DS913,F4074
DS38,F4075
DS1019,F4076
DS304,F4077
DS1,F4078
DS77,F4079
DS799,F4080
DS545,F4081
DS310,F4082
DS675,F4083
DS801,F4084
DS1176,F4085
DS7,F4086
DS1055,F4087
DS1004,F4088
DS979,F4089
DS893,F4090
DS827,F4091
DS143,F4092
DS1106,F4093
DS462,F4094
DS6,F4095
DS787,F4096
DS987,F4097
DS248,F4098
DS1161,F4099
DS1096,F4100
DS735,F4101
DS682,F4102
DS620,F4103
DS820,F4104
DS113,F4105
DS185,F4106
DS748,F4107
DS1094,F4108
DS696,F4109
DS164,F4110
DS941,F4111
DS593,F4112
DS415,F4113
DS361,F4114
DS1135,F4115
DS80,F4116
DS786,F4117
DS391,F4118
DS612,F4119
DS798,F4120
DS218,F4121
DS735,F4122
DS996,F4123
DS173,F4124
DS896,F4125
DS388,F4126
DS286,F4127
DS73,F4128
DS395,F4129
DS51,F4130
DS488,F4131
DS1001,F4132
DS796,F4133
DS129,F4134
DS1107,F4135
DS630,F4136
DS1023,F4137
DS1093,F4138
DS920,F4139
DS33,F4140
DS75,F4141
DS694,F4142
DS114,F4143
DS691,F4144
DS87,F4145
DS830,F4146
DS242,F4147
DS433,F4148
DS1071,F4149
DS938,F4150
DS1098,F4151
DS305,F4152
DS1186,F4153
DS477,F4154
DS147,F4155
DS75,F4156
DS289,F4157
DS1001,F4158
DS39,F4159
DS965,F4160
DS93,F4161
DS497,F4162
DS267,F4163
DS29,F4164
DS352,F4165
DS102,F4166
DS629,F4167
DS199,F4168
DS934,F4169
DS349,F4170
DS130,F4171
DS217,F4172
DS233,F4173
DS1018,F4174
DS451,F4175
DS129,F4176
DS415,F4177
DS872,F4178
DS690,F4179
DS823,F4180
DS664,F4181
DS247,F4182
DS1179,F4183
DS1117,F4184
DS281,F4185
DS658,F4186
DS436,F4187
DS93,F4188
DS355,F4189
DS687,F4190
DS129,F4191
DS247,F4192
DS560,F4193
DS289,F4194
DS850,F4195
DS344,F4196
DS757,F4197
DS1133,F4198
DS337,F4199
DS898,F4200
DS498,F4201
DS1191,F4202
DS83,F4203
DS273,F4204
DS204,F4205
DS770,F4206
DS323,F4207
DS32,F4208
DS997,F4209
DS165,F4210
DS13,F4211
DS14,F4212
DS367,F4213
DS182,F4214
DS581,F4215
DS852,F4216
DS974,F4217
DS259,F4218
DS422,F4219
DS293,F4220
DS554,F4221
DS1071,F4222
DS922,F4223
DS843,F4224
DS489,F4225
DS357,F4226
DS77,F4227
DS368,F4228
DS1023,F4229
DS180,F4230
DS616,F4231
DS712,F4232
DS857,F4233
DS9,F4234
DS1142,F4235
DS482,F4236
DS393,F4237
DS240,F4238
DS1085,F4239
DS195,F4240
DS741,F4241
DS1105,F4242
DS1039,F4243
DS449,F4244
DS950,F4245
DS426,F4246
DS566,F4247
DS108,F4248
DS396,F4249
DS230,F4250
DS305,F4251
DS971,F4252
DS1018,F4253
DS361,F4254
DS327,F4255
DS88,F4256
DS110,F4257
DS745,F4258
DS583,F4259
DS429,F4260
DS890,F4261
DS514,F4262
DS684,F4263
DS928,F4264
DS88,F4265
DS213,F4266
DS107,F4267
DS1100,F4268
DS360,F4269
DS323,F4270
DS59,F4271
DS993,F4272
DS1054,F4273
DS237,F4274
DS145,F4275
DS481,F4276
DS910,F4277
DS1187,F4278
DS667,F4279
DS858,F4280
DS407,F4281
DS667,F4282
DS471,F4283
DS225,F4284
DS667,F4285
DS466,F4286
DS200,F4287
DS485,F4288
DS844,F4289
DS409,F4290
DS769,F4291
DS451,F4292
DS150,F4293
DS964,F4294
DS1198,F4295
DS992,F4296
DS111,F4297
DS892,F4298
DS296,F4299
DS442,F4300
DS931,F4301
DS364,F4302
DS793,F4303
DS764,F4304
DS279,F4305
DS937,F4306
DS397,F4307
DS734,F4308
DS552,F4309
DS414,F4310
DS687,F4311
DS260,F4312
DS65,F4313
DS1164,F4314
DS122,F4315
DS574,F4316
DS279,F4317
DS227,F4318
DS953,F4319
DS939,F4320
DS856,F4321
DS350,F4322
DS703,F4323
DS450,F4324
DS604,F4325
DS321,F4326
DS348,F4327
DS1183,F4328
DS1132,F4329
DS470,F4330
DS177,F4331
DS843,F4332
DS1068,F4333
DS1001,F4334
DS443,F4335
DS969,F4336
DS947,F4337
DS571,F4338
DS29,F4339
DS876,F4340
DS505,F4341
DS507,F4342
DS670,F4343
DS889,F4344
DS1186,F4345
DS455,F4346
DS305,F4347
DS1174,F4348
DS10,F4349
DS855,F4350
DS90,F4351
DS82,F4352
DS963,F4353
DS1032,F4354
DS68,F4355
DS871,F4356
DS1087,F4357
DS807,F4358
DS981,F4359
DS200,F4360
DS926,F4361
DS1014,F4362
DS492,F4363
DS170,F4364
DS1143,F4365
DS25,F4366
DS832,F4367
DS446,F4368
DS271,F4369
DS734,F4370
DS605,F4371
DS489,F4372
DS185,F4373
DS32,F4374
DS982,F4375
DS624,F4376
DS331,F4377
DS940,F4378
DS1168,F4379
DS1195,F4380
DS49,F4381
DS931,F4382
DS949,F4383
DS283,F4384
DS830,F4385
DS378,F4386
DS758,F4387
DS950,F4388
DS2,F4389
DS144,F4390
DS788,F4391
DS681,F4392
DS1087,F4393
DS66,F4394
DS607,F4395
DS872,F4396
DS552,F4397
DS1110,F4398
DS1178,F4399
DS424,F4400
DS165,F4401
DS687,F4402
DS112,F4403
DS1054,F4404
DS745,F4405
DS105,F4406
DS227,F4407
DS784,F4408
DS748,F4409
DS953,F4410
DS83,F4411
DS748,F4412
DS750,F4413
DS358,F4414
DS1144,F4415
DS137,F4416
DS1148,F4417
DS419,F4418
DS283,F4419
DS685,F4420
DS488,F4421
DS1105,F4422
DS232,F4423
DS979,F4424
DS1188,F4425
DS429,F4426
DS461,F4427
DS656,F4428
DS722,F4429
DS547,F4430
DS1031,F4431
DS866,F4432
DS567,F4433
DS111,F4434
DS129,F4435
DS763,F4436
DS707,F4437
DS926,F4438
DS995,F4439
DS1026,F4440
DS1078,F4441
DS251,F4442
DS962,F4443
DS1089,F4444
DS1091,F4445
DS598,F4446
DS925,F4447
DS753,F4448
DS134,F4449
DS385,F4450
DS937,F4451
DS178,F4452
DS164,F4453
DS800,F4454
DS366,F4455
DS590,F4456
DS157,F4457
DS223,F4458
DS337,F4459
DS565,F4460
DS229,F4461
DS303,F4462
DS1016,F4463
DS308,F4464
DS418,F4465
DS1066,F4466
DS46,F4467
DS600,F4468
DS853,F4469
DS1108,F4470
DS270,F4471
DS970,F4472
DS710,F4473
DS860,F4474
DS909,F4475
DS43,F4476
DS597,F4477
DS387,F4478
DS128,F4479
DS45,F4480
DS475,F4481
DS1064,F4482
DS687,F4483
DS843,F4484
DS1185,F4485
DS702,F4486
DS668,F4487
DS995,F4488
DS1085,F4489
DS1123,F4490
DS911,F4491
DS937,F4492
DS622,F4493
DS1161,F4494
DS270,F4495
DS627,F4496
DS351,F4497
DS532,F4498
DS464,F4499
DS991,F4500
DS761,F4501
DS590,F4502
DS96,F4503
DS303,F4504
DS723,F4505
DS582,F4506
DS933,F4507
DS340,F4508
DS329,F4509
DS1096,F4510
DS584,F4511
DS373,F4512
DS359,F4513
DS314,F4514
DS330,F4515
DS487,F4516
DS239,F4517
DS84,F4518
DS648,F4519
DS1176,F4520
DS259,F4521
DS902,F4522
DS533,F4523
DS757,F4524
DS377,F4525
DS420,F4526
DS1151,F4527
DS71,F4528
DS649,F4529
DS704,F4530
DS302,F4531
DS763,F4532
DS918,F4533
DS1105,F4534
DS332,F4535
DS1092,F4536
DS617,F4537
DS248,F4538
DS51,F4539
DS828,F4540
DS1022,F4541
DS297,F4542
DS938,F4543
DS655,F4544
DS319,F4545
DS8,F4546
DS1118,F4547
DS1039,F4548
DS678,F4549
DS605,F4550
DS970,F4551
DS593,F4552
DS1174,F4553
DS301,F4554
DS1157,F4555
DS905,F4556
DS693,F4557
DS230,F4558
DS980,F4559
DS82,F4560
DS285,F4561
DS1128,F4562
DS239,F4563
DS630,F4564
DS50,F4565
DS822,F4566
DS451,F4567
DS913,F4568
DS731,F4569
DS189,F4570
DS668,F4571
DS112,F4572
DS399,F4573
DS1194,F4574
DS1078,F4575
DS454,F4576
DS569,F4577
DS400,F4578
DS46,F4579
DS171,F4580
DS1102,F4581
DS912,F4582
DS178,F4583
DS1048,F4584
DS807,F4585
DS398,F4586
DS1004,F4587
DS650,F4588
DS1047,F4589
DS114,F4590
DS739,F4591
DS814,F4592
DS302,F4593
DS875,F4594
DS757,F4595
DS790,F4596
DS763,F4597
DS24,F4598
DS582,F4599
DS706,F4600
DS719,F4601
DS630,F4602
DS912,F4603
DS1148,F4604
DS179,F4605
DS441,F4606
DS909,F4607
DS851,F4608
DS906,F4609
DS591,F4610
DS335,F4611
DS868,F4612
DS848,F4613
DS285,F4614
DS176,F4615
DS294,F4616
DS425,F4617
DS621,F4618
DS972,F4619
DS1075,F4620
DS686,F4621
DS135,F4622
DS769,F4623
DS181,F4624
DS13,F4625
DS838,F4626
DS559,F4627
DS848,F4628
DS358,F4629
DS1138,F4630
DS946,F4631
DS1163,F4632
DS280,F4633
DS408,F4634
DS380,F4635
DS781,F4636
DS592,F4637
DS1134,F4638
DS1004,F4639
DS86,F4640
DS618,F4641
DS1198,F4642
DS622,F4643
DS1011,F4644
DS1145,F4645
DS949,F4646
DS459,F4647
DS54,F4648
DS5,F4649
DS315,F4650
DS537,F4651
DS614,F4652
DS967,F4653
DS254,F4654
DS589,F4655
DS854,F4656
DS367,F4657
DS1007,F4658
DS501,F4659
DS58,F4660
DS244,F4661
DS567,F4662
DS1009,F4663
DS136,F4664
DS740,F4665
DS1190,F4666
DS984,F4667
DS1158,F4668
DS893,F4669
DS528,F4670
DS974,F4671
DS244,F4672
DS764,F4673
DS1049,F4674
DS1178,F4675
DS35,F4676
DS531,F4677
DS333,F4678
DS1191,F4679
DS119,F4680
DS299,F4681
DS654,F4682
DS944,F4683
DS277,F4684
DS731,F4685
DS334,F4686
DS108,F4687
DS558,F4688
DS739,F4689
DS859,F4690
DS729,F4691
DS99,F4692
DS593,F4693
DS597,F4694
DS1084,F4695
DS157,F4696
DS1052,F4697
DS396,F4698
DS375,F4699
DS193,F4700
DS342,F4701
DS1113,F4702
DS660,F4703
DS647,F4704
DS616,F4705
DS555,F4706
DS742,F4707
DS196,F4708
DS1094,F4709
DS1187,F4710
DS720,F4711
DS294,F4712
DS26,F4713
DS280,F4714
DS1061,F4715
DS576,F4716
DS763,F4717
DS993,F4718
DS843,F4719
DS696,F4720
DS333,F4721
DS209,F4722
DS446,F4723
DS316,F4724
DS1030,F4725
DS452,F4726
DS385,F4727
DS1144,F4728
DS1076,F4729
DS1089,F4730
DS1128,F4731
DS233,F4732
DS854,F4733
DS943,F4734
DS156,F4735
DS238,F4736
DS268,F4737
DS35,F4738
DS982,F4739
DS713,F4740
DS638,F4741
DS742,F4742
DS284,F4743
DS905,F4744
DS1071,F4745
DS700,F4746
DS352,F4747
DS623,F4748
DS58,F4749
DS242,F4750
DS455,F4751
DS263,F4752
DS291,F4753
DS464,F4754
DS629,F4755
DS256,F4756
DS429,F4757
DS266,F4758
DS160,F4759
DS870,F4760
DS228,F4761
DS159,F4762
DS38,F4763
DS991,F4764
DS883,F4765
DS87,F4766
DS402,F4767
DS220,F4768
DS67,F4769
DS1051,F4770
DS121,F4771
DS960,F4772
DS243,F4773
DS518,F4774
DS88,F4775
DS135,F4776
DS617,F4777
DS21,F4778
DS197,F4779
DS253,F4780
DS420,F4781
DS409,F4782
DS378,F4783
DS719,F4784
DS59,F4785
DS185,F4786
DS298,F4787
DS568,F4788
DS1187,F4789
DS712,F4790
DS721,F4791
DS328,F4792
DS1025,F4793
DS495,F4794
DS1034,F4795
DS1167,F4796
DS139,F4797
DS202,F4798
DS1184,F4799
DS28,F4800
DS1083,F4801
DS444,F4802
DS392,F4803
DS577,F4804
DS351,F4805
DS1100,F4806
DS8,F4807
DS202,F4808
DS438,F4809
DS1032,F4810
DS972,F4811
DS750,F4812
DS379,F4813
DS900,F4814
DS219,F4815
DS370,F4816
DS726,F4817
DS777,F4818
DS868,F4819
DS438,F4820
DS1053,F4821
DS466,F4822
DS834,F4823
DS231,F4824
DS643,F4825
DS253,F4826
DS954,F4827
DS225,F4828
DS1064,F4829
DS278,F4830
DS1015,F4831
DS739,F4832
DS590,F4833
DS1141,F4834
DS83,F4835
DS168,F4836
DS671,F4837
DS1011,F4838
DS236,F4839
DS788,F4840
DS580,F4841
DS935,F4842
DS638,F4843
DS909,F4844
DS462,F4845
DS1134,F4846
DS834,F4847
DS595,F4848
DS876,F4849
DS386,F4850
DS142,F4851
DS974,F4852
DS752,F4853
DS367,F4854
DS26,F4855
DS1006,F4856
DS215,F4857
DS811,F4858
DS897,F4859
DS1070,F4860
DS174,F4861
DS244,F4862
DS293,F4863
DS808,F4864
DS820,F4865
DS208,F4866
DS345,F4867
DS132,F4868
DS744,F4869
DS407,F4870
DS693,F4871
DS410,F4872
DS827,F4873
DS251,F4874
DS476,F4875
DS869,F4876
DS1022,F4877
DS570,F4878
DS1191,F4879
DS559,F4880
DS819,F4881
DS729,F4882
DS974,F4883
DS828,F4884
DS992,F4885
DS1047,F4886
DS571,F4887
DS301,F4888
DS931,F4889
DS221,F4890
DS250,F4891
DS513,F4892
DS1002,F4893
DS1018,F4894
DS472,F4895
DS275,F4896
DS60,F4897
DS203,F4898
DS108,F4899
DS139,F4900
DS1020,F4901
DS54,F4902
DS366,F4903
DS783,F4904
DS669,F4905
DS312,F4906
DS620,F4907
DS197,F4908
DS156,F4909
DS1064,F4910
DS1008,F4911
DS954,F4912
DS413,F4913
DS601,F4914
DS1019,F4915
DS1004,F4916
DS1033,F4917
DS535,F4918
DS1110,F4919
DS703,F4920
DS1107,F4921
DS1119,F4922
DS36,F4923
DS64,F4924
DS881,F4925
DS243,F4926
DS785,F4927
DS921,F4928
DS644,F4929
DS770,F4930
DS906,F4931
DS941,F4932
DS73,F4933
DS67,F4934
DS362,F4935
DS1140,F4936
DS620,F4937
DS336,F4938
DS1006,F4939
DS882,F4940
DS275,F4941
DS639,F4942
DS796,F4943
DS998,F4944
DS224,F4945
DS1165,F4946
DS1004,F4947
DS1134,F4948
DS1104,F4949
DS1171,F4950
DS962,F4951
DS974,F4952
DS1151,F4953
DS320,F4954
DS1037,F4955
DS114,F4956
DS801,F4957
DS539,F4958
DS1013,F4959
DS773,F4960
DS722,F4961
DS582,F4962
DS656,F4963
DS125,F4964
DS57,F4965
DS92,F4966
DS262,F4967
DS750,F4968
DS714,F4969
DS1195,F4970
DS55,F4971
DS698,F4972
DS779,F4973
DS199,F4974
DS876,F4975
DS706,F4976
DS731,F4977
DS843,F4978
DS719,F4979
DS115,F4980
DS500,F4981
DS507,F4982
DS480,F4983
DS639,F4984
DS173,F4985
DS134,F4986
DS624,F4987
DS234,F4988
DS691,F4989
DS347,F4990
DS40,F4991
DS1102,F4992
DS667,F4993
DS76,F4994
DS943,F4995
DS865,F4996
DS1163,F4997
DS1054,F4998
DS862,F4999
DS546,F5000
DS41,F5001
DS961,F5002
DS45,F5003
DS648,F5004
DS773,F5005
DS1168,F5006
DS799,F5007
DS660,F5008
DS1172,F5009
DS200,F5010
DS1000,F5011
DS204,F5012
DS421,F5013
DS688,F5014
DS1017,F5015
DS1029,F5016
DS695,F5017
DS341,F5018
DS613,F5019
DS744,F5020
DS892,F5021
DS413,F5022
DS1017,F5023
DS154,F5024
DS1097,F5025
DS438,F5026
DS588,F5027
DS543,F5028
DS97,F5029
DS608,F5030
DS1174,F5031
DS823,F5032
DS462,F5033
DS188,F5034
DS1184,F5035
DS194,F5036
DS689,F5037
DS559,F5038
DS137,F5039
DS1160,F5040
DS1087,F5041
DS973,F5042
DS874,F5043
DS429,F5044
DS711,F5045
DS157,F5046
DS618,F5047
DS1033,F5048
DS614,F5049
DS886,F5050
DS1105,F5051
DS641,F5052
DS409,F5053
DS848,F5054
DS823,F5055
DS514,F5056
DS1055,F5057
DS928,F5058
DS1121,F5059
DS369,F5060
DS38,F5061
DS1057,F5062
DS382,F5063
DS1181,F5064
DS1022,F5065
DS436,F5066
DS957,F5067
DS548,F5068
DS1091,F5069
DS888,F5070
DS1159,F5071
DS122,F5072
DS1069,F5073
DS410,F5074
DS746,F5075
DS947,F5076
DS302,F5077
DS492,F5078
DS308,F5079
DS614,F5080
DS891,F5081
DS840,F5082
DS652,F5083
DS131,F5084
DS416,F5085
DS844,F5086
DS546,F5087
DS587,F5088
DS328,F5089
DS525,F5090
DS483,F5091
DS831,F5092
DS488,F5093
DS232,F5094
DS307,F5095
DS393,F5096
DS56,F5097
DS502,F5098
DS635,F5099
DS950,F5100
DS994,F5101
DS1146,F5102
DS893,F5103
DS864,F5104
DS75,F5105
DS413,F5106
DS326,F5107
DS558,F5108
DS279,F5109
DS59,F5110
DS529,F5111
DS568,F5112
DS1127,F5113
DS360,F5114
DS86,F5115
DS995,F5116
DS40,F5117
DS113,F5118
DS171,F5119
DS642,F5120
DS610,F5121
DS130,F5122
DS833,F5123
DS744,F5124
DS184,F5125
DS812,F5126
DS287,F5127
DS483,F5128
DS229,F5129
DS1169,F5130
DS1024,F5131
DS247,F5132
DS1068,F5133
DS1188,F5134
DS1075,F5135
DS515,F5136
DS1016,F5137
DS184,F5138
DS487,F5139
DS250,F5140
DS641,F5141
DS674,F5142
DS1196,F5143
DS798,F5144
DS483,F5145
DS866,F5146
DS446,F5147
DS295,F5148
DS218,F5149
DS358,F5150
DS438,F5151
DS562,F5152
DS900,F5153
DS836,F5154
DS520,F5155
DS114,F5156
DS1004,F5157
DS1092,F5158
DS767,F5159
DS231,F5160
DS648,F5161
DS1117,F5162
DS867,F5163
DS972,F5164
DS504,F5165
DS568,F5166
DS296,F5167
DS743,F5168
DS973,F5169
DS753,F5170
DS631,F5171
DS43,F5172
DS71,F5173
DS111,F5174
DS490,F5175
DS518,F5176
DS1131,F5177
DS787,F5178
DS633,F5179
DS743,F5180
DS249,F5181
DS1095,F5182
DS484,F5183
DS906,F5184
DS795,F5185
DS16,F5186
DS804,F5187
DS523,F5188
DS616,F5189
DS184,F5190
DS482,F5191
DS609,F5192
DS430,F5193
DS328,F5194
DS898,F5195
DS649,F5196
DS832,F5197
DS69,F5198
DS561,F5199
DS164,F5200
DS1006,F5201
DS964,F5202
DS845,F5203
DS681,F5204
DS865,F5205
DS205,F5206
DS328,F5207
DS534,F5208
DS1036,F5209
DS135,F5210
DS720,F5211
DS861,F5212
DS1121,F5213
DS669,F5214
DS928,F5215
DS56,F5216
DS106,F5217
DS376,F5218
DS908,F5219
DS278,F5220
DS6,F5221
DS820,F5222
DS409,F5223
DS625,F5224
DS642,F5225
DS1179,F5226
DS168,F5227
DS226,F5228
DS323,F5229
DS511,F5230
DS1057,F5231
DS266,F5232
DS840,F5233
DS654,F5234
DS924,F5235
DS979,F5236
DS273,F5237
DS533,F5238
DS355,F5239
DS670,F5240
DS577,F5241
DS406,F5242
DS172,F5243
DS848,F5244
DS752,F5245
DS372,F5246
DS805,F5247
DS772,F5248
DS1168,F5249
DS459,F5250
DS42,F5251
DS47,F5252
DS1143,F5253
DS468,F5254
DS182,F5255
DS947,F5256
DS406,F5257
DS536,F5258
DS345,F5259
DS101,F5260
DS821,F5261
DS878,F5262
DS532,F5263
DS305,F5264
DS182,F5265
DS753,F5266
DS348,F5267
DS1161,F5268
DS240,F5269
DS28,F5270
DS1076,F5271
DS891,F5272
DS929,F5273
DS1012,F5274
DS242,F5275
DS459,F5276
DS416,F5277
DS390,F5278
DS545,F5279
DS589,F5280
DS1012,F5281
DS782,F5282
DS266,F5283
DS883,F5284
DS423,F5285
DS441,F5286
DS579,F5287
DS387,F5288
DS856,F5289
DS369,F5290
DS836,F5291
DS298,F5292
DS58,F5293
DS594,F5294
DS536,F5295
DS482,F5296
DS923,F5297
DS508,F5298
DS757,F5299
DS1193,F5300
DS938,F5301
DS175,F5302
DS21,F5303
DS960,F5304
DS272,F5305
DS662,F5306
DS814,F5307
DS434,F5308
DS785,F5309
DS866,F5310
DS524,F5311
DS149,F5312
DS195,F5313
DS1140,F5314
DS120,F5315
DS106,F5316
DS681,F5317
DS480,F5318
DS964,F5319
DS725,F5320
DS93,F5321
DS10,F5322
DS519,F5323
DS1033,F5324
DS780,F5325
DS619,F5326
DS808,F5327
DS759,F5328
DS270,F5329
DS1145,F5330
DS84,F5331
DS1188,F5332
DS367,F5333
DS533,F5334
DS347,F5335
DS1031,F5336
DS1009,F5337
DS694,F5338
DS958,F5339
DS270,F5340
DS183,F5341
DS649,F5342
DS1086,F5343
DS886,F5344
DS290,F5345
DS533,F5346
DS239,F5347
DS641,F5348
DS90,F5349
DS261,F5350
DS1022,F5351
DS575,F5352
DS738,F5353
DS880,F5354
DS579,F5355
DS539,F5356
DS540,F5357
DS1058,F5358
DS641,F5359
DS892,F5360
DS337,F5361
DS646,F5362
DS1006,F5363
DS309,F5364
DS1138,F5365
DS901,F5366
DS108,F5367
DS386,F5368
DS304,F5369
DS111,F5370
DS470,F5371
DS375,F5372
DS73,F5373
DS963,F5374
DS532,F5375
DS334,F5376
DS956,F5377
DS893,F5378
DS237,F5379
DS1013,F5380
DS83,F5381
DS904,F5382
DS730,F5383
DS1148,F5384
DS993,F5385
DS937,F5386
DS1009,F5387
DS230,F5388
DS303,F5389
DS253,F5390
DS715,F5391
DS191,F5392
DS417,F5393
DS581,F5394
DS369,F5395
DS344,F5396
DS1041,F5397
DS558,F5398
DS1153,F5399
DS1199,F5400
DS434,F5401
DS1195,F5402
DS8,F5403
DS1077,F5404
DS1168,F5405
DS369,F5406
DS852,F5407
DS157,F5408
DS504,F5409
DS1020,F5410
DS193,F5411
DS673,F5412
DS53,F5413
DS582,F5414
DS249,F5415
DS807,F5416
DS765,F5417
DS217,F5418
DS662,F5419
DS314,F5420
DS59,F5421
DS166,F5422
DS942,F5423
DS982,F5424
DS929,F5425
DS551,F5426
DS11,F5427
DS674,F5428
DS89,F5429
DS927,F5430
DS665,F5431
DS1165,F5432
DS264,F5433
DS432,F5434
DS99,F5435
DS579,F5436
DS661,F5437
DS113,F5438
DS144,F5439
DS1120,F5440
DS781,F5441
DS189,F5442
DS816,F5443
DS522,F5444
DS364,F5445
DS491,F5446
DS816,F5447
DS182,F5448
DS42,F5449
DS426,F5450
DS333,F5451
DS795,F5452
DS824,F5453
DS583,F5454
DS315,F5455
DS246,F5456
DS611,F5457
DS1005,F5458
DS885,F5459
DS635,F5460
DS268,F5461
DS735,F5462
DS196,F5463
DS752,F5464
DS1049,F5465
DS409,F5466
DS1002,F5467
DS912,F5468
DS794,F5469
DS975,F5470
DS549,F5471
DS1153,F5472
DS866,F5473
DS184,F5474
DS865,F5475
DS754,F5476
DS381,F5477
DS889,F5478
DS872,F5479
DS190,F5480
DS82,F5481
DS1051,F5482
DS699,F5483
DS949,F5484
DS459,F5485
DS317,F5486
DS1014,F5487
DS1079,F5488
DS1074,F5489
DS171,F5490
DS595,F5491
DS958,F5492
DS895,F5493
DS162,F5494
DS978,F5495
DS615,F5496
DS304,F5497
DS261,F5498
DS615,F5499
DS509,F5500
DS1071,F5501
DS875,F5502
DS605,F5503
DS1164,F5504
DS97,F5505
DS1128,F5506
DS156,F5507
DS92,F5508
DS1051,F5509
DS220,F5510
DS1045,F5511
DS870,F5512
DS845,F5513
DS193,F5514
DS951,F5515
DS1164,F5516
DS518,F5517
DS727,F5518
DS521,F5519
DS1199,F5520
DS167,F5521
DS1031,F5522
DS33,F5523
DS233,F5524
DS947,F5525
DS367,F5526
DS373,F5527
DS804,F5528
DS92,F5529
DS170,F5530
DS852,F5531
DS609,F5532
DS642,F5533
DS931,F5534
DS921,F5535
DS542,F5536
DS699,F5537
DS383,F5538
DS432,F5539
DS379,F5540
DS160,F5541
DS531,F5542
DS217,F5543
DS888,F5544
DS1094,F5545
DS36,F5546
DS11,F5547
DS808,F5548
DS238,F5549
DS27,F5550
DS351,F5551
DS977,F5552
DS942,F5553
DS829,F5554
DS996,F5555
DS620,F5556
DS738,F5557
DS808,F5558
DS619,F5559
DS179,F5560
DS256,F5561
DS276,F5562
DS28,F5563
DS390,F5564
DS229,F5565
DS32,F5566
DS385,F5567
DS54,F5568
DS428,F5569
DS985,F5570
DS297,F5571
DS495,F5572
DS892,F5573
DS1103,F5574
DS390,F5575
DS176,F5576
DS616,F5577
DS949,F5578
DS303,F5579
DS970,F5580
DS864,F5581
DS44,F5582
DS238,F5583
DS340,F5584
DS312,F5585
DS911,F5586
DS993,F5587
DS965,F5588
DS40,F5589
DS920,F5590
DS1198,F5591
DS496,F5592
DS412,F5593
DS603,F5594
DS1166,F5595
DS802,F5596
DS104,F5597
DS683,F5598
DS16,F5599
DS210,F5600
DS884,F5601
DS851,F5602
DS1015,F5603
DS1185,F5604
DS1135,F5605
DS595,F5606
DS75,F5607
DS998,F5608
DS818,F5609
DS995,F5610
DS1051,F5611
DS999,F5612
DS474,F5613
DS124,F5614
DS1081,F5615
DS38,F5616
DS864,F5617
DS1180,F5618
DS646,F5619
DS1133,F5620
DS130,F5621
DS548,F5622
DS854,F5623
DS969,F5624
DS239,F5625
DS1013,F5626
DS710,F5627
DS918,F5628
DS893,F5629
DS42,F5630
DS330,F5631
DS589,F5632
DS393,F5633
DS961,F5634
DS704,F5635
DS897,F5636
DS475,F5637
DS1039,F5638
DS449,F5639
DS694,F5640
DS959,F5641
DS268,F5642
DS600,F5643
DS799,F5644
DS853,F5645
DS737,F5646
DS967,F5647
DS331,F5648
DS424,F5649
DS578,F5650
DS176,F5651
DS988,F5652
DS264,F5653
DS354,F5654
DS408,F5655
DS320,F5656
DS1007,F5657
DS206,F5658
DS851,F5659
DS1011,F5660
DS621,F5661
DS480,F5662
DS428,F5663
DS1140,F5664
DS96,F5665
DS37,F5666
DS734,F5667
DS534,F5668
DS731,F5669
DS324,F5670
DS357,F5671
DS1031,F5672
DS65,F5673
DS130,F5674
DS691,F5675
DS881,F5676
DS233,F5677
DS464,F5678
DS247,F5679
DS1150,F5680
DS458,F5681
DS996,F5682
DS528,F5683
DS696,F5684
DS727,F5685
DS95,F5686
DS1140,F5687
DS547,F5688
DS309,F5689
DS1055,F5690
DS213,F5691
DS103,F5692
DS896,F5693
DS936,F5694
DS227,F5695
DS216,F5696
DS208,F5697
DS1151,F5698
DS85,F5699
DS1038,F5700
DS215,F5701
DS342,F5702
DS241,F5703
DS420,F5704
DS740,F5705
DS321,F5706
DS598,F5707
DS904,F5708
DS1036,F5709
DS1020,F5710
DS203,F5711
DS315,F5712
DS744,F5713
DS685,F5714
DS282,F5715
DS251,F5716
DS413,F5717
DS899,F5718
DS851,F5719
DS13,F5720
DS502,F5721
DS970,F5722
DS699,F5723
DS587,F5724
DS1034,F5725
DS350,F5726
DS174,F5727
DS544,F5728
DS762,F5729
DS849,F5730
DS738,F5731
DS502,F5732
DS310,F5733
DS1084,F5734
DS863,F5735
DS467,F5736
DS282,F5737
DS878,F5738
DS846,F5739
DS838,F5740
DS939,F5741
DS1057,F5742
DS740,F5743
DS60,F5744
DS906,F5745
DS298,F5746
DS20,F5747
DS1059,F5748
DS142,F5749
DS173,F5750
DS692,F5751
DS644,F5752
DS822,F5753
DS336,F5754
DS888,F5755
DS125,F5756
DS805,F5757
DS75,F5758
DS309,F5759
DS1176,F5760
DS118,F5761
DS1064,F5762
DS605,F5763
DS858,F5764
DS823,F5765
DS1133,F5766
DS623,F5767
DS642,F5768
DS704,F5769
DS16,F5770
DS572,F5771
DS1080,F5772
DS300,F5773
DS827,F5774
DS913,F5775
DS420,F5776
DS1114,F5777
DS905,F5778
DS707,F5779
DS828,F5780
DS404,F5781
DS617,F5782
DS172,F5783
DS75,F5784
DS1100,F5785
DS685,F5786
DS798,F5787
DS258,F5788
DS1065,F5789
DS1107,F5790
DS581,F5791
DS437,F5792
DS190,F5793
DS1047,F5794
DS1130,F5795
DS639,F5796
DS1067,F5797
DS697,F5798
DS327,F5799
DS47,F5800
DS57,F5801
DS1105,F5802
DS529,F5803
DS494,F5804
DS622,F5805
DS865,F5806
DS1034,F5807
DS226,F5808
DS122,F5809
DS763,F5810
DS531,F5811
DS1039,F5812
DS725,F5813
DS253,F5814
DS97,F5815
DS255,F5816
DS919,F5817
DS610,F5818
DS1172,F5819
DS10,F5820
DS928,F5821
DS694,F5822
DS483,F5823
DS1191,F5824
DS1158,F5825
DS1092,F5826
DS478,F5827
DS717,F5828
DS612,F5829
DS582,F5830
DS1173,F5831
DS286,F5832
DS773,F5833
DS1064,F5834
DS507,F5835
DS215,F5836
DS671,F5837
DS1057,F5838
DS1192,F5839
DS394,F5840
DS739,F5841
DS930,F5842
DS200,F5843
DS300,F5844
DS871,F5845
DS843,F5846
DS167,F5847
DS188,F5848
DS127,F5849
DS870,F5850
DS266,F5851
DS975,F5852
DS439,F5853
DS913,F5854
DS159,F5855
DS756,F5856
DS1077,F5857
DS824,F5858
DS1144,F5859
DS1062,F5860
DS808,F5861
DS540,F5862
DS1196,F5863
DS1021,F5864
DS867,F5865
DS901,F5866
DS1002,F5867
DS853,F5868
DS333,F5869
DS295,F5870
DS1035,F5871
DS260,F5872
DS992,F5873
DS937,F5874
DS264,F5875
DS1051,F5876
DS1083,F5877
DS241,F5878
DS435,F5879
DS932,F5880
DS969,F5881
DS66,F5882
DS321,F5883
DS1144,F5884
DS756,F5885
DS243,F5886
DS836,F5887
DS225,F5888
DS247,F5889
DS756,F5890
DS1170,F5891
DS593,F5892
DS82,F5893
DS1070,F5894
DS313,F5895
DS241,F5896
DS760,F5897
DS624,F5898
DS766,F5899
DS621,F5900
DS602,F5901
DS995,F5902
DS57,F5903
DS292,F5904
DS291,F5905
DS863,F5906
DS99,F5907
DS624,F5908
DS580,F5909
DS441,F5910
DS374,F5911
DS1001,F5912
DS4,F5913
DS250,F5914
DS1121,F5915
DS714,F5916
DS138,F5917
DS91,F5918
DS855,F5919
DS985,F5920
DS1173,F5921
DS634,F5922
DS1158,F5923
DS926,F5924
DS691,F5925
DS772,F5926
DS973,F5927
DS271,F5928
DS283,F5929
DS1033,F5930
DS943,F5931
DS921,F5932
DS919,F5933
DS305,F5934
DS666,F5935
DS182,F5936
DS838,F5937
DS793,F5938
DS476,F5939
DS809,F5940
DS694,F5941
DS1107,F5942
DS93,F5943
DS907,F5944
DS568,F5945
DS181,F5946
DS339,F5947
DS50,F5948
DS1171,F5949
DS632,F5950
DS1149,F5951
DS253,F5952
DS1145,F5953
DS174,F5954
DS394,F5955
DS1109,F5956
DS1181,F5957
DS108,F5958
DS1167,F5959
DS1068,F5960
DS387,F5961
DS974,F5962
DS1029,F5963
DS38,F5964
DS246,F5965
DS1089,F5966
DS368,F5967
DS38,F5968
DS563,F5969
DS421,F5970
DS502,F5971
DS1186,F5972
DS909,F5973
DS173,F5974
DS1092,F5975
DS656,F5976
DS822,F5977
DS92,F5978
DS1006,F5979
DS47,F5980
DS696,F5981
DS895,F5982
DS369,F5983
DS849,F5984
DS49,F5985
DS1081,F5986
DS649,F5987
DS782,F5988
DS526,F5989
DS186,F5990
DS234,F5991
DS203,F5992
DS1109,F5993
DS344,F5994
DS584,F5995
DS294,F5996
DS374,F5997
DS523,F5998
DS183,F5999
DS315,F6000
DS628,F6001
DS834,F6002
DS346,F6003
DS120,F6004
DS666,F6005
DS371,F6006
DS55,F6007
DS119,F6008
DS610,F6009
DS798,F6010
DS202,F6011
DS655,F6012
DS291,F6013
DS845,F6014
DS663,F6015
DS528,F6016
DS769,F6017
DS247,F6018
DS106,F6019
DS414,F6020
DS490,F6021
DS484,F6022
DS1009,F6023
DS1041,F6024
DS1033,F6025
DS788,F6026
DS235,F6027
DS551,F6028
DS124,F6029
DS651,F6030
DS951,F6031
DS1132,F6032
DS833,F6033
DS134,F6034
DS991,F6035
DS59,F6036
DS834,F6037
DS478,F6038
DS38,F6039
DS551,F6040
DS1134,F6041
DS207,F6042
DS504,F6043
DS1136,F6044
DS257,F6045
DS623,F6046
DS1163,F6047
DS833,F6048
DS913,F6049
DS171,F6050
DS1024,F6051
DS416,F6052
DS291,F6053
DS764,F6054
DS1106,F6055
DS344,F6056
DS502,F6057
DS1100,F6058
DS867,F6059
DS1136,F6060
DS925,F6061
DS85,F6062
DS2,F6063
DS951,F6064
DS592,F6065
DS342,F6066
DS1,F6067
DS123,F6068
DS987,F6069
DS559,F6070
DS513,F6071
DS778,F6072
DS719,F6073
DS435,F6074
DS1198,F6075
DS1045,F6076
DS576,F6077
DS93,F6078
DS330,F6079
DS1093,F6080
DS1153,F6081
DS143,F6082
DS615,F6083
DS183,F6084
DS809,F6085
DS251,F6086
DS286,F6087
DS1139,F6088
DS572,F6089
DS884,F6090
DS431,F6091
DS1033,F6092
DS651,F6093
DS701,F6094
DS535,F6095
DS927,F6096
DS559,F6097
DS503,F6098
DS658,F6099
DS699,F6100
DS431,F6101
DS941,F6102
DS672,F6103
DS32,F6104
DS273,F6105
DS4,F6106
DS975,F6107
DS8,F6108
DS19,F6109
DS355,F6110
DS846,F6111
DS1138,F6112
DS1001,F6113
DS804,F6114
DS1102,F6115
DS166,F6116
DS158,F6117
DS1103,F6118
DS63,F6119
DS911,F6120
DS252,F6121
DS722,F6122
DS770,F6123
DS733,F6124
DS792,F6125
DS362,F6126
DS17,F6127
DS255,F6128
DS947,F6129
DS758,F6130
DS395,F6131
DS910,F6132
DS19,F6133
DS453,F6134
DS40,F6135
DS575,F6136
DS732,F6137
DS392,F6138
DS184,F6139
DS620,F6140
DS452,F6141
DS479,F6142
DS1011,F6143
DS743,F6144
DS75,F6145
DS574,F6146
DS1009,F6147
DS428,F6148
DS14,F6149
DS401,F6150
DS811,F6151
DS227,F6152
DS568,F6153
DS1165,F6154
DS1024,F6155
DS1011,F6156
DS349,F6157
DS1130,F6158
DS396,F6159
DS1158,F6160
DS1157,F6161
DS359,F6162
DS133,F6163
DS262,F6164
DS133,F6165
DS260,F6166
DS531,F6167
DS1167,F6168
DS466,F6169
DS1071,F6170
DS561,F6171
DS392,F6172
DS47,F6173
DS1091,F6174
DS517,F6175
DS1147,F6176
DS929,F6177
DS4,F6178
DS874,F6179
DS106,F6180
DS661,F6181
DS885,F6182
DS833,F6183
DS561,F6184
DS249,F6185
DS1061,F6186
DS955,F6187
DS1014,F6188
DS740,F6189
DS1059,F6190
DS89,F6191
DS459,F6192
DS96,F6193
DS569,F6194
DS860,F6195
DS1090,F6196
DS919,F6197
DS647,F6198
DS10,F6199
DS802,F6200
DS398,F6201
DS685,F6202
DS167,F6203
DS1171,F6204
DS51,F6205
DS462,F6206
DS867,F6207
DS152,F6208
DS511,F6209
DS403,F6210
DS336,F6211
DS674,F6212
DS636,F6213
DS128,F6214
DS198,F6215
DS57,F6216
DS982,F6217
DS884,F6218
DS49,F6219
DS684,F6220
DS512,F6221
DS506,F6222
DS220,F6223
DS969,F6224
DS488,F6225
DS697,F6226
DS111,F6227
DS683,F6228
DS1064,F6229
DS484,F6230
DS149,F6231
DS898,F6232
DS195,F6233
DS914,F6234
DS1185,F6235
DS255,F6236
DS175,F6237
DS124,F6238
DS68,F6239
DS772,F6240
DS641,F6241
DS133,F6242
DS261,F6243
DS126,F6244
DS905,F6245
DS112,F6246
DS617,F6247
DS884,F6248
DS134,F6249
DS208,F6250
DS114,F6251
DS1145,F6252
DS106,F6253
DS603,F6254
DS781,F6255
DS822,F6256
DS196,F6257
DS841,F6258
DS477,F6259
DS21,F6260
DS928,F6261
DS786,F6262
DS950,F6263
DS876,F6264
DS207,F6265
DS695,F6266
DS53,F6267
DS929,F6268
DS1059,F6269
DS672,F6270
DS394,F6271
DS221,F6272
DS210,F6273
DS25,F6274
DS138,F6275
DS396,F6276
DS1173,F6277
DS258,F6278
DS1042,F6279
DS524,F6280
DS727,F6281
DS862,F6282
DS985,F6283
DS910,F6284
DS380,F6285
DS497,F6286
DS281,F6287
DS90,F6288
DS123,F6289
DS261,F6290
DS638,F6291
DS1197,F6292
DS892,F6293
DS1050,F6294
DS732,F6295
DS637,F6296
DS1195,F6297
DS1108,F6298
DS298,F6299
DS301,F6300
DS961,F6301
DS632,F6302
DS702,F6303
DS596,F6304
DS755,F6305
DS16,F6306
DS1060,F6307
DS296,F6308
DS117,F6309
DS486,F6310
DS1038,F6311
DS1145,F6312
DS111,F6313
DS864,F6314
DS704,F6315
DS400,F6316
DS410,F6317
DS412,F6318
DS140,F6319
DS699,F6320
DS387,F6321
DS974,F6322
DS957,F6323
DS678,F6324
DS1184,F6325
DS1159,F6326
DS687,F6327
DS613,F6328
DS857,F6329
DS673,F6330
DS332,F6331
DS214,F6332
DS930,F6333
DS86,F6334
DS1015,F6335
DS449,F6336
DS7,F6337
DS456,F6338
DS471,F6339
DS955,F6340
DS436,F6341
DS489,F6342
DS984,F6343
DS678,F6344
DS769,F6345
DS420,F6346
DS819,F6347
DS377,F6348
DS13,F6349
DS743,F6350
DS20,F6351
DS151,F6352
DS732,F6353
DS61,F6354
DS1136,F6355
DS235,F6356
DS291,F6357
DS595,F6358
DS901,F6359
DS398,F6360
DS1199,F6361
DS737,F6362
DS89,F6363
DS60,F6364
DS407,F6365
DS405,F6366
DS581,F6367
DS356,F6368
DS448,F6369
DS536,F6370
DS356,F6371
DS695,F6372
DS1135,F6373
DS503,F6374
DS365,F6375
DS401,F6376
DS44,F6377
DS360,F6378
DS536,F6379
DS207,F6380
DS42,F6381
DS281,F6382
DS776,F6383
DS227,F6384
DS693,F6385
DS430,F6386
DS624,F6387
DS934,F6388
DS491,F6389
DS757,F6390
DS762,F6391
DS350,F6392
DS1079,F6393
DS888,F6394
DS133,F6395
DS242,F6396
DS295,F6397
DS267,F6398
DS388,F6399
DS392,F6400
DS1090,F6401
DS774,F6402
DS766,F6403
DS651,F6404
DS879,F6405
DS500,F6406
DS94,F6407
DS387,F6408
DS1096,F6409
DS602,F6410
DS304,F6411
DS671,F6412
DS506,F6413
DS109,F6414
DS573,F6415
DS258,F6416
DS1040,F6417
DS1196,F6418
DS1001,F6419
DS428,F6420
DS166,F6421
DS963,F6422
DS132,F6423
DS342,F6424
DS1041,F6425
DS794,F6426
DS1042,F6427
DS766,F6428
DS1021,F6429
DS1062,F6430
DS950,F6431
DS366,F6432
DS659,F6433
DS765,F6434
DS1076,F6435
DS989,F6436
DS1013,F6437
DS970,F6438
DS549,F6439
DS1190,F6440
DS821,F6441
DS1195,F6442
DS74,F6443
DS424,F6444
DS449,F6445
DS415,F6446
DS925,F6447
DS480,F6448
DS810,F6449
DS447,F6450
DS626,F6451
DS870,F6452
DS772,F6453
DS1170,F6454
DS321,F6455
DS766,F6456
DS521,F6457
DS1127,F6458
DS173,F6459
DS275,F6460
DS172,F6461
DS604,F6462
DS910,F6463
DS1062,F6464
DS720,F6465
DS471,F6466
DS1195,F6467
DS84,F6468
DS952,F6469
DS1049,F6470
DS688,F6471
DS872,F6472
DS923,F6473
DS957,F6474
DS885,F6475
DS837,F6476
DS752,F6477
DS1018,F6478
DS649,F6479
DS559,F6480
DS783,F6481
DS50,F6482
DS367,F6483
DS904,F6484
DS478,F6485
DS543,F6486
DS155,F6487
DS735,F6488
DS168,F6489
DS603,F6490
DS1027,F6491
DS1050,F6492
DS1119,F6493
DS160,F6494
DS566,F6495
DS466,F6496
DS201,F6497
DS242,F6498
DS146,F6499
DS737,F6500
DS78,F6501
DS1118,F6502
DS410,F6503
DS683,F6504
DS402,F6505
DS674,F6506
DS512,F6507
DS619,F6508
DS562,F6509
DS390,F6510
DS282,F6511
DS1112,F6512
DS534,F6513
DS17,F6514
DS613,F6515
DS577,F6516
DS709,F6517
DS827,F6518
DS830,F6519
DS1187,F6520
DS24,F6521
DS966,F6522
DS1049,F6523
DS305,F6524
DS814,F6525
DS466,F6526
DS464,F6527
DS429,F6528
DS971,F6529
DS478,F6530
DS1056,F6531
DS1131,F6532
DS959,F6533
DS944,F6534
DS697,F6535
DS175,F6536
DS641,F6537
DS384,F6538
DS878,F6539
DS855,F6540
DS429,F6541
DS898,F6542
DS921,F6543
DS1143,F6544
DS61,F6545
DS767,F6546
DS284,F6547
DS1182,F6548
DS262,F6549
DS625,F6550
DS19,F6551
DS1023,F6552
DS726,F6553
DS695,F6554
DS461,F6555
DS858,F6556
DS871,F6557
DS826,F6558
DS1101,F6559
DS613,F6560
DS667,F6561
DS47,F6562
DS1162,F6563
DS65,F6564
DS284,F6565
DS314,F6566
DS676,F6567
DS1163,F6568
DS1175,F6569
DS800,F6570
DS780,F6571
DS418,F6572
DS800,F6573
DS130,F6574
DS1094,F6575
DS791,F6576
DS385,F6577
DS972,F6578
DS222,F6579
DS673,F6580
DS1166,F6581
DS924,F6582
DS623,F6583
DS190,F6584
DS351,F6585
DS213,F6586
DS1132,F6587
DS363,F6588
DS65,F6589
DS1000,F6590
DS54,F6591
DS382,F6592
DS407,F6593
DS142,F6594
DS790,F6595
DS581,F6596
DS421,F6597
DS477,F6598
DS596,F6599
DS1073,F6600
DS143,F6601
DS931,F6602
DS117,F6603
DS754,F6604
DS1061,F6605
DS22,F6606
DS351,F6607
DS669,F6608
DS841,F6609
DS800,F6610
DS321,F6611
DS226,F6612
DS264,F6613
DS1098,F6614
DS856,F6615
DS979,F6616
DS140,F6617
DS796,F6618
DS422,F6619
DS266,F6620
DS421,F6621
DS634,F6622
DS885,F6623
DS972,F6624
DS325,F6625
DS1177,F6626
DS635,F6627
DS415,F6628
DS1029,F6629
DS939,F6630
DS564,F6631
DS413,F6632
DS15,F6633
DS292,F6634
DS912,F6635
DS131,F6636
DS817,F6637
DS505,F6638
DS1076,F6639
DS673,F6640
DS1165,F6641
DS1005,F6642
DS942,F6643
DS947,F6644
DS1179,F6645
DS80,F6646
DS186,F6647
DS589,F6648
DS934,F6649
DS710,F6650
DS609,F6651
DS800,F6652
DS358,F6653
DS850,F6654
DS510,F6655
DS367,F6656
DS884,F6657
DS937,F6658
DS787,F6659
DS375,F6660
DS1164,F6661
DS195,F6662
DS805,F6663
DS89,F6664
DS490,F6665
DS323,F6666
DS560,F6667
DS1101,F6668
DS597,F6669
DS136,F6670
DS444,F6671
DS1010,F6672
DS842,F6673
DS1132,F6674
DS248,F6675
DS755,F6676
DS156,F6677
DS215,F6678
DS1033,F6679
DS667,F6680
DS839,F6681
DS923,F6682
DS337,F6683
DS517,F6684
DS424,F6685
DS1036,F6686
DS91,F6687
DS946,F6688
DS54,F6689
DS149,F6690
DS945,F6691
DS780,F6692
DS703,F6693
DS817,F6694
DS398,F6695
DS812,F6696
DS77,F6697
DS21,F6698
DS513,F6699
DS234,F6700
DS279,F6701
DS669,F6702
DS950,F6703
DS992,F6704
DS944,F6705
DS139,F6706
DS169,F6707
DS1123,F6708
DS496,F6709
DS896,F6710
DS287,F6711
DS964,F6712
DS571,F6713
DS330,F6714
DS349,F6715
DS36,F6716
DS205,F6717
DS362,F6718
DS602,F6719
DS254,F6720
DS1094,F6721
DS800,F6722
DS344,F6723
DS158,F6724
DS22,F6725
DS559,F6726
DS314,F6727
DS902,F6728
DS733,F6729
DS364,F6730
DS443,F6731
DS70,F6732
DS1090,F6733
DS442,F6734
DS905,F6735
DS97,F6736
DS1070,F6737
DS210,F6738
DS799,F6739
DS631,F6740
DS909,F6741
DS107,F6742
DS9,F6743
DS99,F6744
DS772,F6745
DS413,F6746
DS511,F6747
DS767,F6748
DS488,F6749
DS409,F6750
DS187,F6751
DS32,F6752
DS863,F6753
DS57,F6754
DS29,F6755
DS690,F6756
DS393,F6757
DS129,F6758
DS451,F6759
DS197,F6760
DS343,F6761
DS342,F6762
DS90,F6763
DS851,F6764
DS1049,F6765
DS220,F6766
DS669,F6767
DS660,F6768
DS1151,F6769
DS388,F6770
DS424,F6771
DS1109,F6772
DS809,F6773
DS876,F6774
DS247,F6775
DS475,F6776
DS437,F6777
DS216,F6778
DS730,F6779
DS662,F6780
DS355,F6781
DS30,F6782
DS823,F6783
DS647,F6784
DS24,F6785
DS797,F6786
DS435,F6787
DS939,F6788
DS450,F6789
DS135,F6790
DS570,F6791
DS755,F6792
DS89,F6793
DS137,F6794
DS447,F6795
DS841,F6796
DS617,F6797
DS1023,F6798
DS208,F6799
DS1098,F6800
DS1165,F6801
DS351,F6802
DS515,F6803
DS194,F6804
DS664,F6805
DS795,F6806
DS272,F6807
DS680,F6808
DS359,F6809
DS651,F6810
DS987,F6811
DS138,F6812
DS686,F6813
DS36,F6814
DS1198,F6815
DS919,F6816
DS783,F6817
DS1046,F6818
DS476,F6819
DS1031,F6820
DS27,F6821
DS476,F6822
DS43,F6823
DS254,F6824
DS632,F6825
DS484,F6826
DS877,F6827
DS498,F6828
DS162,F6829
DS122,F6830
DS281,F6831
DS767,F6832
DS1021,F6833
DS607,F6834
DS413,F6835
DS310,F6836
DS769,F6837
DS418,F6838
DS77,F6839
DS487,F6840
DS908,F6841
DS673,F6842
DS274,F6843
DS569,F6844
DS650,F6845
DS81,F6846
DS1066,F6847
DS849,F6848
DS590,F6849
DS48,F6850
DS469,F6851
DS678,F6852
DS701,F6853
DS496,F6854
DS421,F6855
DS1104,F6856
DS110,F6857
DS508,F6858
DS455,F6859
DS781,F6860
DS1067,F6861
DS658,F6862
DS375,F6863
DS905,F6864
DS12,F6865
DS132,F6866
DS1006,F6867
DS143,F6868
DS394,F6869
DS106,F6870
DS289,F6871
DS418,F6872
DS257,F6873
DS187,F6874
DS355,F6875
DS1124,F6876
DS418,F6877
DS483,F6878
DS1039,F6879
DS160,F6880
DS872,F6881
DS956,F6882
DS637,F6883
DS336,F6884
DS404,F6885
DS501,F6886
DS868,F6887
DS361,F6888
DS509,F6889
DS620,F6890
DS584,F6891
DS1180,F6892
DS918,F6893
DS412,F6894
DS556,F6895
DS985,F6896
DS163,F6897
DS736,F6898
DS815,F6899
DS773,F6900
DS343,F6901
DS964,F6902
DS903,F6903
DS865,F6904
DS1034,F6905
DS887,F6906
DS319,F6907
DS987,F6908
DS40,F6909
DS781,F6910
DS875,F6911
DS170,F6912
DS614,F6913
DS1100,F6914
DS312,F6915
DS1132,F6916
DS359,F6917
DS526,F6918
DS779,F6919
DS949,F6920
DS626,F6921
DS928,F6922
DS580,F6923
DS768,F6924
DS1151,F6925
DS984,F6926
DS147,F6927
DS682,F6928
DS279,F6929
DS961,F6930
DS400,F6931
DS316,F6932
DS388,F6933
DS8,F6934
DS26,F6935
DS1025,F6936
DS766,F6937
DS1006,F6938
DS828,F6939
DS851,F6940
DS808,F6941
DS764,F6942
DS786,F6943
DS1002,F6944
DS630,F6945
DS145,F6946
DS837,F6947
DS79,F6948
DS254,F6949
DS788,F6950
DS1158,F6951
DS332,F6952
DS397,F6953
DS893,F6954
DS522,F6955
DS713,F6956
DS1043,F6957
DS1000,F6958
DS754,F6959
DS118,F6960
DS789,F6961
DS868,F6962
DS505,F6963
DS496,F6964
DS978,F6965
DS70,F6966
DS740,F6967
DS57,F6968
DS302,F6969
DS535,F6970
DS932,F6971
DS301,F6972
DS520,F6973
DS506,F6974
DS1184,F6975
DS330,F6976
DS25,F6977
DS239,F6978
DS189,F6979
DS787,F6980
DS814,F6981
DS164,F6982
DS1061,F6983
DS386,F6984
DS866,F6985
DS339,F6986
DS874,F6987
DS517,F6988
DS618,F6989
DS1025,F6990
DS1091,F6991
DS783,F6992
DS630,F6993
DS842,F6994
DS182,F6995
DS223,F6996
DS1172,F6997
DS705,F6998
DS292,F6999
DS550,F7000
DS429,F7001
DS815,F7002
DS630,F7003
DS13,F7004
DS344,F7005
DS1007,F7006
DS3,F7007
DS198,F7008
DS143,F7009
DS855,F7010
DS1075,F7011
DS853,F7012
DS590,F7013
DS882,F7014
DS349,F7015
DS361,F7016
DS767,F7017
DS381,F7018
DS275,F7019
DS405,F7020
DS996,F7021
DS372,F7022
DS1029,F7023
DS225,F7024
DS922,F7025
DS1161,F7026
DS435,F7027
DS380,F7028
DS411,F7029
DS120,F7030
DS374,F7031
DS392,F7032
DS531,F7033
DS837,F7034
DS902,F7035
DS223,F7036
DS340,F7037
DS163,F7038
DS600,F7039
DS175,F7040
DS773,F7041
DS255,F7042
DS566,F7043
DS131,F7044
DS700,F7045
DS60,F7046
DS1199,F7047
DS480,F7048
DS978,F7049
DS993,F7050
DS206,F7051
DS19,F7052
DS125,F7053
DS544,F7054
DS14,F7055
DS1192,F7056
DS85,F7057
DS198,F7058
DS432,F7059
DS1069,F7060
DS14,F7061
DS769,F7062
DS1065,F7063
DS544,F7064
DS995,F7065
DS969,F7066
DS690,F7067
DS879,F7068
DS689,F7069
DS759,F7070
DS702,F7071
DS645,F7072
DS490,F7073
DS739,F7074
DS816,F7075
DS775,F7076
DS117,F7077
DS729,F7078
DS676,F7079
DS205,F7080
DS6,F7081
DS935,F7082
DS822,F7083
DS284,F7084
DS52,F7085
DS251,F7086
DS1086,F7087
DS572,F7088
DS509,F7089
DS754,F7090
DS925,F7091
DS973,F7092
DS1054,F7093
DS846,F7094
DS384,F7095
DS6,F7096
DS659,F7097
DS34,F7098
DS737,F7099
DS93,F7100
DS666,F7101
DS909,F7102
DS478,F7103
DS992,F7104
DS819,F7105
DS166,F7106
DS713,F7107
DS876,F7108
DS975,F7109
DS205,F7110
DS788,F7111
DS601,F7112
DS399,F7113
DS293,F7114
DS1065,F7115
DS1171,F7116
DS1033,F7117
DS65,F7118
DS261,F7119
DS1019,F7120
DS178,F7121
DS617,F7122
DS1123,F7123
DS956,F7124
DS344,F7125
DS913,F7126
DS236,F7127
DS987,F7128
DS1107,F7129
DS493,F7130
DS498,F7131
DS433,F7132
DS349,F7133
DS183,F7134
DS216,F7135
DS890,F7136
DS59,F7137
DS328,F7138
DS668,F7139
DS785,F7140
DS574,F7141
DS451,F7142
DS527,F7143
DS975,F7144
DS252,F7145
DS278,F7146
DS1094,F7147
DS1007,F7148
DS185,F7149
DS681,F7150
DS458,F7151
DS1179,F7152
DS132,F7153
DS702,F7154
DS772,F7155
DS781,F7156
DS1150,F7157
DS894,F7158
DS477,F7159
DS457,F7160
DS530,F7161
DS236,F7162
DS595,F7163
DS179,F7164
DS228,F7165
DS182,F7166
DS696,F7167
DS385,F7168
DS237,F7169
DS1173,F7170
DS753,F7171
DS260,F7172
DS641,F7173
DS778,F7174
DS1181,F7175
DS3,F7176
DS636,F7177
DS126,F7178
DS1096,F7179
DS388,F7180
DS794,F7181
DS867,F7182
DS654,F7183
DS747,F7184
DS258,F7185
DS1064,F7186
DS454,F7187
DS218,F7188
DS809,F7189
DS18,F7190
DS1102,F7191
DS943,F7192
DS647,F7193
DS296,F7194
DS607,F7195
DS448,F7196
DS1023,F7197
DS933,F7198
DS301,F7199
DS580,F7200
DS298,F7201
DS70,F7202
DS655,F7203
DS632,F7204
DS1028,F7205
DS252,F7206
DS560,F7207
DS1175,F7208
DS979,F7209
DS441,F7210
DS1013,F7211
DS596,F7212
DS771,F7213
DS120,F7214
DS682,F7215
DS312,F7216
DS431,F7217
DS460,F7218
DS107,F7219
DS366,F7220
DS998,F7221
DS802,F7222
DS612,F7223
DS326,F7224
DS44,F7225
DS1122,F7226
DS803,F7227
DS691,F7228
DS865,F7229
DS969,F7230
DS713,F7231
DS801,F7232
DS800,F7233
DS147,F7234
DS1081,F7235
DS579,F7236
DS578,F7237
DS399,F7238
DS1122,F7239
DS806,F7240
DS199,F7241
DS268,F7242
DS662,F7243
DS1188,F7244
DS110,F7245
DS622,F7246
DS937,F7247
DS335,F7248
DS1182,F7249
DS281,F7250
DS904,F7251
DS988,F7252
DS596,F7253
DS296,F7254
DS429,F7255
DS446,F7256
DS400,F7257
DS18,F7258
DS741,F7259
DS1178,F7260
DS208,F7261
DS302,F7262
DS771,F7263
DS874,F7264
DS344,F7265
DS115,F7266
DS196,F7267
DS728,F7268
DS970,F7269
DS367,F7270
DS107,F7271
DS240,F7272
DS1055,F7273
DS693,F7274
DS888,F7275
DS304,F7276
DS827,F7277
DS501,F7278
DS69,F7279
DS243,F7280
DS493,F7281
DS812,F7282
DS1000,F7283
DS619,F7284
DS353,F7285
DS768,F7286
DS183,F7287
DS949,F7288
DS782,F7289
DS563,F7290
DS911,F7291
DS752,F7292
DS23,F7293
DS245,F7294
DS238,F7295
DS169,F7296
DS249,F7297
DS1001,F7298
DS1043,F7299
DS460,F7300
DS47,F7301
DS1173,F7302
DS1172,F7303
DS982,F7304
DS560,F7305
DS193,F7306
DS370,F7307
DS786,F7308
DS991,F7309
DS888,F7310
DS611,F7311
DS1170,F7312
DS256,F7313
DS203,F7314
DS666,F7315
DS130,F7316
DS1100,F7317
DS378,F7318
DS830,F7319
DS40,F7320
DS806,F7321
DS1138,F7322
DS1098,F7323
DS1085,F7324
DS1000,F7325
DS130,F7326
DS1062,F7327
DS1197,F7328
DS1103,F7329
DS254,F7330
DS424,F7331
DS240,F7332
DS370,F7333
DS368,F7334
DS10,F7335
DS1136,F7336
DS915,F7337
DS643,F7338
DS251,F7339
DS80,F7340
DS263,F7341
DS1177,F7342
DS422,F7343
DS330,F7344
DS179,F7345
DS1151,F7346
DS525,F7347
DS71,F7348
DS173,F7349
DS255,F7350
DS1036,F7351
DS611,F7352
DS744,F7353
DS1114,F7354
DS351,F7355
DS866,F7356
DS0,F7357
DS508,F7358
DS615,F7359
DS94,F7360
DS1063,F7361
DS600,F7362
DS1093,F7363
DS911,F7364
DS286,F7365
DS1181,F7366
DS1004,F7367
DS640,F7368
DS1070,F7369
DS721,F7370
DS1102,F7371
DS1045,F7372
DS429,F7373
DS202,F7374
DS91,F7375
DS485,F7376
DS75,F7377
DS385,F7378
DS290,F7379
DS613,F7380
DS440,F7381
DS274,F7382
DS1130,F7383
DS442,F7384
DS735,F7385
DS568,F7386
DS263,F7387
DS864,F7388
DS152,F7389
DS1126,F7390
DS522,F7391
DS533,F7392
DS781,F7393
DS334,F7394
DS819,F7395
DS934,F7396
DS170,F7397
DS520,F7398
DS871,F7399
DS293,F7400
DS1097,F7401
DS417,F7402
DS144,F7403
DS551,F7404
DS394,F7405
DS762,F7406
DS1154,F7407
DS1047,F7408
DS335,F7409
DS859,F7410
DS314,F7411
DS647,F7412
DS888,F7413
DS776,F7414
DS53,F7415
DS506,F7416
DS158,F7417
DS553,F7418
DS255,F7419
DS1088,F7420
DS225,F7421
DS1123,F7422
DS833,F7423
DS135,F7424
DS674,F7425
DS182,F7426
DS743,F7427
DS683,F7428
DS559,F7429
DS299,F7430
DS462,F7431
DS560,F7432
DS20,F7433
DS200,F7434
DS772,F7435
DS455,F7436
DS775,F7437
DS215,F7438
DS252,F7439
DS359,F7440
DS1078,F7441
DS627,F7442
DS1002,F7443
DS195,F7444
DS1083,F7445
DS714,F7446
DS1171,F7447
DS577,F7448
DS1129,F7449
DS555,F7450
DS202,F7451
DS98,F7452
DS349,F7453
DS651,F7454
DS797,F7455
DS370,F7456
DS706,F7457
DS1088,F7458
DS1129,F7459
DS824,F7460
DS976,F7461
DS261,F7462
DS530,F7463
DS19,F7464
DS1051,F7465
DS318,F7466
DS258,F7467
DS292,F7468
DS775,F7469
DS1162,F7470
DS547,F7471
DS108,F7472
DS758,F7473
DS510,F7474
DS856,F7475
DS937,F7476
DS374,F7477
DS898,F7478
DS724,F7479
DS959,F7480
DS1028,F7481
DS587,F7482
DS564,F7483
DS876,F7484
DS1066,F7485
DS468,F7486
DS625,F7487
DS178,F7488
DS625,F7489
DS832,F7490
DS640,F7491
DS184,F7492
DS162,F7493
DS157,F7494
DS491,F7495
DS191,F7496
DS338,F7497
DS1178,F7498
DS117,F7499
DS173,F7500
DS585,F7501
DS1134,F7502
DS1009,F7503
DS21,F7504
DS868,F7505
DS1041,F7506
DS279,F7507
DS982,F7508
DS1019,F7509
DS1054,F7510
DS1090,F7511
DS255,F7512
DS830,F7513
DS28,F7514
DS389,F7515
DS14,F7516
DS870,F7517
DS1094,F7518
DS706,F7519
DS500,F7520
DS1081,F7521
DS86,F7522
DS918,F7523
DS345,F7524
DS1072,F7525
DS460,F7526
DS358,F7527
DS153,F7528
DS751,F7529
DS273,F7530
DS1052,F7531
DS723,F7532
DS104,F7533
DS865,F7534
DS1014,F7535
DS776,F7536
DS349,F7537
DS764,F7538
DS231,F7539
DS692,F7540
DS511,F7541
DS1104,F7542
DS241,F7543
DS594,F7544
DS612,F7545
DS989,F7546
DS601,F7547
DS542,F7548
DS436,F7549
DS4,F7550
DS1164,F7551
DS806,F7552
DS445,F7553
DS624,F7554
DS1055,F7555
DS72,F7556
DS948,F7557
DS999,F7558
DS117,F7559
DS728,F7560
DS12,F7561
DS942,F7562
DS672,F7563
DS611,F7564
DS724,F7565
DS219,F7566
DS10,F7567
DS716,F7568
DS381,F7569
DS823,F7570
DS726,F7571
DS18,F7572
DS207,F7573
DS882,F7574
DS1007,F7575
DS404,F7576
DS173,F7577
DS1083,F7578
DS1053,F7579
DS314,F7580
DS841,F7581
DS253,F7582
DS998,F7583
DS14,F7584
DS318,F7585
DS512,F7586
DS463,F7587
DS963,F7588
DS809,F7589
DS766,F7590
DS612,F7591
DS746,F7592
DS877,F7593
DS373,F7594
DS1098,F7595
DS551,F7596
DS222,F7597
DS898,F7598
DS899,F7599
DS331,F7600
DS286,F7601
DS724,F7602
DS888,F7603
DS11,F7604
DS735,F7605
DS406,F7606
DS226,F7607
DS388,F7608
DS583,F7609
DS82,F7610
DS273,F7611
DS808,F7612
DS862,F7613
DS678,F7614
DS64,F7615
DS328,F7616
DS407,F7617
DS981,F7618
DS544,F7619
DS243,F7620
DS862,F7621
DS1001,F7622
DS1126,F7623
DS1014,F7624
DS260,F7625
DS665,F7626
DS818,F7627
DS1027,F7628
DS796,F7629
DS269,F7630
DS224,F7631
DS220,F7632
DS43,F7633
DS258,F7634
DS318,F7635
DS704,F7636
DS1024,F7637
DS27,F7638
DS484,F7639
DS106,F7640
DS700,F7641
DS879,F7642
DS16,F7643
DS889,F7644
DS983,F7645
DS592,F7646
DS577,F7647
DS995,F7648
DS169,F7649
DS878,F7650
DS507,F7651
DS312,F7652
DS1047,F7653
DS382,F7654
DS510,F7655
DS575,F7656
DS235,F7657
DS539,F7658
DS506,F7659
DS878,F7660
DS406,F7661
DS970,F7662
DS211,F7663
DS1028,F7664
DS371,F7665
DS386,F7666
DS304,F7667
DS469,F7668
DS246,F7669
DS270,F7670
DS821,F7671
DS78,F7672
DS560,F7673
DS393,F7674
DS299,F7675
DS873,F7676
DS36,F7677
DS408,F7678
DS186,F7679
DS104,F7680
DS778,F7681
DS834,F7682
DS1075,F7683
DS627,F7684
DS473,F7685
DS454,F7686
DS688,F7687
DS872,F7688
DS981,F7689
DS125,F7690
DS1044,F7691
DS874,F7692
DS105,F7693
DS623,F7694
DS225,F7695
DS551,F7696
DS744,F7697
DS574,F7698
DS718,F7699
DS856,F7700
DS505,F7701
DS655,F7702
DS97,F7703
DS372,F7704
DS83,F7705
DS1,F7706
DS106,F7707
DS658,F7708
DS434,F7709
DS584,F7710
DS966,F7711
DS573,F7712
DS206,F7713
DS882,F7714
DS378,F7715
DS516,F7716
DS1006,F7717
DS744,F7718
DS684,F7719
DS623,F7720
DS228,F7721
DS198,F7722
DS27,F7723
DS1130,F7724
DS266,F7725
DS678,F7726
DS738,F7727
DS740,F7728
DS1083,F7729
DS761,F7730
DS487,F7731
DS565,F7732
DS430,F7733
DS1196,F7734
DS786,F7735
DS178,F7736
DS217,F7737
DS267,F7738
DS246,F7739
DS84,F7740
DS390,F7741
DS395,F7742
DS912,F7743
DS202,F7744
DS153,F7745
DS1119,F7746
DS702,F7747
DS617,F7748
DS971,F7749
DS413,F7750
DS1092,F7751
DS314,F7752
DS89,F7753
DS261,F7754
DS392,F7755
DS856,F7756
DS1127,F7757
DS517,F7758
DS1147,F7759
DS711,F7760
DS749,F7761
DS918,F7762
DS240,F7763
DS893,F7764
DS138,F7765
DS988,F7766
DS858,F7767
DS1072,F7768
DS1031,F7769
DS44,F7770
DS341,F7771
DS561,F7772
DS264,F7773
DS593,F7774
DS93,F7775
DS1159,F7776
DS124,F7777
DS389,F7778
DS814,F7779
DS1013,F7780
DS1090,F7781
DS1051,F7782
DS153,F7783
DS338,F7784
DS896,F7785
DS1043,F7786
DS786,F7787
DS1151,F7788
DS799,F7789
DS820,F7790
DS556,F7791
DS423,F7792
DS376,F7793
DS7,F7794
DS327,F7795
DS1171,F7796
DS446,F7797
DS18,F7798
DS1050,F7799
DS932,F7800
DS1031,F7801
DS1075,F7802
DS530,F7803
DS621,F7804
DS451,F7805
DS606,F7806
DS549,F7807
DS1130,F7808
DS243,F7809
DS350,F7810
DS458,F7811
DS93,F7812
DS1092,F7813
DS487,F7814
DS597,F7815
DS80,F7816
DS303,F7817
DS568,F7818
DS272,F7819
DS553,F7820
DS105,F7821
DS509,F7822
DS430,F7823
DS1094,F7824
DS237,F7825
DS2,F7826
DS711,F7827
DS755,F7828
DS664,F7829
DS170,F7830
DS1124,F7831
DS540,F7832
DS273,F7833
DS836,F7834
DS603,F7835
DS664,F7836
DS117,F7837
DS21,F7838
DS728,F7839
DS449,F7840
DS572,F7841
DS361,F7842
DS524,F7843
DS32,F7844
DS1100,F7845
DS1194,F7846
DS217,F7847
DS782,F7848
DS527,F7849
DS1128,F7850
DS422,F7851
DS905,F7852
DS451,F7853
DS664,F7854
DS550,F7855
DS417,F7856
DS1191,F7857
DS809,F7858
DS318,F7859
DS913,F7860
DS474,F7861
DS888,F7862
DS754,F7863
DS303,F7864
DS981,F7865
DS191,F7866
DS1015,F7867
DS371,F7868
DS940,F7869
DS378,F7870
DS360,F7871
DS386,F7872
DS1166,F7873
DS1004,F7874
DS369,F7875
DS577,F7876
DS43,F7877
DS635,F7878
DS333,F7879
DS363,F7880
DS807,F7881
DS384,F7882
DS142,F7883
DS293,F7884
DS147,F7885
DS873,F7886
DS502,F7887
DS931,F7888
DS824,F7889
DS205,F7890
DS1078,F7891
DS281,F7892
DS24,F7893
DS204,F7894
DS773,F7895
DS786,F7896
DS42,F7897
DS225,F7898
DS27,F7899
DS89,F7900
DS270,F7901
DS508,F7902
DS171,F7903
DS548,F7904
DS292,F7905
DS27,F7906
DS19,F7907
DS217,F7908
DS1110,F7909
DS693,F7910
DS174,F7911
DS414,F7912
DS285,F7913
DS983,F7914
DS1152,F7915
DS909,F7916
DS334,F7917
DS629,F7918
DS679,F7919
DS980,F7920
DS316,F7921
DS499,F7922
DS114,F7923
DS1113,F7924
DS547,F7925
DS1113,F7926
DS252,F7927
DS43,F7928
DS91,F7929
DS210,F7930
DS1115,F7931
DS607,F7932
DS210,F7933
DS1047,F7934
DS850,F7935
DS290,F7936
DS2,F7937
DS459,F7938
DS49,F7939
DS464,F7940
DS874,F7941
DS789,F7942
DS301,F7943
DS723,F7944
DS587,F7945
DS462,F7946
DS787,F7947
DS230,F7948
DS1007,F7949
DS347,F7950
DS225,F7951
DS459,F7952
DS208,F7953
DS577,F7954
DS731,F7955
DS156,F7956
DS683,F7957
DS242,F7958
DS738,F7959
DS173,F7960
DS88,F7961
DS309,F7962
DS364,F7963
DS877,F7964
DS1086,F7965
DS685,F7966
DS371,F7967
DS870,F7968
DS307,F7969
DS617,F7970
DS587,F7971
DS713,F7972
DS212,F7973
DS555,F7974
DS1022,F7975
DS755,F7976
DS543,F7977
DS156,F7978
DS4,F7979
DS304,F7980
DS300,F7981
DS655,F7982
DS302,F7983
DS799,F7984
DS914,F7985
DS979,F7986
DS137,F7987
DS231,F7988
DS1183,F7989
DS875,F7990
DS570,F7991
DS296,F7992
DS185,F7993
DS661,F7994
DS261,F7995
DS372,F7996
DS788,F7997
DS722,F7998
DS653,F7999
DS1012,F8000
DS868,F8001
DS985,F8002
DS847,F8003
DS682,F8004
DS283,F8005
DS503,F8006
DS784,F8007
DS857,F8008
DS1125,F8009
DS1018,F8010
DS1103,F8011
DS1093,F8012
DS1008,F8013
DS1090,F8014
DS1098,F8015
DS471,F8016
DS787,F8017
DS171,F8018
DS1189,F8019
DS863,F8020
DS1079,F8021
DS1183,F8022
DS449,F8023
DS178,F8024
DS481,F8025
DS740,F8026
DS5,F8027
DS416,F8028
DS35,F8029
DS742,F8030
DS1143,F8031
DS970,F8032
DS273,F8033
DS225,F8034
DS122,F8035
DS715,F8036
DS739,F8037
DS285,F8038
DS603,F8039
DS942,F8040
DS295,F8041
DS1129,F8042
DS862,F8043
DS496,F8044
DS431,F8045
DS459,F8046
DS114,F8047
DS282,F8048
DS240,F8049
DS293,F8050
DS773,F8051
DS53,F8052
DS869,F8053
DS761,F8054
DS110,F8055
DS217,F8056
DS1191,F8057
DS151,F8058
DS976,F8059
DS323,F8060
DS61,F8061
DS300,F8062
DS748,F8063
DS289,F8064
DS161,F8065
DS501,F8066
DS157,F8067
DS25,F8068
DS1165,F8069
DS852,F8070
DS306,F8071
DS373,F8072
DS962,F8073
DS286,F8074
DS1080,F8075
DS613,F8076
DS962,F8077
DS842,F8078
DS690,F8079
DS909,F8080
DS27,F8081
DS587,F8082
DS227,F8083
DS319,F8084
DS122,F8085
DS65,F8086
DS355,F8087
DS1030,F8088
DS328,F8089
DS22,F8090
DS811,F8091
DS867,F8092
DS930,F8093
DS1134,F8094
DS528,F8095
DS1171,F8096
DS1027,F8097
DS626,F8098
DS465,F8099
DS867,F8100
DS321,F8101
DS556,F8102
DS188,F8103
DS1068,F8104
DS773,F8105
DS256,F8106
DS433,F8107
DS820,F8108
DS114,F8109
DS448,F8110
DS803,F8111
DS376,F8112
DS1145,F8113
DS158,F8114
DS959,F8115
DS977,F8116
DS641,F8117
DS829,F8118
DS779,F8119
DS337,F8120
DS111,F8121
DS760,F8122
DS868,F8123
DS398,F8124
DS552,F8125
DS222,F8126
DS213,F8127
DS159,F8128
DS742,F8129
DS687,F8130
DS57,F8131
DS490,F8132
DS577,F8133
DS333,F8134
DS1109,F8135
DS218,F8136
DS133,F8137
DS433,F8138
DS22,F8139
DS633,F8140
DS384,F8141
DS1129,F8142
DS413,F8143
DS66,F8144
DS492,F8145
DS551,F8146
DS174,F8147
DS1167,F8148
DS1156,F8149
DS91,F8150
DS1154,F8151
DS990,F8152
DS93,F8153
DS98,F8154
DS644,F8155
DS190,F8156
DS632,F8157
DS17,F8158
DS730,F8159
DS578,F8160
DS815,F8161
DS1024,F8162
DS399,F8163
DS644,F8164
DS800,F8165
DS728,F8166
DS265,F8167
DS199,F8168
DS678,F8169
DS834,F8170
DS1031,F8171
DS206,F8172
DS1028,F8173
DS307,F8174
DS48,F8175
DS782,F8176
DS976,F8177
DS76,F8178
DS594,F8179
DS330,F8180
DS310,F8181
DS948,F8182
DS161,F8183
DS191,F8184
DS474,F8185
DS441,F8186
DS288,F8187
DS329,F8188
DS1027,F8189
DS1057,F8190
DS1071,F8191
DS699,F8192
DS916,F8193
DS268,F8194
DS694,F8195
DS595,F8196
DS737,F8197
DS882,F8198
DS81,F8199
DS793,F8200
DS489,F8201
DS427,F8202
DS153,F8203
DS312,F8204
DS1161,F8205
DS1018,F8206
DS199,F8207
DS30,F8208
DS292,F8209
DS633,F8210
DS1120,F8211
DS178,F8212
DS1021,F8213
DS192,F8214
DS931,F8215
DS642,F8216
DS347,F8217
DS605,F8218
DS330,F8219
DS139,F8220
DS573,F8221
DS1180,F8222
DS744,F8223
DS723,F8224
DS182,F8225
DS145,F8226
DS366,F8227
DS943,F8228
DS528,F8229
DS969,F8230
DS524,F8231
DS905,F8232
DS287,F8233
DS253,F8234
DS1164,F8235
DS999,F8236
DS81,F8237
DS744,F8238
DS587,F8239
DS821,F8240
DS837,F8241
DS264,F8242
DS902,F8243
DS751,F8244
DS1049,F8245
DS642,F8246
DS765,F8247
DS170,F8248
DS846,F8249
DS1036,F8250
DS921,F8251
DS538,F8252
DS87,F8253
DS116,F8254
DS501,F8255
DS1148,F8256
DS16,F8257
DS316,F8258
DS215,F8259
DS595,F8260
DS769,F8261
DS324,F8262
DS1167,F8263
DS817,F8264
DS149,F8265
DS456,F8266
DS795,F8267
DS946,F8268
DS191,F8269
DS714,F8270
DS954,F8271
DS959,F8272
DS1095,F8273
DS952,F8274
DS223,F8275
DS175,F8276
DS369,F8277
DS221,F8278
DS812,F8279
DS887,F8280
DS408,F8281
DS822,F8282
DS673,F8283
DS132,F8284
DS649,F8285
DS701,F8286
DS995,F8287
DS435,F8288
DS975,F8289
DS234,F8290
DS570,F8291
DS930,F8292
DS78,F8293
DS1116,F8294
DS318,F8295
DS962,F8296
DS298,F8297
DS437,F8298
DS655,F8299
DS1163,F8300
DS64,F8301
DS778,F8302
DS127,F8303
DS740,F8304
DS880,F8305
DS969,F8306
DS437,F8307
DS110,F8308
DS433,F8309
DS46,F8310
DS866,F8311
DS552,F8312
DS516,F8313
DS360,F8314
DS171,F8315
DS290,F8316
DS141,F8317
DS560,F8318
DS829,F8319
DS167,F8320
DS610,F8321
DS924,F8322
DS859,F8323
DS1074,F8324
DS438,F8325
DS531,F8326
DS376,F8327
DS110,F8328
DS189,F8329
DS877,F8330
DS700,F8331
DS608,F8332
DS336,F8333
DS406,F8334
DS715,F8335
DS858,F8336
DS986,F8337
DS973,F8338
DS1096,F8339
DS329,F8340
DS894,F8341
DS726,F8342
DS1168,F8343
DS796,F8344
DS20,F8345
DS1148,F8346
DS406,F8347
DS159,F8348
DS1184,F8349
DS296,F8350
DS663,F8351
DS648,F8352
DS29,F8353
DS308,F8354
DS939,F8355
DS302,F8356
DS1022,F8357
DS648,F8358
DS232,F8359
DS832,F8360
DS538,F8361
DS1066,F8362
DS7,F8363
DS922,F8364
DS257,F8365
DS920,F8366
DS1184,F8367
DS199,F8368
DS74,F8369
DS447,F8370
DS384,F8371
DS860,F8372
DS1118,F8373
DS340,F8374
DS773,F8375
DS442,F8376
DS712,F8377
DS429,F8378
DS391,F8379
DS1181,F8380
DS29,F8381
DS758,F8382
DS745,F8383
DS33,F8384
DS618,F8385
DS628,F8386
DS1028,F8387
DS255,F8388
DS1022,F8389
DS933,F8390
DS847,F8391
DS840,F8392
DS720,F8393
DS721,F8394
DS1110,F8395
DS872,F8396
DS1071,F8397
DS687,F8398
DS232,F8399
DS360,F8400
DS939,F8401
DS877,F8402
DS764,F8403
DS362,F8404
DS1132,F8405
DS333,F8406
DS1111,F8407
DS892,F8408
DS781,F8409
DS583,F8410
DS895,F8411
DS580,F8412
DS203,F8413
DS179,F8414
DS212,F8415
DS183,F8416
DS33,F8417
DS842,F8418
DS212,F8419
DS1016,F8420
DS1115,F8421
DS204,F8422
DS909,F8423
DS1030,F8424
DS1190,F8425
DS66,F8426
DS593,F8427
DS861,F8428
DS433,F8429
DS456,F8430
DS931,F8431
DS1129,F8432
DS780,F8433
DS234,F8434
DS400,F8435
DS961,F8436
DS254,F8437
DS718,F8438
DS950,F8439
DS845,F8440
DS810,F8441
DS15,F8442
DS767,F8443
DS458,F8444
DS1039,F8445
DS580,F8446
DS548,F8447
DS541,F8448
DS629,F8449
DS849,F8450
DS494,F8451
DS8,F8452
DS849,F8453
DS66,F8454
DS31,F8455
DS53,F8456
DS314,F8457
DS766,F8458
DS1062,F8459
DS650,F8460
DS686,F8461
DS349,F8462
DS1171,F8463
DS880,F8464
DS495,F8465
DS1138,F8466
DS801,F8467
DS394,F8468
DS805,F8469
DS105,F8470
DS1183,F8471
DS878,F8472
DS263,F8473
DS799,F8474
DS355,F8475
DS825,F8476
DS651,F8477
DS1059,F8478
DS324,F8479
DS895,F8480
DS473,F8481
DS203,F8482
DS258,F8483
DS1032,F8484
DS242,F8485
DS1181,F8486
DS802,F8487
DS532,F8488
DS1132,F8489
DS325,F8490
DS660,F8491
DS417,F8492
DS190,F8493
DS191,F8494
DS52,F8495
DS895,F8496
DS23,F8497
DS313,F8498
DS56,F8499
DS1113,F8500
DS161,F8501
DS1171,F8502
DS783,F8503
DS51,F8504
DS267,F8505
DS929,F8506
DS733,F8507
DS382,F8508
DS490,F8509
DS454,F8510
DS608,F8511
DS396,F8512
DS1096,F8513
DS502,F8514
DS774,F8515
DS533,F8516
DS105,F8517
DS563,F8518
DS169,F8519
DS294,F8520
DS47,F8521
DS1186,F8522
DS211,F8523
DS227,F8524
DS940,F8525
DS251,F8526
DS219,F8527
DS290,F8528
DS578,F8529
DS536,F8530
DS369,F8531
DS190,F8532
DS158,F8533
DS1012,F8534
DS740,F8535
DS425,F8536
DS800,F8537
DS206,F8538
DS1005,F8539
DS44,F8540
DS847,F8541
DS150,F8542
DS996,F8543
DS156,F8544
DS430,F8545
DS859,F8546
DS768,F8547
DS642,F8548
DS923,F8549
DS329,F8550
DS368,F8551
DS611,F8552
DS20,F8553
DS365,F8554
DS1161,F8555
DS64,F8556
DS240,F8557
DS702,F8558
DS710,F8559
DS991,F8560
DS1119,F8561
DS10,F8562
DS324,F8563
DS1068,F8564
DS521,F8565
DS249,F8566
DS394,F8567
DS60,F8568
DS1097,F8569
DS47,F8570
DS1060,F8571
DS1048,F8572
DS312,F8573
DS442,F8574
DS747,F8575
DS235,F8576
DS444,F8577
DS60,F8578
DS670,F8579
DS283,F8580
DS450,F8581
DS170,F8582
DS259,F8583
DS548,F8584
DS560,F8585
DS986,F8586
DS408,F8587
DS188,F8588
DS713,F8589
DS1129,F8590
DS602,F8591
DS956,F8592
DS1015,F8593
DS893,F8594
DS1049,F8595
DS819,F8596
DS395,F8597
DS512,F8598
DS354,F8599
DS405,F8600
DS575,F8601
DS804,F8602
DS210,F8603
DS1195,F8604
DS638,F8605
DS339,F8606
DS421,F8607
DS999,F8608
DS887,F8609
DS913,F8610
DS867,F8611
DS556,F8612
DS652,F8613
DS220,F8614
DS784,F8615
DS879,F8616
DS409,F8617
DS1161,F8618
DS722,F8619
DS765,F8620
DS131,F8621
DS920,F8622
DS342,F8623
DS69,F8624
DS1047,F8625
DS518,F8626
DS839,F8627
DS601,F8628
DS1086,F8629
DS721,F8630
DS815,F8631
DS61,F8632
DS234,F8633
DS368,F8634
DS660,F8635
DS879,F8636
DS380,F8637
DS732,F8638
DS502,F8639
DS148,F8640
DS440,F8641
DS761,F8642
DS761,F8643
DS297,F8644
DS643,F8645
DS250,F8646
DS19,F8647
DS652,F8648
DS22,F8649
DS673,F8650
DS437,F8651
DS953,F8652
DS1162,F8653
DS658,F8654
DS476,F8655
DS1150,F8656
DS135,F8657
DS789,F8658
DS580,F8659
DS434,F8660
DS1079,F8661
DS445,F8662
DS210,F8663
DS1148,F8664
DS569,F8665
DS153,F8666
DS1175,F8667
DS863,F8668
DS891,F8669
DS650,F8670
DS655,F8671
DS405,F8672
DS403,F8673
DS101,F8674
DS1011,F8675
DS1021,F8676
DS95,F8677
DS562,F8678
DS862,F8679
DS244,F8680
DS254,F8681
DS927,F8682
DS350,F8683
DS669,F8684
DS784,F8685
DS484,F8686
DS1180,F8687
DS43,F8688
DS583,F8689
DS36,F8690
DS1179,F8691
DS9,F8692
DS945,F8693
DS582,F8694
DS268,F8695
DS824,F8696
DS75,F8697
DS1092,F8698
DS1080,F8699
DS80,F8700
DS690,F8701
DS33,F8702
DS142,F8703
DS962,F8704
DS194,F8705
DS850,F8706
DS616,F8707
DS562,F8708
DS649,F8709
DS708,F8710
DS819,F8711
DS163,F8712
DS1139,F8713
DS641,F8714
DS1011,F8715
DS96,F8716
DS805,F8717
DS611,F8718
DS930,F8719
DS1010,F8720
DS248,F8721
DS765,F8722
DS210,F8723
DS59,F8724
DS458,F8725
DS97,F8726
DS21,F8727
DS284,F8728
DS215,F8729
DS661,F8730
DS892,F8731
DS463,F8732
DS348,F8733
DS180,F8734
DS391,F8735
DS755,F8736
DS1100,F8737
DS10,F8738
DS107,F8739
DS531,F8740
DS88,F8741
DS226,F8742
DS98,F8743
DS623,F8744
DS153,F8745
DS540,F8746
DS674,F8747
DS777,F8748
DS552,F8749
DS348,F8750
DS282,F8751
DS1194,F8752
DS943,F8753
DS245,F8754
DS258,F8755
DS653,F8756
DS303,F8757
DS1196,F8758
DS846,F8759
DS915,F8760
DS250,F8761
DS1068,F8762
DS1080,F8763
DS492,F8764
DS1183,F8765
DS978,F8766
DS1003,F8767
DS574,F8768
DS659,F8769
DS988,F8770
DS462,F8771
DS188,F8772
DS540,F8773
DS606,F8774
DS169,F8775
DS722,F8776
DS1143,F8777
DS496,F8778
DS421,F8779
DS159,F8780
DS153,F8781
DS1012,F8782
DS123,F8783
DS435,F8784
DS26,F8785
DS442,F8786
DS958,F8787
DS788,F8788
DS384,F8789
DS998,F8790
DS214,F8791
DS697,F8792
DS427,F8793
DS1080,F8794
DS1052,F8795
DS641,F8796
DS638,F8797
DS929,F8798
DS315,F8799
DS1033,F8800
DS216,F8801
DS266,F8802
DS448,F8803
DS744,F8804
DS789,F8805
DS926,F8806
DS1051,F8807
DS415,F8808
DS819,F8809
DS384,F8810
DS140,F8811
DS569,F8812
DS866,F8813
DS336,F8814
DS629,F8815
DS1182,F8816
DS209,F8817
DS301,F8818
DS944,F8819
DS219,F8820
DS225,F8821
DS492,F8822
DS33,F8823
DS943,F8824
DS383,F8825
DS546,F8826
DS58,F8827
DS975,F8828
DS1087,F8829
DS927,F8830
DS720,F8831
DS543,F8832
DS242,F8833
DS1127,F8834
DS172,F8835
DS725,F8836
DS883,F8837
DS434,F8838
DS308,F8839
DS812,F8840
DS1028,F8841
DS882,F8842
DS1040,F8843
DS683,F8844
DS108,F8845
DS903,F8846
DS558,F8847
DS757,F8848
DS200,F8849
DS100,F8850
DS783,F8851
DS865,F8852
DS397,F8853
DS602,F8854
DS387,F8855
DS824,F8856
DS361,F8857
DS565,F8858
DS1084,F8859
DS1010,F8860
DS1062,F8861
DS887,F8862
DS223,F8863
DS102,F8864
DS509,F8865
DS227,F8866
DS449,F8867
DS235,F8868
DS108,F8869
DS73,F8870
DS1178,F8871
DS545,F8872
DS488,F8873
DS134,F8874
DS1089,F8875
DS206,F8876
DS564,F8877
DS463,F8878
DS828,F8879
DS802,F8880
DS804,F8881
DS207,F8882
DS450,F8883
DS549,F8884
DS1014,F8885
DS421,F8886
DS350,F8887
DS416,F8888
DS711,F8889
DS589,F8890
DS589,F8891
DS6,F8892
DS193,F8893
DS379,F8894
DS1030,F8895
DS976,F8896
DS625,F8897
DS488,F8898
DS348,F8899
DS645,F8900
DS142,F8901
DS341,F8902
DS383,F8903
DS680,F8904
DS932,F8905
DS290,F8906
DS26,F8907
DS971,F8908
DS876,F8909
DS684,F8910
DS42,F8911
DS363,F8912
DS540,F8913
DS157,F8914
DS349,F8915
DS19,F8916
DS721,F8917
DS970,F8918
DS1194,F8919
DS2,F8920
DS1000,F8921
DS506,F8922
DS967,F8923
DS224,F8924
DS92,F8925
DS35,F8926
DS1161,F8927
DS595,F8928
DS467,F8929
DS1075,F8930
DS1030,F8931
DS342,F8932
DS300,F8933
DS192,F8934
DS204,F8935
DS623,F8936
DS687,F8937
DS926,F8938
DS1004,F8939
DS718,F8940
DS1117,F8941
DS527,F8942
DS996,F8943
DS519,F8944
DS746,F8945
DS939,F8946
DS27,F8947
DS722,F8948
DS616,F8949
DS683,F8950
DS1060,F8951
DS991,F8952
DS230,F8953
DS552,F8954
DS1063,F8955
DS42,F8956
DS302,F8957
DS840,F8958
DS451,F8959
DS290,F8960
DS731,F8961
DS1019,F8962
DS63,F8963
DS500,F8964
DS1182,F8965
DS882,F8966
DS736,F8967
DS422,F8968
DS182,F8969
DS396,F8970
DS773,F8971
DS221,F8972
DS560,F8973
DS1115,F8974
DS920,F8975
DS1079,F8976
DS358,F8977
DS543,F8978
DS714,F8979
DS678,F8980
DS800,F8981
DS854,F8982
DS565,F8983
DS633,F8984
DS390,F8985
DS84,F8986
DS1186,F8987
DS1065,F8988
DS703,F8989
DS251,F8990
DS887,F8991
DS931,F8992
DS1160,F8993
DS710,F8994
DS590,F8995
DS225,F8996
DS17,F8997
DS1021,F8998
DS301,F8999
DS955,F9000
DS307,F9001
DS1071,F9002
DS593,F9003
DS1143,F9004
DS333,F9005
DS621,F9006
DS997,F9007
DS590,F9008
DS132,F9009
DS603,F9010
DS31,F9011
DS929,F9012
DS83,F9013
DS445,F9014
DS579,F9015
DS252,F9016
DS108,F9017
DS1000,F9018
DS626,F9019
DS10,F9020
DS881,F9021
DS721,F9022
DS1,F9023
DS102,F9024
DS514,F9025
DS282,F9026
DS717,F9027
DS580,F9028
DS1028,F9029
DS1148,F9030
DS317,F9031
DS176,F9032
DS554,F9033
DS292,F9034
DS402,F9035
DS884,F9036
DS1198,F9037
DS165,F9038
DS595,F9039
DS448,F9040
DS65,F9041
DS969,F9042
DS726,F9043
DS509,F9044
DS791,F9045
DS865,F9046
DS817,F9047
DS200,F9048
DS535,F9049
DS618,F9050
DS636,F9051
DS354,F9052
DS1154,F9053
DS892,F9054
DS660,F9055
DS1184,F9056
DS285,F9057
DS408,F9058
DS512,F9059
DS277,F9060
DS852,F9061
DS1135,F9062
DS408,F9063
DS616,F9064
DS624,F9065
DS175,F9066
DS608,F9067
DS1160,F9068
DS944,F9069
DS1117,F9070
DS375,F9071
DS769,F9072
DS894,F9073
DS196,F9074
DS283,F9075
DS1078,F9076
DS905,F9077
DS641,F9078
DS1031,F9079
DS732,F9080
DS959,F9081
DS725,F9082
DS875,F9083
DS955,F9084
DS861,F9085
DS840,F9086
DS944,F9087
DS56,F9088
DS1144,F9089
DS54,F9090
DS862,F9091
DS181,F9092
DS287,F9093
DS619,F9094
DS496,F9095
DS1188,F9096
DS1048,F9097
DS764,F9098
DS260,F9099
DS1112,F9100
DS1158,F9101
DS600,F9102
DS109,F9103
DS804,F9104
DS257,F9105
DS825,F9106
DS12,F9107
DS947,F9108
DS1060,F9109
DS942,F9110
DS111,F9111
DS173,F9112
DS112,F9113
DS553,F9114
DS219,F9115
DS682,F9116
DS199,F9117
DS595,F9118
DS1158,F9119
DS986,F9120
DS678,F9121
DS124,F9122
DS248,F9123
DS1197,F9124
DS1046,F9125
DS108,F9126
DS419,F9127
DS1057,F9128
DS295,F9129
DS1151,F9130
DS1014,F9131
DS279,F9132
DS457,F9133
DS316,F9134
DS616,F9135
DS636,F9136
DS13,F9137
DS993,F9138
DS411,F9139
DS234,F9140
DS137,F9141
DS0,F9142
DS313,F9143
DS247,F9144
DS1064,F9145
DS198,F9146
DS506,F9147
DS418,F9148
DS212,F9149
DS970,F9150
DS50,F9151
DS1035,F9152
DS908,F9153
DS800,F9154
DS113,F9155
DS249,F9156
DS614,F9157
DS828,F9158
DS990,F9159
DS376,F9160
DS481,F9161
DS1119,F9162
DS533,F9163
DS899,F9164
DS252,F9165
DS885,F9166
DS299,F9167
DS44,F9168
DS378,F9169
DS290,F9170
DS492,F9171
DS349,F9172
DS1047,F9173
DS1119,F9174
DS410,F9175
DS975,F9176
DS983,F9177
DS593,F9178
DS592,F9179
DS204,F9180
DS1009,F9181
DS752,F9182
DS563,F9183
DS801,F9184
DS790,F9185
DS219,F9186
DS950,F9187
DS853,F9188
DS870,F9189
DS303,F9190
DS57,F9191
DS580,F9192
DS936,F9193
DS246,F9194
DS1155,F9195
DS797,F9196
DS22,F9197
DS1188,F9198
DS620,F9199
DS69,F9200
DS910,F9201
DS87,F9202
DS726,F9203
DS285,F9204
DS958,F9205
DS938,F9206
DS567,F9207
DS18,F9208
DS324,F9209
DS732,F9210
DS1025,F9211
DS1030,F9212
DS431,F9213
DS714,F9214
DS1075,F9215
DS799,F9216
DS1050,F9217
DS128,F9218
DS357,F9219
DS310,F9220
DS720,F9221
DS1153,F9222
DS694,F9223
DS941,F9224
DS286,F9225
DS570,F9226
DS620,F9227
DS806,F9228
DS139,F9229
DS990,F9230
DS771,F9231
DS966,F9232
DS369,F9233
DS1179,F9234
DS1038,F9235
DS1076,F9236
DS530,F9237
DS265,F9238
DS663,F9239
DS1189,F9240
DS712,F9241
DS1197,F9242
DS826,F9243
DS138,F9244
DS92,F9245
DS60,F9246
DS325,F9247
DS474,F9248
DS197,F9249
DS217,F9250
DS1022,F9251
DS975,F9252
DS662,F9253
DS474,F9254
DS484,F9255
DS215,F9256
DS356,F9257
DS786,F9258
DS860,F9259
DS131,F9260
DS126,F9261
DS512,F9262
DS234,F9263
DS76,F9264
DS149,F9265
DS904,F9266
DS766,F9267
DS60,F9268
DS356,F9269
DS657,F9270
DS220,F9271
DS920,F9272
DS773,F9273
DS272,F9274
DS1175,F9275
DS1139,F9276
DS409,F9277
DS400,F9278
DS517,F9279
DS1005,F9280
DS896,F9281
DS585,F9282
DS461,F9283
DS412,F9284
DS331,F9285
DS888,F9286
DS1082,F9287
DS393,F9288
DS176,F9289
DS1192,F9290
DS49,F9291
DS197,F9292
DS416,F9293
DS68,F9294
DS287,F9295
DS10,F9296
DS736,F9297
DS835,F9298
DS1163,F9299
DS1119,F9300
DS147,F9301
DS697,F9302
DS379,F9303
DS1081,F9304
DS1016,F9305
DS389,F9306
DS424,F9307
DS1168,F9308
DS970,F9309
DS1025,F9310
DS721,F9311
DS730,F9312
DS1144,F9313
DS282,F9314
DS137,F9315
DS898,F9316
DS875,F9317
DS770,F9318
DS145,F9319
DS1165,F9320
DS160,F9321
DS260,F9322
DS1059,F9323
DS610,F9324
DS206,F9325
DS241,F9326
DS1021,F9327
DS472,F9328
DS105,F9329
DS1107,F9330
DS677,F9331
DS46,F9332
DS458,F9333
DS593,F9334
DS514,F9335
DS799,F9336
DS732,F9337
DS139,F9338
DS323,F9339
DS589,F9340
DS153,F9341
DS1094,F9342
DS1178,F9343
DS494,F9344
DS1060,F9345
DS1024,F9346
DS639,F9347
DS817,F9348
DS116,F9349
DS1118,F9350
DS227,F9351
DS1193,F9352
DS964,F9353
DS538,F9354
DS61,F9355
DS66,F9356
DS692,F9357
DS863,F9358
DS534,F9359
DS410,F9360
DS685,F9361
DS121,F9362
DS285,F9363
DS418,F9364
DS1120,F9365
DS675,F9366
DS127,F9367
DS482,F9368
DS1010,F9369
DS149,F9370
DS1154,F9371
DS72,F9372
DS708,F9373
DS144,F9374
DS852,F9375
DS165,F9376
DS1129,F9377
DS980,F9378
DS265,F9379
DS554,F9380
DS85,F9381
DS213,F9382
DS72,F9383
DS1017,F9384
DS1039,F9385
DS461,F9386
DS717,F9387
DS883,F9388
DS978,F9389
DS621,F9390
DS466,F9391
DS43,F9392
DS113,F9393
DS53,F9394
DS401,F9395
DS1094,F9396
DS776,F9397
DS37,F9398
DS1131,F9399
DS987,F9400
DS106,F9401
DS792,F9402
DS772,F9403
DS256,F9404
DS880,F9405
DS874,F9406
DS1125,F9407
DS282,F9408
DS236,F9409
DS896,F9410
DS241,F9411
DS753,F9412
DS720,F9413
DS396,F9414
DS702,F9415
DS894,F9416
DS118,F9417
DS487,F9418
DS475,F9419
DS188,F9420
DS20,F9421
DS465,F9422
DS845,F9423
DS1098,F9424
DS1163,F9425
DS93,F9426
DS30,F9427
DS511,F9428
DS116,F9429
DS156,F9430
DS116,F9431
DS259,F9432
DS898,F9433
DS369,F9434
DS578,F9435
DS89,F9436
DS643,F9437
DS716,F9438
DS500,F9439
DS598,F9440
DS265,F9441
DS814,F9442
DS980,F9443
DS250,F9444
DS157,F9445
DS156,F9446
DS512,F9447
DS1113,F9448
DS421,F9449
DS1013,F9450
DS731,F9451
DS451,F9452
DS908,F9453
DS619,F9454
DS751,F9455
DS1129,F9456
DS599,F9457
DS500,F9458
DS1078,F9459
DS547,F9460
DS653,F9461
DS1108,F9462
DS1031,F9463
DS213,F9464
DS110,F9465
DS709,F9466
DS841,F9467
DS995,F9468
DS572,F9469
DS160,F9470
DS416,F9471
DS280,F9472
DS1066,F9473
DS472,F9474
DS624,F9475
DS1132,F9476
DS431,F9477
DS251,F9478
DS762,F9479
DS290,F9480
DS73,F9481
DS481,F9482
DS901,F9483
DS929,F9484
DS233,F9485
DS43,F9486
DS1021,F9487
DS69,F9488
DS553,F9489
DS569,F9490
DS786,F9491
DS615,F9492
DS173,F9493
DS122,F9494
DS571,F9495
DS786,F9496
DS1014,F9497
DS38,F9498
DS783,F9499
DS787,F9500
DS909,F9501
DS90,F9502
DS459,F9503
DS421,F9504
DS776,F9505
DS377,F9506
DS882,F9507
DS1090,F9508
DS107,F9509
DS624,F9510
DS64,F9511
DS1109,F9512
DS712,F9513
DS53,F9514
DS688,F9515
DS537,F9516
DS443,F9517
DS56,F9518
DS698,F9519
DS888,F9520
DS875,F9521
DS116,F9522
DS223,F9523
DS1133,F9524
DS794,F9525
DS588,F9526
DS1095,F9527
DS949,F9528
DS868,F9529
DS1172,F9530
DS1163,F9531
DS1062,F9532
DS532,F9533
DS332,F9534
DS780,F9535
DS957,F9536
DS487,F9537
DS270,F9538
DS31,F9539
DS574,F9540
DS561,F9541
DS175,F9542
DS511,F9543
DS1111,F9544
DS605,F9545
DS691,F9546
DS1169,F9547
DS808,F9548
DS79,F9549
DS561,F9550
DS740,F9551
DS550,F9552
DS513,F9553
DS25,F9554
DS254,F9555
DS628,F9556
DS1164,F9557
DS657,F9558
DS541,F9559
DS366,F9560
DS908,F9561
DS947,F9562
DS35,F9563
DS900,F9564
DS18,F9565
DS955,F9566
DS75,F9567
DS734,F9568
DS983,F9569
DS1139,F9570
DS446,F9571
DS836,F9572
DS119,F9573
DS1186,F9574
DS162,F9575
DS566,F9576
DS1129,F9577
DS643,F9578
DS131,F9579
DS902,F9580
DS368,F9581
DS528,F9582
DS565,F9583
DS531,F9584
DS1013,F9585
DS260,F9586
DS465,F9587
DS357,F9588
DS300,F9589
DS101,F9590
DS476,F9591
DS234,F9592
DS78,F9593
DS377,F9594
DS1037,F9595
DS901,F9596
DS1187,F9597
DS649,F9598
DS85,F9599
DS1133,F9600
DS466,F9601
DS124,F9602
DS530,F9603
DS527,F9604
DS33,F9605
DS723,F9606
DS1106,F9607
DS91,F9608
DS480,F9609
DS716,F9610
DS223,F9611
DS158,F9612
DS1038,F9613
DS908,F9614
DS231,F9615
DS1046,F9616
DS158,F9617
DS485,F9618
DS417,F9619
DS667,F9620
DS1168,F9621
DS760,F9622
DS851,F9623
DS146,F9624
DS873,F9625
DS579,F9626
DS293,F9627
DS50,F9628
DS668,F9629
DS737,F9630
DS686,F9631
DS835,F9632
DS767,F9633
DS963,F9634
DS602,F9635
DS63,F9636
DS328,F9637
DS754,F9638
DS91,F9639
DS595,F9640
DS307,F9641
DS52,F9642
DS217,F9643
DS433,F9644
DS641,F9645
DS1046,F9646
DS1040,F9647
DS1190,F9648
DS704,F9649
DS440,F9650
DS775,F9651
DS1193,F9652
DS66,F9653
DS307,F9654
DS780,F9655
DS160,F9656
DS158,F9657
DS459,F9658
DS1157,F9659
DS1031,F9660
DS1176,F9661
DS1122,F9662
DS856,F9663
DS1103,F9664
DS248,F9665
DS1080,F9666
DS105,F9667
DS967,F9668
DS1074,F9669
DS1065,F9670
DS903,F9671
DS649,F9672
DS551,F9673
DS399,F9674
DS1178,F9675
DS600,F9676
DS499,F9677
DS673,F9678
DS497,F9679
DS741,F9680
DS472,F9681
DS933,F9682
DS644,F9683
DS236,F9684
DS493,F9685
DS911,F9686
DS839,F9687
DS741,F9688
DS163,F9689
DS720,F9690
DS1147,F9691
DS1035,F9692
DS156,F9693
DS741,F9694
DS991,F9695
DS471,F9696
DS919,F9697
DS857,F9698
DS470,F9699
DS1166,F9700
DS256,F9701
DS1101,F9702
DS501,F9703
DS834,F9704
DS1197,F9705
DS282,F9706
DS533,F9707
DS587,F9708
DS699,F9709
DS642,F9710
DS241,F9711
DS166,F9712
DS836,F9713
DS862,F9714
DS1034,F9715
DS303,F9716
DS1179,F9717
DS1012,F9718
DS405,F9719
DS368,F9720
DS929,F9721
DS31,F9722
DS341,F9723
DS247,F9724
DS857,F9725
DS539,F9726
DS1135,F9727
DS962,F9728
DS206,F9729
DS258,F9730
DS69,F9731
DS883,F9732
DS49,F9733
DS341,F9734
DS149,F9735
DS271,F9736
DS1054,F9737
DS1084,F9738
DS794,F9739
DS864,F9740
DS725,F9741
DS261,F9742
DS823,F9743
DS1140,F9744
DS494,F9745
DS600,F9746
DS243,F9747
DS689,F9748
DS689,F9749
DS220,F9750
DS92,F9751
DS151,F9752
DS726,F9753
DS919,F9754
DS837,F9755
DS921,F9756
DS892,F9757
DS592,F9758
DS977,F9759
DS275,F9760
DS375,F9761
DS1043,F9762
DS171,F9763
DS311,F9764
DS15,F9765
DS757,F9766
DS928,F9767
DS776,F9768
DS656,F9769
DS898,F9770
DS361,F9771
DS1041,F9772
DS572,F9773
DS198,F9774
DS475,F9775
DS608,F9776
DS1010,F9777
DS698,F9778
DS98,F9779
DS1155,F9780
DS1060,F9781
DS1075,F9782
DS1187,F9783
DS1040,F9784
DS873,F9785
DS584,F9786
DS661,F9787
DS786,F9788
DS652,F9789
DS365,F9790
DS293,F9791
DS85,F9792
DS431,F9793
DS881,F9794
DS1063,F9795
DS569,F9796
DS1177,F9797
DS643,F9798
DS203,F9799
DS711,F9800
DS583,F9801
DS339,F9802
DS242,F9803
DS589,F9804
DS560,F9805
DS996,F9806
DS898,F9807
DS458,F9808
DS346,F9809
DS590,F9810
DS531,F9811
DS217,F9812
DS474,F9813
DS570,F9814
DS288,F9815
DS196,F9816
DS423,F9817
DS1130,F9818
DS1041,F9819
DS345,F9820
DS56,F9821
DS81,F9822
DS1105,F9823
DS1101,F9824
DS399,F9825
DS13,F9826
DS1000,F9827
DS52,F9828
DS756,F9829
DS416,F9830
DS577,F9831
DS1169,F9832
DS873,F9833
DS911,F9834
DS1066,F9835
DS258,F9836
DS929,F9837
DS604,F9838
DS224,F9839
DS245,F9840
DS910,F9841
DS885,F9842
DS1010,F9843
DS538,F9844
DS177,F9845
DS280,F9846
DS570,F9847
DS238,F9848
DS724,F9849
DS161,F9850
DS455,F9851
DS152,F9852
DS669,F9853
DS320,F9854
DS1038,F9855
DS686,F9856
DS565,F9857
DS928,F9858
DS1050,F9859
DS151,F9860
DS644,F9861
DS78,F9862
DS887,F9863
DS205,F9864
DS1067,F9865
DS650,F9866
DS389,F9867
DS1143,F9868
DS72,F9869
DS16,F9870
DS503,F9871
DS280,F9872
DS770,F9873
DS450,F9874
DS400,F9875
DS543,F9876
DS962,F9877
DS310,F9878
DS992,F9879
DS383,F9880
DS1017,F9881
DS578,F9882
DS269,F9883
DS406,F9884
DS181,F9885
DS1057,F9886
DS438,F9887
DS6,F9888
DS889,F9889
DS137,F9890
DS1004,F9891
DS1142,F9892
DS427,F9893
DS364,F9894
DS79,F9895
DS856,F9896
DS538,F9897
DS778,F9898
DS1195,F9899
DS480,F9900
DS714,F9901
DS991,F9902
DS1086,F9903
DS368,F9904
DS614,F9905
DS474,F9906
DS598,F9907
DS993,F9908
DS1003,F9909
DS803,F9910
DS731,F9911
DS1112,F9912
DS985,F9913
DS605,F9914
DS197,F9915
DS448,F9916
DS230,F9917
DS588,F9918
DS859,F9919
DS915,F9920
DS666,F9921
DS506,F9922
DS870,F9923
DS237,F9924
DS360,F9925
DS951,F9926
DS653,F9927
DS232,F9928
DS711,F9929
DS815,F9930
DS262,F9931
DS990,F9932
DS1001,F9933
DS843,F9934
DS480,F9935
DS59,F9936
DS595,F9937
DS548,F9938
DS1039,F9939
DS440,F9940
DS837,F9941
DS124,F9942
DS1151,F9943
DS661,F9944
DS535,F9945
DS650,F9946
DS842,F9947
DS801,F9948
DS905,F9949
DS870,F9950
DS816,F9951
DS533,F9952
DS111,F9953
DS549,F9954
DS994,F9955
DS448,F9956
DS695,F9957
DS93,F9958
DS631,F9959
DS916,F9960
DS839,F9961
DS453,F9962
DS1172,F9963
DS341,F9964
DS1097,F9965
DS422,F9966
DS225,F9967
DS675,F9968
DS264,F9969
DS1105,F9970
DS40,F9971
DS43,F9972
DS776,F9973
DS184,F9974
DS682,F9975
DS722,F9976
DS1132,F9977
DS129,F9978
DS100,F9979
DS1062,F9980
DS431,F9981
DS741,F9982
DS1096,F9983
DS406,F9984
DS321,F9985
DS1097,F9986
DS810,F9987
DS469,F9988
DS594,F9989
DS330,F9990
DS765,F9991
DS678,F9992
DS846,F9993
DS441,F9994
DS1132,F9995
DS509,F9996
DS27,F9997
DS73,F9998
DS41,F9999
DS1078,F10000
DS209,F10001
DS1027,F10002
DS814,F10003
DS993,F10004
DS86,F10005
DS321,F10006
DS579,F10007
DS617,F10008
DS49,F10009
DS471,F10010
DS506,F10011
DS69,F10012
DS557,F10013
DS253,F10014
DS773,F10015
DS820,F10016
DS268,F10017
DS552,F10018
DS173,F10019
DS156,F10020
DS151,F10021
DS1033,F10022
DS850,F10023
DS41,F10024
DS30,F10025
DS1109,F10026
DS310,F10027
DS195,F10028
DS801,F10029
DS397,F10030
DS639,F10031
DS662,F10032
DS870,F10033
DS1049,F10034
DS47,F10035
DS618,F10036
DS561,F10037
DS939,F10038
DS415,F10039
DS204,F10040
DS541,F10041
DS1180,F10042
DS965,F10043
DS771,F10044
DS596,F10045
DS879,F10046
DS190,F10047
DS455,F10048
DS832,F10049
DS1148,F10050
DS570,F10051
DS989,F10052
DS582,F10053
DS1092,F10054
DS1037,F10055
DS500,F10056
DS783,F10057
DS35,F10058
DS1017,F10059
DS806,F10060
DS763,F10061
DS1119,F10062
DS221,F10063
DS926,F10064
DS458,F10065
DS1183,F10066
DS50,F10067
DS813,F10068
DS475,F10069
DS915,F10070
DS757,F10071
DS976,F10072
DS1153,F10073
DS223,F10074
DS636,F10075
DS680,F10076
DS294,F10077
DS171,F10078
DS195,F10079
DS1148,F10080
DS346,F10081
DS425,F10082
DS1003,F10083
DS511,F10084
DS171,F10085
DS289,F10086
DS825,F10087
DS969,F10088
DS1071,F10089
DS1160,F10090
DS476,F10091
DS120,F10092
DS1010,F10093
DS516,F10094
DS843,F10095
DS637,F10096
DS691,F10097
DS308,F10098
DS74,F10099
DS658,F10100
DS1157,F10101
DS832,F10102
DS11,F10103
DS549,F10104
DS428,F10105
DS1151,F10106
DS1000,F10107
DS1117,F10108
DS1023,F10109
DS641,F10110
DS482,F10111
DS659,F10112
DS944,F10113
DS989,F10114
DS1053,F10115
DS1136,F10116
DS166,F10117
DS215,F10118
DS871,F10119
DS158,F10120
DS769,F10121
DS260,F10122
DS27,F10123
DS331,F10124
DS1064,F10125
DS248,F10126
DS340,F10127
DS404,F10128
DS896,F10129
DS232,F10130
DS79,F10131
DS868,F10132
DS1014,F10133
DS349,F10134
DS1074,F10135
DS997,F10136
DS286,F10137
DS1120,F10138
DS856,F10139
DS817,F10140
DS18,F10141
DS607,F10142
DS240,F10143
DS891,F10144
DS602,F10145
DS555,F10146
DS1070,F10147
DS660,F10148
DS761,F10149
DS1154,F10150
DS339,F10151
DS289,F10152
DS594,F10153
DS1071,F10154
DS418,F10155
DS760,F10156
DS1063,F10157
DS514,F10158
DS966,F10159
DS947,F10160
DS431,F10161
DS676,F10162
DS277,F10163
DS336,F10164
DS1073,F10165
DS970,F10166
DS20,F10167
DS650,F10168
DS852,F10169
DS367,F10170
DS307,F10171
DS963,F10172
DS137,F10173
DS11,F10174
DS638,F10175
DS384,F10176
DS408,F10177
DS192,F10178
DS1101,F10179
DS939,F10180
DS677,F10181
DS193,F10182
DS125,F10183
DS959,F10184
DS320,F10185
DS136,F10186
DS717,F10187
DS1145,F10188
DS462,F10189
DS706,F10190
DS28,F10191
DS394,F10192
DS562,F10193
DS582,F10194
DS872,F10195
DS1196,F10196
DS626,F10197
DS752,F10198
DS825,F10199
DS521,F10200
DS1149,F10201
DS1108,F10202
DS414,F10203
DS158,F10204
DS312,F10205
DS210,F10206
DS443,F10207
DS573,F10208
DS365,F10209
DS538,F10210
DS1154,F10211
DS209,F10212
DS259,F10213
DS1069,F10214
DS784,F10215
DS676,F10216
DS1178,F10217
DS567,F10218
DS969,F10219
DS428,F10220
DS344,F10221
DS5,F10222
DS474,F10223
DS443,F10224
DS187,F10225
DS300,F10226
DS293,F10227
DS337,F10228
DS973,F10229
DS0,F10230
DS662,F10231
DS159,F10232
DS106,F10233
DS280,F10234
DS1047,F10235
DS900,F10236
DS871,F10237
DS966,F10238
DS669,F10239
DS619,F10240
DS1024,F10241
DS240,F10242
DS493,F10243
DS1147,F10244
DS805,F10245
DS772,F10246
DS789,F10247
DS971,F10248
DS727,F10249
DS638,F10250
DS1069,F10251
DS649,F10252
DS1086,F10253
DS160,F10254
DS438,F10255
DS340,F10256
DS568,F10257
DS292,F10258
DS895,F10259
DS1147,F10260
DS904,F10261
DS1003,F10262
DS513,F10263
DS246,F10264
DS1142,F10265
DS891,F10266
DS713,F10267
DS364,F10268
DS51,F10269
DS748,F10270
DS954,F10271
DS708,F10272
DS868,F10273
DS437,F10274
DS1146,F10275
DS391,F10276
DS783,F10277
DS766,F10278
DS366,F10279
DS21,F10280
DS401,F10281
DS905,F10282
DS739,F10283
DS1077,F10284
DS399,F10285
DS11,F10286
DS635,F10287
DS672,F10288
DS192,F10289
DS755,F10290
DS519,F10291
DS1029,F10292
DS26,F10293
DS559,F10294
DS68,F10295
DS563,F10296
DS980,F10297
DS815,F10298
DS89,F10299
DS518,F10300
DS561,F10301
DS117,F10302
DS1171,F10303
DS62,F10304
DS964,F10305
DS930,F10306
DS1004,F10307
DS355,F10308
DS969,F10309
DS1117,F10310
DS212,F10311
DS78,F10312
DS756,F10313
DS59,F10314
DS313,F10315
DS362,F10316
DS269,F10317
DS169,F10318
DS859,F10319
DS244,F10320
DS114,F10321
DS908,F10322
DS127,F10323
DS643,F10324
DS199,F10325
DS1114,F10326
DS568,F10327
DS397,F10328
DS34,F10329
DS681,F10330
DS648,F10331
DS346,F10332
DS750,F10333
DS1057,F10334
DS29,F10335
DS825,F10336
DS852,F10337
DS125,F10338
DS133,F10339
DS395,F10340
DS1027,F10341
DS302,F10342
DS546,F10343
DS171,F10344
DS353,F10345
DS908,F10346
DS91,F10347
DS564,F10348
DS406,F10349
DS1035,F10350
DS838,F10351
DS354,F10352
DS6,F10353
DS637,F10354
DS560,F10355
DS1148,F10356
DS718,F10357
DS241,F10358
DS699,F10359
DS954,F10360
DS1163,F10361
DS176,F10362
DS1159,F10363
DS948,F10364
DS180,F10365
DS238,F10366
DS185,F10367
DS373,F10368
DS176,F10369
DS380,F10370
DS650,F10371
DS41,F10372
DS346,F10373
DS21,F10374
DS445,F10375
DS767,F10376
DS942,F10377
DS166,F10378
DS505,F10379
DS630,F10380
DS391,F10381
DS271,F10382
DS635,F10383
DS109,F10384
DS776,F10385
DS587,F10386
DS364,F10387
DS571,F10388
DS287,F10389
DS1157,F10390
DS646,F10391
DS847,F10392
DS462,F10393
DS385,F10394
DS558,F10395
DS408,F10396
DS362,F10397
DS604,F10398
DS531,F10399
DS900,F10400
DS541,F10401
DS189,F10402
DS1003,F10403
DS727,F10404
DS1185,F10405
DS744,F10406
DS714,F10407
DS1071,F10408
DS920,F10409
DS349,F10410
DS75,F10411
DS1198,F10412
DS789,F10413
DS318,F10414
DS1101,F10415
DS1164,F10416
DS431,F10417
DS888,F10418
DS710,F10419
DS591,F10420
DS424,F10421
DS700,F10422
DS1031,F10423
DS1129,F10424
DS550,F10425
DS185,F10426
DS1051,F10427
DS431,F10428
DS528,F10429
DS446,F10430
DS957,F10431
DS534,F10432
DS64,F10433
DS236,F10434
DS1058,F10435
DS381,F10436
DS973,F10437
DS286,F10438
DS956,F10439
DS661,F10440
DS762,F10441
DS1154,F10442
DS773,F10443
DS69,F10444
DS660,F10445
DS214,F10446
DS734,F10447
DS16,F10448
DS325,F10449
DS863,F10450
DS973,F10451
DS685,F10452
DS689,F10453
DS205,F10454
DS383,F10455
DS733,F10456
DS627,F10457
DS333,F10458
DS956,F10459
DS1119,F10460
DS381,F10461
DS44,F10462
DS899,F10463
DS934,F10464
DS1179,F10465
DS890,F10466
DS817,F10467
DS969,F10468
DS498,F10469
DS517,F10470
DS764,F10471
DS691,F10472
DS988,F10473
DS821,F10474
DS614,F10475
DS82,F10476
DS479,F10477
DS1038,F10478
DS220,F10479
DS862,F10480
DS872,F10481
DS551,F10482
DS1182,F10483
DS820,F10484
DS58,F10485
DS335,F10486
DS1048,F10487
DS340,F10488
DS615,F10489
DS1073,F10490
DS406,F10491
DS1163,F10492
DS285,F10493
DS266,F10494
DS682,F10495
DS110,F10496
DS185,F10497
DS633,F10498
DS289,F10499
DS708,F10500
DS939,F10501
DS810,F10502
DS338,F10503
DS943,F10504
DS1,F10505
DS302,F10506
DS410,F10507
DS352,F10508
DS617,F10509
DS629,F10510
DS164,F10511
DS378,F10512
DS483,F10513
DS416,F10514
DS894,F10515
DS184,F10516
DS501,F10517
DS315,F10518
DS1137,F10519
DS766,F10520
DS10,F10521
DS977,F10522
DS326,F10523
DS705,F10524
DS204,F10525
DS964,F10526
DS1126,F10527
DS807,F10528
DS435,F10529
DS967,F10530
DS770,F10531
DS949,F10532
DS497,F10533
DS196,F10534
DS793,F10535
DS263,F10536
DS651,F10537
DS273,F10538
DS818,F10539
DS669,F10540
DS579,F10541
DS869,F10542
DS806,F10543
DS1093,F10544
DS146,F10545
DS710,F10546
DS1000,F10547
DS55,F10548
DS454,F10549
DS364,F10550
DS481,F10551
DS755,F10552
DS741,F10553
DS696,F10554
DS1026,F10555
DS3,F10556
DS815,F10557
DS158,F10558
DS471,F10559
DS282,F10560
DS1023,F10561
DS384,F10562
DS90,F10563
DS432,F10564
DS618,F10565
DS891,F10566
DS190,F10567
DS695,F10568
DS786,F10569
DS368,F10570
DS871,F10571
DS308,F10572
DS583,F10573
DS637,F10574
DS792,F10575
DS984,F10576
DS71,F10577
DS534,F10578
DS863,F10579
DS367,F10580
DS334,F10581
DS815,F10582
DS1059,F10583
DS217,F10584
DS952,F10585
DS169,F10586
DS709,F10587
DS207,F10588
DS828,F10589
DS25,F10590
DS329,F10591
DS653,F10592
DS263,F10593
DS1176,F10594
DS1038,F10595
DS786,F10596
DS931,F10597
DS23,F10598
DS995,F10599
DS822,F10600
DS865,F10601
DS111,F10602
DS620,F10603
DS870,F10604
DS529,F10605
DS237,F10606
DS922,F10607
DS1028,F10608
DS763,F10609
DS969,F10610
DS686,F10611
DS1095,F10612
DS747,F10613
DS228,F10614
DS366,F10615
DS868,F10616
DS1088,F10617
DS785,F10618
DS163,F10619
DS307,F10620
DS14,F10621
DS690,F10622
DS528,F10623
DS404,F10624
DS1054,F10625
DS931,F10626
DS890,F10627
DS99,F10628
DS951,F10629
DS576,F10630
DS81,F10631
DS248,F10632
DS1002,F10633
DS942,F10634
DS751,F10635
DS102,F10636
DS756,F10637
DS516,F10638
DS871,F10639
DS691,F10640
DS606,F10641
DS48,F10642
DS1111,F10643
DS547,F10644
DS366,F10645
DS600,F10646
DS730,F10647
DS854,F10648
DS35,F10649
DS914,F10650
DS664,F10651
DS609,F10652
DS72,F10653
DS228,F10654
DS731,F10655
DS74,F10656
DS1088,F10657
DS811,F10658
DS509,F10659
DS358,F10660
DS172,F10661
DS1095,F10662
DS193,F10663
DS258,F10664
DS296,F10665
DS1010,F10666
DS882,F10667
DS562,F10668
DS707,F10669
DS938,F10670
DS499,F10671
DS1072,F10672
DS1165,F10673
DS938,F10674
DS83,F10675
DS156,F10676
DS668,F10677
DS763,F10678
DS78,F10679
DS300,F10680
DS207,F10681
DS782,F10682
DS1049,F10683
DS161,F10684
DS691,F10685
DS618,F10686
DS865,F10687
DS820,F10688
DS45,F10689
DS376,F10690
DS526,F10691
DS162,F10692
DS887,F10693
DS238,F10694
DS392,F10695
DS1169,F10696
DS534,F10697
DS620,F10698
DS1052,F10699
DS1104,F10700
DS499,F10701
DS100,F10702
DS766,F10703
DS1174,F10704
DS968,F10705
DS440,F10706
DS894,F10707
DS562,F10708
DS380,F10709
DS566,F10710
DS1027,F10711
DS93,F10712
DS816,F10713
DS371,F10714
DS583,F10715
DS558,F10716
DS10,F10717
DS833,F10718
DS424,F10719
DS38,F10720
DS848,F10721
DS265,F10722
DS562,F10723
DS546,F10724
DS947,F10725
DS651,F10726
DS198,F10727
DS453,F10728
DS460,F10729
DS37,F10730
DS664,F10731
DS452,F10732
DS130,F10733
DS589,F10734
DS943,F10735
DS861,F10736
DS673,F10737
DS1108,F10738
DS796,F10739
DS974,F10740
DS1142,F10741
DS25,F10742
DS702,F10743
DS697,F10744
DS654,F10745
DS709,F10746
DS910,F10747
DS310,F10748
DS946,F10749
DS1021,F10750
DS431,F10751
DS1090,F10752
DS348,F10753
DS798,F10754
DS523,F10755
DS825,F10756
DS66,F10757
DS1170,F10758
DS160,F10759
DS996,F10760
DS1149,F10761
DS707,F10762
DS170,F10763
DS425,F10764
DS1084,F10765
DS756,F10766
DS622,F10767
DS597,F10768
DS645,F10769
DS924,F10770
DS957,F10771
DS60,F10772
DS319,F10773
DS1197,F10774
DS341,F10775
DS720,F10776
DS1156,F10777
DS883,F10778
DS850,F10779
DS47,F10780
DS581,F10781
DS1139,F10782
DS1005,F10783
DS480,F10784
DS768,F10785
DS1100,F10786
DS269,F10787
DS775,F10788
DS252,F10789
DS198,F10790
DS810,F10791
DS447,F10792
DS432,F10793
DS226,F10794
DS1168,F10795
DS592,F10796
DS365,F10797
DS325,F10798
DS821,F10799
DS1126,F10800
DS836,F10801
DS720,F10802
DS445,F10803
DS856,F10804
DS571,F10805
DS654,F10806
DS743,F10807
DS216,F10808
DS650,F10809
DS1028,F10810
DS1096,F10811
DS1090,F10812
DS803,F10813
DS461,F10814
DS827,F10815
DS1013,F10816
DS950,F10817
DS586,F10818
DS920,F10819
DS321,F10820
DS363,F10821
DS819,F10822
DS590,F10823
DS6,F10824
DS1090,F10825
DS684,F10826
DS950,F10827
DS352,F10828
DS201,F10829
DS785,F10830
DS1188,F10831
DS856,F10832
DS856,F10833
DS840,F10834
DS386,F10835
DS59,F10836
DS459,F10837
DS283,F10838
DS1030,F10839
DS164,F10840
DS1168,F10841
DS837,F10842
DS46,F10843
DS665,F10844
DS511,F10845
DS340,F10846
DS1165,F10847
DS966,F10848
DS186,F10849
DS758,F10850
DS46,F10851
DS797,F10852
DS1130,F10853
DS1047,F10854
DS395,F10855
DS330,F10856
DS937,F10857
DS755,F10858
DS490,F10859
DS358,F10860
DS967,F10861
DS409,F10862
DS660,F10863
DS271,F10864
DS600,F10865
DS132,F10866
DS63,F10867
DS423,F10868
DS1182,F10869
DS944,F10870
DS940,F10871
DS501,F10872
DS908,F10873
DS495,F10874
DS362,F10875
DS944,F10876
DS1024,F10877
DS227,F10878
DS678,F10879
DS326,F10880
DS501,F10881
DS946,F10882
DS143,F10883
DS14,F10884
DS66,F10885
DS832,F10886
DS1064,F10887
DS962,F10888
DS789,F10889
DS144,F10890
DS854,F10891
DS532,F10892
DS1100,F10893
DS247,F10894
DS1093,F10895
DS48,F10896
DS898,F10897
DS984,F10898
DS122,F10899
DS599,F10900
DS815,F10901
DS81,F10902
DS744,F10903
DS818,F10904
DS1047,F10905
DS901,F10906
DS877,F10907
DS254,F10908
DS212,F10909
DS298,F10910
DS537,F10911
DS1187,F10912
DS228,F10913
DS346,F10914
DS750,F10915
DS845,F10916
DS695,F10917
DS290,F10918
DS497,F10919
DS988,F10920
DS430,F10921
DS541,F10922
DS198,F10923
DS675,F10924
DS151,F10925
DS938,F10926
DS1006,F10927
DS501,F10928
DS532,F10929
DS701,F10930
DS604,F10931
DS910,F10932
DS677,F10933
DS922,F10934
DS528,F10935
DS1163,F10936
DS563,F10937
DS73,F10938
DS286,F10939
DS303,F10940
DS1068,F10941
DS590,F10942
DS53,F10943
DS452,F10944
DS759,F10945
DS1154,F10946
DS742,F10947
DS596,F10948
DS628,F10949
DS324,F10950
DS1162,F10951
DS624,F10952
DS973,F10953
DS900,F10954
DS603,F10955
DS316,F10956
DS263,F10957
DS300,F10958
DS598,F10959
DS786,F10960
DS526,F10961
DS466,F10962
DS57,F10963
DS433,F10964
DS1194,F10965
DS620,F10966
DS303,F10967
DS1196,F10968
DS24,F10969
DS531,F10970
DS745,F10971
DS1041,F10972
DS1058,F10973
DS831,F10974
DS976,F10975
DS348,F10976
DS704,F10977
DS319,F10978
DS1026,F10979
DS643,F10980
DS1071,F10981
DS766,F10982
DS774,F10983
DS993,F10984
DS346,F10985
DS1075,F10986
DS987,F10987
DS359,F10988
DS991,F10989
DS777,F10990
DS29,F10991
DS132,F10992
DS701,F10993
DS460,F10994
DS633,F10995
DS422,F10996
DS459,F10997
DS307,F10998
DS569,F10999
DS244,F11000
DS403,F11001
DS730,F11002
DS1021,F11003
DS940,F11004
DS1166,F11005
DS24,F11006
DS1073,F11007
DS467,F11008
DS414,F11009
DS744,F11010
DS67,F11011
DS816,F11012
DS202,F11013
DS674,F11014
DS1039,F11015
DS137,F11016
DS555,F11017
DS1133,F11018
DS1095,F11019
DS1101,F11020
DS162,F11021
DS114,F11022
DS914,F11023
DS1160,F11024
DS1070,F11025
DS507,F11026
DS501,F11027
DS524,F11028
DS374,F11029
DS501,F11030
DS467,F11031
DS934,F11032
DS363,F11033
DS82,F11034
DS544,F11035
DS1130,F11036
DS568,F11037
DS187,F11038
DS389,F11039
DS130,F11040
DS271,F11041
DS1070,F11042
DS620,F11043
DS124,F11044
DS425,F11045
DS466,F11046
DS499,F11047
DS1199,F11048
DS1190,F11049
DS977,F11050
DS950,F11051
DS201,F11052
DS1099,F11053
DS104,F11054
DS653,F11055
DS149,F11056
DS402,F11057
DS979,F11058
DS238,F11059
DS905,F11060
DS170,F11061
DS974,F11062
DS404,F11063
DS204,F11064
DS1110,F11065
DS440,F11066
DS997,F11067
DS614,F11068
DS1165,F11069
DS19,F11070
DS1191,F11071
DS880,F11072
DS228,F11073
DS906,F11074
DS398,F11075
DS934,F11076
DS1,F11077
DS515,F11078
DS833,F11079
DS554,F11080
DS1008,F11081
DS361,F11082
DS673,F11083
DS1038,F11084
DS989,F11085
DS1053,F11086
DS581,F11087
DS613,F11088
DS541,F11089
DS1089,F11090
DS509,F11091
DS698,F11092
DS563,F11093
DS1149,F11094
DS1030,F11095
DS632,F11096
DS901,F11097
DS228,F11098
DS373,F11099
DS998,F11100
DS13,F11101
DS653,F11102
DS1043,F11103
DS963,F11104
DS1015,F11105
DS334,F11106
DS366,F11107
DS134,F11108
DS884,F11109
DS623,F11110
DS193,F11111
DS907,F11112
DS701,F11113
DS1103,F11114
DS374,F11115
DS396,F11116
DS222,F11117
DS474,F11118
DS436,F11119
DS629,F11120
DS1027,F11121
DS625,F11122
DS655,F11123
DS1086,F11124
DS966,F11125
DS210,F11126
DS614,F11127
DS430,F11128
DS1169,F11129
DS316,F11130
DS663,F11131
DS320,F11132
DS393,F11133
DS811,F11134
DS351,F11135
DS323,F11136
DS321,F11137
DS666,F11138
DS1057,F11139
DS970,F11140
DS853,F11141
DS551,F11142
DS468,F11143
DS538,F11144
DS966,F11145
DS621,F11146
DS759,F11147
DS296,F11148
DS627,F11149
DS683,F11150
DS724,F11151
DS645,F11152
DS921,F11153
DS630,F11154
DS871,F11155
DS1153,F11156
DS805,F11157
DS854,F11158
DS11,F11159
DS827,F11160
DS113,F11161
DS837,F11162
DS724,F11163
DS286,F11164
DS935,F11165
DS561,F11166
DS39,F11167
DS414,F11168
DS427,F11169
DS524,F11170
DS603,F11171
DS764,F11172
DS48,F11173
DS659,F11174
DS875,F11175
DS783,F11176
DS667,F11177
DS1142,F11178
DS1146,F11179
DS408,F11180
DS440,F11181
DS1030,F11182
DS901,F11183
DS561,F11184
DS218,F11185
DS152,F11186
DS497,F11187
DS328,F11188
DS666,F11189
DS982,F11190
DS962,F11191
DS94,F11192
DS798,F11193
DS997,F11194
DS511,F11195
DS573,F11196
DS768,F11197
DS121,F11198
DS207,F11199
DS114,F11200
DS701,F11201
DS565,F11202
DS1101,F11203
DS756,F11204
DS897,F11205
DS582,F11206
DS227,F11207
DS966,F11208
DS275,F11209
DS151,F11210
DS664,F11211
DS847,F11212
DS310,F11213
DS308,F11214
DS612,F11215
DS1175,F11216
DS409,F11217
DS1150,F11218
DS180,F11219
DS897,F11220
DS502,F11221
DS671,F11222
DS1172,F11223
DS1119,F11224
DS533,F11225
DS1140,F11226
DS1087,F11227
DS596,F11228
DS44,F11229
DS287,F11230
DS139,F11231
DS642,F11232
DS739,F11233
DS913,F11234
DS439,F11235
DS377,F11236
DS657,F11237
DS959,F11238
DS466,F11239
DS943,F11240
DS741,F11241
DS682,F11242
DS407,F11243
DS530,F11244
DS522,F11245
DS47,F11246
DS287,F11247
DS244,F11248
DS841,F11249
DS875,F11250
DS811,F11251
DS996,F11252
DS98,F11253
DS1082,F11254
DS123,F11255
DS1049,F11256
DS764,F11257
DS33,F11258
DS1158,F11259
DS895,F11260
DS65,F11261
DS1032,F11262
DS669,F11263
DS1103,F11264
DS1007,F11265
DS578,F11266
DS1177,F11267
DS683,F11268
DS137,F11269
DS154,F11270
DS1157,F11271
DS188,F11272
DS1143,F11273
DS230,F11274
DS1089,F11275
DS324,F11276
DS1051,F11277
DS179,F11278
DS1175,F11279
DS959,F11280
DS390,F11281
DS149,F11282
DS882,F11283
DS567,F11284
DS953,F11285
DS924,F11286
DS311,F11287
DS676,F11288
DS149,F11289
DS372,F11290
DS1178,F11291
DS695,F11292
DS929,F11293
DS1080,F11294
DS885,F11295
DS43,F11296
DS822,F11297
DS1177,F11298
DS601,F11299
DS13,F11300
DS798,F11301
DS38,F11302
DS17,F11303
DS461,F11304
DS660,F11305
DS874,F11306
DS308,F11307
DS530,F11308
DS456,F11309
DS1196,F11310
DS668,F11311
DS1090,F11312
DS937,F11313
DS410,F11314
DS1176,F11315
DS726,F11316
DS1181,F11317
DS312,F11318
DS386,F11319
DS303,F11320
DS422,F11321
DS631,F11322
DS371,F11323
DS206,F11324
DS53,F11325
DS1092,F11326
DS80,F11327
DS260,F11328
DS1106,F11329
DS713,F11330
DS141,F11331
DS670,F11332
DS645,F11333
DS471,F11334
DS427,F11335
DS413,F11336
DS620,F11337
DS334,F11338
DS868,F11339
DS555,F11340
DS477,F11341
DS444,F11342
DS727,F11343
DS55,F11344
DS281,F11345
DS900,F11346
DS252,F11347
DS768,F11348
DS52,F11349
DS909,F11350
DS427,F11351
DS779,F11352
DS100,F11353
DS915,F11354
DS898,F11355
DS817,F11356
DS406,F11357
DS421,F11358
DS779,F11359
DS255,F11360
DS190,F11361
DS358,F11362
DS1037,F11363
DS1184,F11364
DS1057,F11365
DS249,F11366
DS333,F11367
DS429,F11368
DS246,F11369
DS1001,F11370
DS733,F11371
DS648,F11372
DS850,F11373
DS391,F11374
DS430,F11375
DS185,F11376
DS1038,F11377
DS736,F11378
DS978,F11379
DS522,F11380
DS1041,F11381
DS229,F11382
DS935,F11383
DS33,F11384
DS14,F11385
DS778,F11386
DS860,F11387
DS819,F11388
DS204,F11389
DS726,F11390
DS738,F11391
DS634,F11392
DS133,F11393
DS889,F11394
DS615,F11395
DS469,F11396
DS172,F11397
DS798,F11398
DS965,F11399
DS32,F11400
DS562,F11401
DS662,F11402
DS92,F11403
DS288,F11404
DS509,F11405
DS363,F11406
DS1156,F11407
DS18,F11408
DS262,F11409
DS1062,F11410
DS318,F11411
DS287,F11412
DS962,F11413
DS79,F11414
DS125,F11415
DS429,F11416
DS600,F11417
DS761,F11418
DS849,F11419
DS322,F11420
DS858,F11421
DS353,F11422
DS357,F11423
DS1062,F11424
DS310,F11425
DS371,F11426
DS747,F11427
DS224,F11428
DS332,F11429
DS61,F11430
DS1018,F11431
DS417,F11432
DS626,F11433
DS826,F11434
DS764,F11435
DS543,F11436
DS657,F11437
DS58,F11438
DS52,F11439
DS679,F11440
DS58,F11441
DS963,F11442
DS70,F11443
DS295,F11444
DS834,F11445
DS95,F11446
DS1104,F11447
DS772,F11448
DS1075,F11449
DS347,F11450
DS323,F11451
DS205,F11452
DS30,F11453
DS714,F11454
DS456,F11455
DS188,F11456
DS859,F11457
DS135,F11458
DS230,F11459
DS974,F11460
DS951,F11461
DS850,F11462
DS1099,F11463
DS901,F11464
DS275,F11465
DS1,F11466
DS637,F11467
DS975,F11468
DS961,F11469
DS526,F11470
DS262,F11471
DS661,F11472
DS1105,F11473
DS748,F11474
DS197,F11475
DS978,F11476
DS1009,F11477
DS1169,F11478
DS401,F11479
DS257,F11480
DS449,F11481
DS1054,F11482
DS265,F11483
DS292,F11484
DS461,F11485
DS168,F11486
DS194,F11487
DS827,F11488
DS578,F11489
DS215,F11490
DS511,F11491
DS463,F11492
DS513,F11493
DS378,F11494
DS616,F11495
DS673,F11496
DS946,F11497
DS1064,F11498
DS1058,F11499
DS1182,F11500
DS546,F11501
DS269,F11502
DS671,F11503
DS864,F11504
DS767,F11505
DS297,F11506
DS1186,F11507
DS70,F11508
DS788,F11509
DS98,F11510
DS405,F11511
DS373,F11512
DS29,F11513
DS292,F11514
DS69,F11515
DS487,F11516
DS331,F11517
DS812,F11518
DS660,F11519
DS23,F11520
DS1171,F11521
DS984,F11522
DS990,F11523
DS704,F11524
DS384,F11525
DS1182,F11526
DS830,F11527
DS925,F11528
DS439,F11529
DS928,F11530
DS538,F11531
DS1117,F11532
DS900,F11533
DS241,F11534
DS572,F11535
DS1053,F11536
DS690,F11537
DS690,F11538
DS381,F11539
DS522,F11540
DS698,F11541
DS998,F11542
DS1124,F11543
DS934,F11544
DS197,F11545
DS701,F11546
DS1063,F11547
DS538,F11548
DS129,F11549
DS748,F11550
DS873,F11551
DS52,F11552
DS1112,F11553
DS258,F11554
DS193,F11555
DS465,F11556
DS936,F11557
DS227,F11558
DS246,F11559
DS1127,F11560
DS605,F11561
DS258,F11562
DS711,F11563
DS628,F11564
DS926,F11565
DS893,F11566
DS1133,F11567
DS169,F11568
DS1033,F11569
DS373,F11570
DS814,F11571
DS1046,F11572
DS399,F11573
DS290,F11574
DS454,F11575
DS34,F11576
DS406,F11577
DS724,F11578
DS1076,F11579
DS310,F11580
DS1152,F11581
DS1086,F11582
DS1075,F11583
DS96,F11584
DS1091,F11585
DS742,F11586
DS1104,F11587
DS471,F11588
DS1087,F11589
DS341,F11590
DS766,F11591
DS325,F11592
DS205,F11593
DS339,F11594
DS463,F11595
DS311,F11596
DS1107,F11597
DS868,F11598
DS414,F11599
DS570,F11600
DS100,F11601
DS820,F11602
DS607,F11603
DS798,F11604
DS1068,F11605
DS862,F11606
DS975,F11607
DS958,F11608
DS659,F11609
DS278,F11610
DS614,F11611
DS0,F11612
DS153,F11613
DS514,F11614
DS1138,F11615
DS638,F11616
DS427,F11617
DS136,F11618
DS121,F11619
DS840,F11620
DS287,F11621
DS294,F11622
DS984,F11623
DS328,F11624
DS496,F11625
DS801,F11626
DS326,F11627
DS858,F11628
DS800,F11629
DS396,F11630
DS509,F11631
DS717,F11632
DS144,F11633
DS463,F11634
DS565,F11635
DS287,F11636
DS822,F11637
DS252,F11638
DS1199,F11639
DS310,F11640
DS421,F11641
DS908,F11642
DS291,F11643
DS564,F11644
DS670,F11645
DS22,F11646
DS240,F11647
DS1066,F11648
DS637,F11649
DS1073,F11650
DS210,F11651
DS964,F11652
DS475,F11653
DS897,F11654
DS611,F11655
DS255,F11656
DS1108,F11657
DS930,F11658
DS314,F11659
DS144,F11660
DS699,F11661
DS557,F11662
DS83,F11663
DS781,F11664
DS523,F11665
DS231,F11666
DS955,F11667
DS872,F11668
DS1198,F11669
DS344,F11670
DS997,F11671
DS596,F11672
DS460,F11673
DS1070,F11674
DS211,F11675
DS181,F11676
DS742,F11677
DS494,F11678
DS1012,F11679
DS885,F11680
DS863,F11681
DS116,F11682
DS215,F11683
DS573,F11684
DS564,F11685
DS515,F11686
DS1040,F11687
DS673,F11688
DS859,F11689
DS514,F11690
DS730,F11691
DS170,F11692
DS26,F11693
DS207,F11694
DS994,F11695
DS497,F11696
DS1199,F11697
DS1013,F11698
DS453,F11699
DS888,F11700
DS544,F11701
DS212,F11702
DS999,F11703
DS1148,F11704
DS1158,F11705
DS769,F11706
DS1062,F11707
DS783,F11708
DS86,F11709
DS220,F11710
DS201,F11711
DS1178,F11712
DS194,F11713
DS240,F11714
DS488,F11715
DS738,F11716
DS1188,F11717
DS863,F11718
DS806,F11719
DS81,F11720
DS711,F11721
DS901,F11722
DS943,F11723
DS1174,F11724
DS1070,F11725
DS76,F11726
DS816,F11727
DS884,F11728
DS52,F11729
DS442,F11730
DS1161,F11731
DS370,F11732
DS49,F11733
DS673,F11734
DS202,F11735
DS598,F11736
DS844,F11737
DS58,F11738
DS935,F11739
DS519,F11740
DS734,F11741
DS704,F11742
DS721,F11743
DS509,F11744
DS566,F11745
DS913,F11746
DS97,F11747
DS664,F11748
DS938,F11749
DS538,F11750
DS328,F11751
DS428,F11752
DS1143,F11753
DS1120,F11754
DS659,F11755
DS821,F11756
DS713,F11757
DS352,F11758
DS1023,F11759
DS182,F11760
DS683,F11761
DS720,F11762
DS1102,F11763
DS466,F11764
DS648,F11765
DS626,F11766
DS207,F11767
DS185,F11768
DS831,F11769
DS640,F11770
DS1018,F11771
DS381,F11772
DS783,F11773
DS414,F11774
DS542,F11775
DS994,F11776
DS718,F11777
DS690,F11778
DS896,F11779
DS740,F11780
DS326,F11781
DS345,F11782
DS661,F11783
DS32,F11784
DS228,F11785
DS388,F11786
DS1191,F11787
DS635,F11788
DS1036,F11789
DS1147,F11790
DS606,F11791
DS1146,F11792
DS1102,F11793
DS364,F11794
DS815,F11795
DS155,F11796
DS406,F11797
DS191,F11798
DS185,F11799
DS828,F11800
DS539,F11801
DS298,F11802
DS696,F11803
DS1091,F11804
DS724,F11805
DS812,F11806
DS272,F11807
DS788,F11808
DS212,F11809
DS601,F11810
DS1167,F11811
DS168,F11812
DS663,F11813
DS460,F11814
DS906,F11815
DS83,F11816
DS503,F11817
DS1122,F11818
DS317,F11819
DS560,F11820
DS53,F11821
DS1012,F11822
DS459,F11823
DS448,F11824
DS502,F11825
DS462,F11826
DS901,F11827
DS442,F11828
DS297,F11829
DS25,F11830
DS607,F11831
DS499,F11832
DS42,F11833
DS989,F11834
DS898,F11835
DS848,F11836
DS1139,F11837
DS1128,F11838
DS1163,F11839
DS393,F11840
DS844,F11841
DS381,F11842
DS1062,F11843
DS1189,F11844
DS818,F11845
DS1178,F11846
DS792,F11847
DS535,F11848
DS745,F11849
DS539,F11850
DS883,F11851
DS758,F11852
DS746,F11853
DS480,F11854
DS655,F11855
DS1106,F11856
DS731,F11857
DS157,F11858
DS275,F11859
DS658,F11860
DS505,F11861
DS1102,F11862
DS1185,F11863
DS263,F11864
DS197,F11865
DS1039,F11866
DS974,F11867
DS1096,F11868
DS642,F11869
DS214,F11870
DS466,F11871
DS713,F11872
DS1134,F11873
DS458,F11874
DS952,F11875
DS551,F11876
DS1176,F11877
DS108,F11878
DS942,F11879
DS896,F11880
DS1018,F11881
DS893,F11882
DS132,F11883
DS350,F11884
DS45,F11885
DS1146,F11886
DS918,F11887
DS1144,F11888
DS117,F11889
DS711,F11890
DS976,F11891
DS302,F11892
DS130,F11893
DS725,F11894
DS133,F11895
DS565,F11896
DS1166,F11897
DS516,F11898
DS56,F11899
DS1005,F11900
DS882,F11901
DS273,F11902
DS811,F11903
DS440,F11904
DS925,F11905
DS634,F11906
DS1102,F11907
DS623,F11908
DS676,F11909
DS476,F11910
DS1167,F11911
DS1040,F11912
DS833,F11913
DS295,F11914
DS1105,F11915
DS644,F11916
DS13,F11917
DS108,F11918
DS733,F11919
DS245,F11920
DS145,F11921
DS130,F11922
DS1084,F11923
DS847,F11924
DS330,F11925
DS398,F11926
DS509,F11927
DS367,F11928
DS371,F11929
DS60,F11930
DS1013,F11931
DS244,F11932
DS679,F11933
DS182,F11934
DS192,F11935
DS826,F11936
DS1175,F11937
DS793,F11938
DS834,F11939
DS780,F11940
DS971,F11941
DS283,F11942
DS703,F11943
DS374,F11944
DS196,F11945
DS637,F11946
DS727,F11947
DS363,F11948
DS881,F11949
DS516,F11950
DS1023,F11951
DS185,F11952
DS377,F11953
DS533,F11954
DS822,F11955
DS410,F11956
DS464,F11957
DS719,F11958
DS167,F11959
DS695,F11960
DS925,F11961
DS192,F11962
DS1072,F11963
DS527,F11964
DS41,F11965
DS124,F11966
DS1140,F11967
DS121,F11968
DS764,F11969
DS195,F11970
DS345,F11971
DS3,F11972
DS1083,F11973
DS25,F11974
DS9,F11975
DS669,F11976
DS787,F11977
DS627,F11978
DS56,F11979
DS1163,F11980
DS1153,F11981
DS767,F11982
DS142,F11983
DS353,F11984
DS386,F11985
DS1020,F11986
DS372,F11987
DS1096,F11988
DS447,F11989
DS707,F11990
DS198,F11991
DS316,F11992
DS766,F11993
DS1175,F11994
DS362,F11995
DS902,F11996
DS363,F11997
DS1039,F11998
DS304,F11999
DS911,F12000
DS62,F12001
DS79,F12002
DS1100,F12003
DS246,F12004
DS638,F12005
DS596,F12006
DS220,F12007
DS714,F12008
DS369,F12009
DS1061,F12010
DS342,F12011
DS204,F12012
DS1019,F12013
DS395,F12014
DS317,F12015
DS690,F12016
DS931,F12017
DS1122,F12018
DS796,F12019
DS917,F12020
DS238,F12021
DS1135,F12022
DS134,F12023
DS692,F12024
DS504,F12025
DS748,F12026
DS289,F12027
DS490,F12028
DS1005,F12029
DS385,F12030
DS827,F12031
DS85,F12032
DS733,F12033
DS120,F12034
DS983,F12035
DS202,F12036
DS1064,F12037
DS186,F12038
DS656,F12039
DS1079,F12040
DS1153,F12041
DS1177,F12042
DS1089,F12043
DS1068,F12044
DS807,F12045
DS1118,F12046
DS411,F12047
DS578,F12048
DS656,F12049
DS277,F12050
DS917,F12051
DS405,F12052
DS599,F12053
DS873,F12054
DS827,F12055
DS891,F12056
DS772,F12057
DS168,F12058
DS1004,F12059
DS48,F12060
DS1006,F12061
DS213,F12062
DS658,F12063
DS1149,F12064
DS991,F12065
DS796,F12066
DS626,F12067
DS1019,F12068
DS588,F12069
DS112,F12070
DS1080,F12071
DS85,F12072
DS385,F12073
DS182,F12074
DS628,F12075
DS1169,F12076
DS1111,F12077
DS355,F12078
DS642,F12079
DS98,F12080
DS1094,F12081
DS57,F12082
DS96,F12083
DS620,F12084
DS788,F12085
DS385,F12086
DS720,F12087
DS1101,F12088
DS107,F12089
DS888,F12090
DS1041,F12091
DS1073,F12092
DS365,F12093
DS1041,F12094
DS759,F12095
DS91,F12096
DS439,F12097
DS202,F12098
DS936,F12099
DS380,F12100
DS453,F12101
DS655,F12102
DS149,F12103
DS416,F12104
DS1014,F12105
DS423,F12106
DS1169,F12107
DS31,F12108
DS92,F12109
DS781,F12110
DS421,F12111
DS238,F12112
DS594,F12113
DS9,F12114
DS492,F12115
DS677,F12116
DS362,F12117
DS798,F12118
DS467,F12119
DS761,F12120
DS823,F12121
DS91,F12122
DS319,F12123
DS290,F12124
DS504,F12125
DS528,F12126
DS865,F12127
DS1168,F12128
DS634,F12129
DS419,F12130
DS558,F12131
DS838,F12132
DS20,F12133
DS851,F12134
DS847,F12135
DS772,F12136
DS569,F12137
DS388,F12138
DS999,F12139
DS519,F12140
DS21,F12141
DS809,F12142
DS85,F12143
DS919,F12144
DS263,F12145
DS456,F12146
DS144,F12147
DS234,F12148
DS236,F12149
DS325,F12150
DS1000,F12151
DS136,F12152
DS375,F12153
DS1099,F12154
DS670,F12155
DS342,F12156
DS525,F12157
DS815,F12158
DS583,F12159
DS1098,F12160
DS586,F12161
DS583,F12162
DS1167,F12163
DS535,F12164
DS222,F12165
DS244,F12166
DS808,F12167
DS413,F12168
DS177,F12169
DS1136,F12170
DS1019,F12171
DS411,F12172
DS260,F12173
DS1061,F12174
DS73,F12175
DS960,F12176
DS980,F12177
DS223,F12178
DS228,F12179
DS468,F12180
DS77,F12181
DS794,F12182
DS377,F12183
DS171,F12184
DS138,F12185
DS495,F12186
DS892,F12187
DS759,F12188
DS897,F12189
DS292,F12190
DS905,F12191
DS84,F12192
DS1031,F12193
DS387,F12194
DS430,F12195
DS651,F12196
DS89,F12197
DS1164,F12198
DS29,F12199
DS312,F12200
DS699,F12201
DS513,F12202
DS359,F12203
DS717,F12204
DS946,F12205
DS410,F12206
DS115,F12207
DS801,F12208
DS778,F12209
DS313,F12210
DS597,F12211
DS1035,F12212
DS130,F12213
DS461,F12214
DS376,F12215
DS398,F12216
DS687,F12217
DS898,F12218
DS51,F12219
DS902,F12220
DS142,F12221
DS503,F12222
DS1082,F12223
DS589,F12224
DS1140,F12225
DS329,F12226
DS293,F12227
DS1120,F12228
DS650,F12229
DS116,F12230
DS228,F12231
DS133,F12232
DS839,F12233
DS1060,F12234
DS1094,F12235
DS35,F12236
DS347,F12237
DS658,F12238
DS758,F12239
DS78,F12240
DS293,F12241
DS212,F12242
DS478,F12243
DS12,F12244
DS780,F12245
DS7,F12246
DS1152,F12247
DS119,F12248
DS793,F12249
DS1161,F12250
DS245,F12251
DS459,F12252
DS72,F12253
DS1154,F12254
DS1117,F12255
DS151,F12256
DS40,F12257
DS975,F12258
DS1170,F12259
DS790,F12260
DS578,F12261
DS792,F12262
DS920,F12263
DS486,F12264
DS1004,F12265
DS512,F12266
DS706,F12267
DS931,F12268
DS981,F12269
DS313,F12270
DS930,F12271
DS1098,F12272
DS737,F12273
DS458,F12274
DS295,F12275
DS587,F12276
DS357,F12277
DS795,F12278
DS526,F12279
DS328,F12280
DS753,F12281
DS42,F12282
DS884,F12283
DS614,F12284
DS294,F12285
DS87,F12286
DS941,F12287
DS840,F12288
DS1108,F12289
DS464,F12290
DS823,F12291
DS256,F12292
DS722,F12293
DS426,F12294
DS831,F12295
DS862,F12296
DS855,F12297
DS943,F12298
DS926,F12299
DS909,F12300
DS795,F12301
DS949,F12302
DS744,F12303
DS691,F12304
DS667,F12305
DS816,F12306
DS272,F12307
DS1085,F12308
DS421,F12309
DS503,F12310
DS444,F12311
DS391,F12312
DS1164,F12313
DS398,F12314
DS744,F12315
DS948,F12316
DS1122,F12317
DS836,F12318
DS767,F12319
DS628,F12320
DS437,F12321
DS804,F12322
DS289,F12323
DS963,F12324
DS222,F12325
DS1111,F12326
DS926,F12327
DS615,F12328
DS844,F12329
DS104,F12330
DS408,F12331
DS444,F12332
DS691,F12333
DS1129,F12334
DS320,F12335
DS787,F12336
DS1059,F12337
DS884,F12338
DS369,F12339
DS907,F12340
DS48,F12341
DS422,F12342
DS790,F12343
DS1162,F12344
DS352,F12345
DS559,F12346
DS1153,F12347
DS319,F12348
DS823,F12349
DS1177,F12350
DS405,F12351
DS308,F12352
DS842,F12353
DS648,F12354
DS959,F12355
DS503,F12356
DS267,F12357
DS996,F12358
DS647,F12359
DS1086,F12360
DS72,F12361
DS198,F12362
DS133,F12363
DS175,F12364
DS43,F12365
DS17,F12366
DS108,F12367
DS678,F12368
DS184,F12369
DS641,F12370
DS730,F12371
DS415,F12372
DS308,F12373
DS436,F12374
DS629,F12375
DS135,F12376
DS743,F12377
DS646,F12378
DS1194,F12379
DS914,F12380
DS972,F12381
DS693,F12382
DS358,F12383
DS593,F12384
DS621,F12385
DS207,F12386
DS1150,F12387
DS327,F12388
DS311,F12389
DS334,F12390
DS850,F12391
DS242,F12392
DS1090,F12393
DS839,F12394
DS324,F12395
DS1150,F12396
DS1131,F12397
DS961,F12398
DS575,F12399
DS510,F12400
DS232,F12401
DS300,F12402
DS911,F12403
DS198,F12404
DS80,F12405
DS277,F12406
DS780,F12407
DS968,F12408
DS776,F12409
DS976,F12410
DS349,F12411
DS40,F12412
DS742,F12413
DS903,F12414
DS1197,F12415
DS1171,F12416
DS372,F12417
DS916,F12418
DS40,F12419
DS1007,F12420
DS1160,F12421
DS704,F12422
DS695,F12423
DS174,F12424
DS757,F12425
DS141,F12426
DS362,F12427
DS276,F12428
DS614,F12429
DS806,F12430
DS306,F12431
DS227,F12432
DS403,F12433
DS656,F12434
DS598,F12435
DS170,F12436
DS726,F12437
DS1013,F12438
DS32,F12439
DS855,F12440
DS346,F12441
DS747,F12442
DS517,F12443
DS393,F12444
DS1051,F12445
DS573,F12446
DS1065,F12447
DS48,F12448
DS1002,F12449
DS652,F12450
DS341,F12451
DS106,F12452
DS489,F12453
DS627,F12454
DS538,F12455
DS919,F12456
DS886,F12457
DS691,F12458
DS82,F12459
DS558,F12460
DS938,F12461
DS164,F12462
DS681,F12463
DS1129,F12464
DS64,F12465
DS267,F12466
DS21,F12467
DS1174,F12468
DS39,F12469
DS619,F12470
DS779,F12471
DS408,F12472
DS962,F12473
DS778,F12474
DS795,F12475
DS73,F12476
DS553,F12477
DS768,F12478
DS687,F12479
DS751,F12480
DS1049,F12481
DS869,F12482
DS833,F12483
DS700,F12484
DS271,F12485
DS709,F12486
DS535,F12487
DS1131,F12488
DS395,F12489
DS1001,F12490
DS576,F12491
DS546,F12492
DS170,F12493
DS921,F12494
DS173,F12495
DS652,F12496
DS1042,F12497
DS232,F12498
DS47,F12499
DS263,F12500
DS219,F12501
DS497,F12502
DS152,F12503
DS362,F12504
DS764,F12505
DS133,F12506
DS315,F12507
DS1171,F12508
DS485,F12509
DS178,F12510
DS154,F12511
DS19,F12512
DS27,F12513
DS698,F12514
DS144,F12515
DS319,F12516
DS1193,F12517
DS943,F12518
DS677,F12519
DS216,F12520
DS249,F12521
DS115,F12522
DS284,F12523
DS408,F12524
DS166,F12525
DS380,F12526
DS187,F12527
DS187,F12528
DS7,F12529
DS886,F12530
DS477,F12531
DS430,F12532
DS102,F12533
DS162,F12534
DS792,F12535
DS656,F12536
DS1084,F12537
DS394,F12538
DS974,F12539
DS404,F12540
DS1014,F12541
DS381,F12542
DS960,F12543
DS589,F12544
DS125,F12545
DS906,F12546
DS378,F12547
DS1039,F12548
DS12,F12549
DS162,F12550
DS360,F12551
DS404,F12552
DS539,F12553
DS294,F12554
DS1110,F12555
DS1178,F12556
DS387,F12557
DS253,F12558
DS155,F12559
DS385,F12560
DS383,F12561
DS658,F12562
DS466,F12563
DS332,F12564
DS808,F12565
DS607,F12566
DS844,F12567
DS1037,F12568
DS584,F12569
DS446,F12570
DS873,F12571
DS513,F12572
DS706,F12573
DS493,F12574
DS1086,F12575
DS14,F12576
DS515,F12577
DS576,F12578
DS330,F12579
DS132,F12580
DS126,F12581
DS128,F12582
DS1011,F12583
DS704,F12584
DS123,F12585
DS880,F12586
DS163,F12587
DS913,F12588
DS24,F12589
DS180,F12590
DS652,F12591
DS740,F12592
DS134,F12593
DS1165,F12594
DS537,F12595
DS653,F12596
DS923,F12597
DS733,F12598
DS983,F12599
DS758,F12600
DS1023,F12601
DS614,F12602
DS1001,F12603
DS641,F12604
DS1118,F12605
DS389,F12606
DS467,F12607
DS349,F12608
DS87,F12609
DS722,F12610
DS839,F12611
DS952,F12612
DS945,F12613
DS664,F12614
DS825,F12615
DS949,F12616
DS951,F12617
DS926,F12618
DS312,F12619
DS290,F12620
DS789,F12621
DS859,F12622
DS50,F12623
DS285,F12624
DS648,F12625
DS781,F12626
DS305,F12627
DS818,F12628
DS748,F12629
DS28,F12630
DS889,F12631
DS353,F12632
DS309,F12633
DS376,F12634
DS444,F12635
DS194,F12636
DS33,F12637
DS801,F12638
DS967,F12639
DS306,F12640
DS554,F12641
DS690,F12642
DS405,F12643
DS44,F12644
DS1018,F12645
DS803,F12646
DS324,F12647
DS621,F12648
DS1125,F12649
DS568,F12650
DS466,F12651
DS389,F12652
DS996,F12653
DS1022,F12654
DS886,F12655
DS891,F12656
DS327,F12657
DS998,F12658
DS122,F12659
DS723,F12660
DS217,F12661
DS137,F12662
DS662,F12663
DS976,F12664
DS592,F12665
DS289,F12666
DS481,F12667
DS1062,F12668
DS1012,F12669
DS443,F12670
DS852,F12671
DS1004,F12672
DS26,F12673
DS630,F12674
DS324,F12675
DS693,F12676
DS636,F12677
DS878,F12678
DS249,F12679
DS265,F12680
DS1084,F12681
DS577,F12682
DS698,F12683
DS764,F12684
DS262,F12685
DS756,F12686
DS1157,F12687
DS969,F12688
DS129,F12689
DS36,F12690
DS915,F12691
DS757,F12692
DS854,F12693
DS504,F12694
DS428,F12695
DS668,F12696
DS478,F12697
DS640,F12698
DS975,F12699
DS574,F12700
DS1136,F12701
DS697,F12702
DS1182,F12703
DS678,F12704
DS398,F12705
DS260,F12706
DS659,F12707
DS1172,F12708
DS468,F12709
DS485,F12710
DS510,F12711
DS1000,F12712
DS1153,F12713
DS962,F12714
DS39,F12715
DS641,F12716
DS1046,F12717
DS195,F12718
DS786,F12719
DS303,F12720
DS658,F12721
DS166,F12722
DS1083,F12723
DS1005,F12724
DS947,F12725
DS544,F12726
DS137,F12727
DS920,F12728
DS797,F12729
DS395,F12730
DS565,F12731
DS293,F12732
DS745,F12733
DS120,F12734
DS970,F12735
DS505,F12736
DS457,F12737
DS6,F12738
DS670,F12739
DS729,F12740
DS988,F12741
DS1150,F12742
DS299,F12743
DS558,F12744
DS655,F12745
DS992,F12746
DS643,F12747
DS1098,F12748
DS409,F12749
DS385,F12750
DS246,F12751
DS605,F12752
DS124,F12753
DS399,F12754
DS1072,F12755
DS1032,F12756
DS578,F12757
DS508,F12758
DS770,F12759
DS866,F12760
DS22,F12761
DS610,F12762
DS534,F12763
DS418,F12764
DS295,F12765
DS606,F12766
DS51,F12767
DS59,F12768
DS863,F12769
DS161,F12770
DS754,F12771
DS952,F12772
DS302,F12773
DS914,F12774
DS782,F12775
DS1137,F12776
DS321,F12777
DS909,F12778
DS643,F12779
DS220,F12780
DS560,F12781
DS933,F12782
DS565,F12783
DS405,F12784
DS928,F12785
DS583,F12786
DS333,F12787
DS263,F12788
DS661,F12789
DS34,F12790
DS253,F12791
DS107,F12792
DS668,F12793
DS1131,F12794
DS977,F12795
DS755,F12796
DS290,F12797
DS645,F12798
DS768,F12799
DS1126,F12800
DS52,F12801
DS889,F12802
DS663,F12803
DS810,F12804
DS364,F12805
DS668,F12806
DS70,F12807
DS579,F12808
DS663,F12809
DS1158,F12810
DS1164,F12811
DS80,F12812
DS1047,F12813
DS114,F12814
DS270,F12815
DS1017,F12816
DS130,F12817
DS139,F12818
DS286,F12819
DS310,F12820
DS209,F12821
DS1070,F12822
DS334,F12823
DS481,F12824
DS188,F12825
DS737,F12826
DS731,F12827
DS692,F12828
DS166,F12829
DS845,F12830
DS703,F12831
DS142,F12832
DS1008,F12833
DS820,F12834
DS1116,F12835
DS127,F12836
DS1074,F12837
DS852,F12838
DS810,F12839
DS317,F12840
DS1122,F12841
DS183,F12842
DS424,F12843
DS918,F12844
DS325,F12845
DS236,F12846
DS534,F12847
DS465,F12848
DS490,F12849
DS115,F12850
DS1142,F12851
DS49,F12852
DS107,F12853
DS461,F12854
DS980,F12855
DS86,F12856
DS86,F12857
DS448,F12858
DS476,F12859
DS312,F12860
DS281,F12861
DS1025,F12862
DS654,F12863
DS661,F12864
DS793,F12865
DS810,F12866
DS39,F12867
DS1044,F12868
DS593,F12869
DS1008,F12870
DS48,F12871
DS849,F12872
DS1126,F12873
DS139,F12874
DS82,F12875
DS409,F12876
DS73,F12877
DS427,F12878
DS470,F12879
DS1193,F12880
DS1006,F12881
DS14,F12882
DS715,F12883
DS165,F12884
DS1191,F12885
DS753,F12886
DS1042,F12887
DS336,F12888
DS813,F12889
DS435,F12890
DS311,F12891
DS1098,F12892
DS15,F12893
DS576,F12894
DS544,F12895
DS1139,F12896
DS766,F12897
DS1046,F12898
DS795,F12899
DS327,F12900
DS412,F12901
DS524,F12902
DS685,F12903
DS400,F12904
DS669,F12905
DS533,F12906
DS804,F12907
DS244,F12908
DS584,F12909
DS924,F12910
DS59,F12911
DS912,F12912
DS1048,F12913
DS830,F12914
DS419,F12915
DS378,F12916
DS230,F12917
DS85,F12918
DS793,F12919
DS218,F12920
DS421,F12921
DS409,F12922
DS1167,F12923
DS611,F12924
DS438,F12925
DS621,F12926
DS739,F12927
DS949,F12928
DS111,F12929
DS470,F12930
DS1160,F12931
DS516,F12932
DS444,F12933
DS1046,F12934
DS48,F12935
DS634,F12936
DS25,F12937
DS443,F12938
DS370,F12939
DS683,F12940
DS422,F12941
DS1023,F12942
DS795,F12943
DS670,F12944
DS937,F12945
DS800,F12946
DS338,F12947
DS1006,F12948
DS983,F12949
DS1148,F12950
DS584,F12951
DS508,F12952
DS159,F12953
DS219,F12954
DS0,F12955
DS63,F12956
DS102,F12957
DS22,F12958
DS561,F12959
DS0,F12960
DS621,F12961
DS911,F12962
DS781,F12963
DS1163,F12964
DS326,F12965
DS199,F12966
DS109,F12967
DS753,F12968
DS440,F12969
DS390,F12970
DS866,F12971
DS763,F12972
DS155,F12973
DS573,F12974
DS855,F12975
DS45,F12976
DS609,F12977
DS71,F12978
DS245,F12979
DS618,F12980
DS290,F12981
DS538,F12982
DS935,F12983
DS419,F12984
DS246,F12985
DS62,F12986
DS975,F12987
DS357,F12988
DS29,F12989
DS230,F12990
DS176,F12991
DS480,F12992
DS932,F12993
DS1187,F12994
DS1141,F12995
DS559,F12996
DS553,F12997
DS46,F12998
DS1153,F12999
DS982,F13000
DS129,F13001
DS313,F13002
DS441,F13003
DS133,F13004
DS814,F13005
DS772,F13006
DS61,F13007
DS76,F13008
DS1018,F13009
DS885,F13010
DS953,F13011
DS844,F13012
DS358,F13013
DS27,F13014
DS1181,F13015
DS90,F13016
DS129,F13017
DS575,F13018
DS576,F13019
DS981,F13020
DS415,F13021
DS547,F13022
DS49,F13023
DS556,F13024
DS385,F13025
DS480,F13026
DS917,F13027
DS3,F13028
DS90,F13029
DS1153,F13030
DS891,F13031
DS1144,F13032
DS1000,F13033
DS474,F13034
DS96,F13035
DS586,F13036
DS745,F13037
DS181,F13038
DS752,F13039
DS934,F13040
DS967,F13041
DS1115,F13042
DS335,F13043
DS764,F13044
DS760,F13045
DS1128,F13046
DS1107,F13047
DS298,F13048
DS656,F13049
DS710,F13050
DS833,F13051
DS356,F13052
DS1188,F13053
DS822,F13054
DS762,F13055
DS957,F13056
DS711,F13057
DS598,F13058
DS302,F13059
DS1012,F13060
DS1110,F13061
DS835,F13062
DS737,F13063
DS884,F13064
DS177,F13065
DS518,F13066
DS281,F13067
DS681,F13068
DS734,F13069
DS955,F13070
DS923,F13071
DS1104,F13072
DS336,F13073
DS87,F13074
DS703,F13075
DS1037,F13076
DS297,F13077
DS699,F13078
DS1106,F13079
DS326,F13080
DS1174,F13081
DS285,F13082
DS421,F13083
DS811,F13084
DS167,F13085
DS858,F13086
DS229,F13087
DS1026,F13088
DS1114,F13089
DS85,F13090
DS1064,F13091
DS212,F13092
DS1178,F13093
DS8,F13094
DS521,F13095
DS1127,F13096
DS337,F13097
DS464,F13098
DS685,F13099
DS1001,F13100
DS239,F13101
DS666,F13102
DS764,F13103
DS1123,F13104
DS808,F13105
DS1071,F13106
DS804,F13107
DS448,F13108
DS1181,F13109
DS719,F13110
DS835,F13111
DS217,F13112
DS462,F13113
DS929,F13114
DS318,F13115
DS385,F13116
DS1,F13117
DS1033,F13118
DS220,F13119
DS1014,F13120
DS295,F13121
DS147,F13122
DS627,F13123
DS495,F13124
DS831,F13125
DS620,F13126
DS428,F13127
DS1109,F13128
DS197,F13129
DS391,F13130
DS48,F13131
DS33,F13132
DS63,F13133
DS605,F13134
DS247,F13135
DS424,F13136
DS380,F13137
DS146,F13138
DS137,F13139
DS519,F13140
DS926,F13141
DS243,F13142
DS864,F13143
DS732,F13144
DS825,F13145
DS21,F13146
DS614,F13147
DS702,F13148
DS794,F13149
DS767,F13150
DS426,F13151
DS622,F13152
DS877,F13153
DS979,F13154
DS85,F13155
DS1006,F13156
DS64,F13157
DS1023,F13158
DS654,F13159
DS719,F13160
DS63,F13161
DS523,F13162
DS969,F13163
DS785,F13164
DS1103,F13165
DS200,F13166
DS865,F13167
DS718,F13168
DS1004,F13169
DS55,F13170
DS778,F13171
DS79,F13172
DS998,F13173
DS177,F13174
DS972,F13175
DS516,F13176
DS1113,F13177
DS188,F13178
DS169,F13179
DS502,F13180
DS192,F13181
DS931,F13182
DS777,F13183
DS690,F13184
DS494,F13185
DS961,F13186
DS70,F13187
DS661,F13188
DS634,F13189
DS1131,F13190
DS924,F13191
DS443,F13192
DS840,F13193
DS194,F13194
DS21,F13195
DS262,F13196
DS57,F13197
DS1036,F13198
DS910,F13199
DS141,F13200
DS1028,F13201
DS371,F13202
DS948,F13203
DS562,F13204
DS1157,F13205
DS794,F13206
DS1097,F13207
DS99,F13208
DS518,F13209
DS1199,F13210
DS240,F13211
DS1058,F13212
DS1005,F13213
DS356,F13214
DS925,F13215
DS600,F13216
DS333,F13217
DS81,F13218
DS594,F13219
DS678,F13220
DS873,F13221
DS224,F13222
DS317,F13223
DS157,F13224
DS407,F13225
DS987,F13226
DS995,F13227
DS510,F13228
DS11,F13229
DS793,F13230
DS361,F13231
DS771,F13232
DS89,F13233
DS619,F13234
DS374,F13235
DS457,F13236
DS696,F13237
DS1195,F13238
DS1010,F13239
DS468,F13240
DS910,F13241
DS237,F13242
DS207,F13243
DS336,F13244
DS285,F13245
DS270,F13246
DS1152,F13247
DS48,F13248
DS897,F13249
DS1016,F13250
DS750,F13251
DS880,F13252
DS42,F13253
DS1075,F13254
DS754,F13255
DS1113,F13256
DS217,F13257
DS857,F13258
DS970,F13259
DS68,F13260
DS571,F13261
DS893,F13262
DS1141,F13263
DS864,F13264
DS137,F13265
DS133,F13266
DS178,F13267
DS538,F13268
DS732,F13269
DS972,F13270
DS821,F13271
DS1038,F13272
DS498,F13273
DS281,F13274
DS247,F13275
DS49,F13276
DS331,F13277
DS176,F13278
DS1168,F13279
DS382,F13280
DS402,F13281
DS913,F13282
DS1118,F13283
DS764,F13284
DS1141,F13285
DS538,F13286
DS978,F13287
DS136,F13288
DS379,F13289
DS1192,F13290
DS846,F13291
DS237,F13292
DS1146,F13293
DS81,F13294
DS475,F13295
DS414,F13296
DS301,F13297
DS615,F13298
DS272,F13299
DS800,F13300
DS22,F13301
DS761,F13302
DS122,F13303
DS1044,F13304
DS24,F13305
DS230,F13306
DS1074,F13307
DS544,F13308
DS1199,F13309
DS1086,F13310
DS18,F13311
DS621,F13312
DS280,F13313
DS654,F13314
DS499,F13315
DS983,F13316
DS437,F13317
DS386,F13318
DS972,F13319
DS979,F13320
DS980,F13321
DS438,F13322
DS202,F13323
DS353,F13324
DS794,F13325
DS1132,F13326
DS1108,F13327
DS145,F13328
DS299,F13329
DS260,F13330
DS1044,F13331
DS297,F13332
DS139,F13333
DS978,F13334
DS1051,F13335
DS148,F13336
DS1159,F13337
DS337,F13338
DS505,F13339
DS846,F13340
DS740,F13341
DS461,F13342
DS537,F13343
DS832,F13344
DS122,F13345
DS884,F13346
DS87,F13347
DS656,F13348
DS808,F13349
DS56,F13350
DS394,F13351
DS765,F13352
DS800,F13353
DS921,F13354
DS460,F13355
DS260,F13356
DS981,F13357
DS1043,F13358
DS832,F13359
DS322,F13360
DS494,F13361
DS1067,F13362
DS589,F13363
DS1018,F13364
DS153,F13365
DS886,F13366
DS63,F13367
DS854,F13368
DS135,F13369
DS1150,F13370
DS173,F13371
DS298,F13372
DS81,F13373
DS756,F13374
DS568,F13375
DS805,F13376
DS575,F13377
DS951,F13378
DS699,F13379
DS621,F13380
DS1096,F13381
DS669,F13382
DS631,F13383
DS962,F13384
DS1047,F13385
DS998,F13386
DS790,F13387
DS1147,F13388
DS1175,F13389
DS281,F13390
DS961,F13391
DS690,F13392
DS186,F13393
DS1002,F13394
DS701,F13395
DS1091,F13396
DS1058,F13397
DS128,F13398
DS515,F13399
DS549,F13400
DS555,F13401
DS591,F13402
DS1051,F13403
DS466,F13404
DS641,F13405
DS663,F13406
DS490,F13407
DS1159,F13408
DS391,F13409
DS713,F13410
DS627,F13411
DS392,F13412
DS686,F13413
DS1060,F13414
DS842,F13415
DS570,F13416
DS540,F13417
DS868,F13418
DS385,F13419
DS285,F13420
DS604,F13421
DS389,F13422
DS740,F13423
DS1111,F13424
DS1132,F13425
DS657,F13426
DS418,F13427
DS947,F13428
DS1191,F13429
DS1065,F13430
DS355,F13431
DS240,F13432
DS596,F13433
DS505,F13434
DS421,F13435
DS690,F13436
DS374,F13437
DS1017,F13438
DS767,F13439
DS503,F13440
DS802,F13441
DS991,F13442
DS554,F13443
DS1163,F13444
DS940,F13445
DS1100,F13446
DS699,F13447
DS299,F13448
DS521,F13449
DS147,F13450
DS517,F13451
DS254,F13452
DS771,F13453
DS1127,F13454
DS805,F13455
DS6,F13456
DS136,F13457
DS386,F13458
DS521,F13459
DS1013,F13460
DS931,F13461
DS1127,F13462
DS1195,F13463
DS567,F13464
DS1046,F13465
DS1162,F13466
DS861,F13467
DS407,F13468
DS544,F13469
DS104,F13470
DS875,F13471
DS1002,F13472
DS221,F13473
DS975,F13474
DS895,F13475
DS792,F13476
DS641,F13477
DS244,F13478
DS286,F13479
DS370,F13480
DS251,F13481
DS740,F13482
DS111,F13483
DS84,F13484
DS143,F13485
DS568,F13486
DS220,F13487
DS1123,F13488
DS1096,F13489
DS549,F13490
DS260,F13491
DS196,F13492
DS866,F13493
DS419,F13494
DS81,F13495
DS1160,F13496
DS122,F13497
DS20,F13498
DS228,F13499
DS691,F13500
DS567,F13501
DS582,F13502
DS880,F13503
DS492,F13504
DS472,F13505
DS451,F13506
DS1168,F13507
DS546,F13508
DS1131,F13509
DS724,F13510
DS484,F13511
DS310,F13512
DS47,F13513
DS1133,F13514
DS1196,F13515
DS648,F13516
DS450,F13517
DS351,F13518
DS784,F13519
DS416,F13520
DS1109,F13521
DS35,F13522
DS328,F13523
DS186,F13524
DS1169,F13525
DS552,F13526
DS995,F13527
DS255,F13528
DS195,F13529
DS504,F13530
DS832,F13531
DS452,F13532
DS495,F13533
DS941,F13534
DS339,F13535
DS355,F13536
DS451,F13537
DS572,F13538
DS219,F13539
DS6,F13540
DS489,F13541
DS631,F13542
DS891,F13543
DS1187,F13544
DS791,F13545
DS913,F13546
DS437,F13547
DS475,F13548
DS205,F13549
DS167,F13550
DS836,F13551
DS909,F13552
DS906,F13553
DS307,F13554
DS787,F13555
DS778,F13556
DS47,F13557
DS1108,F13558
DS556,F13559
DS420,F13560
DS1006,F13561
DS894,F13562
DS1073,F13563
DS701,F13564
DS659,F13565
DS42,F13566
DS1022,F13567
DS1039,F13568
DS794,F13569
DS905,F13570
DS420,F13571
DS763,F13572
DS295,F13573
DS158,F13574
DS773,F13575
DS344,F13576
DS827,F13577
DS424,F13578
DS446,F13579
DS643,F13580
DS723,F13581
DS829,F13582
DS561,F13583
DS509,F13584
DS595,F13585
DS472,F13586
DS777,F13587
DS961,F13588
DS49,F13589
DS1153,F13590
DS499,F13591
DS132,F13592
DS926,F13593
DS44,F13594
DS796,F13595
DS1170,F13596
DS706,F13597
DS736,F13598
DS780,F13599
DS41,F13600
DS1005,F13601
DS893,F13602
DS912,F13603
DS868,F13604
DS183,F13605
DS895,F13606
DS522,F13607
DS713,F13608
DS468,F13609
DS551,F13610
DS750,F13611
DS532,F13612
DS980,F13613
DS323,F13614
DS345,F13615
DS448,F13616
DS1199,F13617
DS1059,F13618
DS1087,F13619
DS400,F13620
DS74,F13621
DS781,F13622
DS746,F13623
DS98,F13624
DS468,F13625
DS184,F13626
DS325,F13627
DS189,F13628
DS1132,F13629
DS102,F13630
DS512,F13631
DS162,F13632
DS1075,F13633
DS522,F13634
DS927,F13635
DS305,F13636
DS600,F13637
DS290,F13638
DS892,F13639
DS570,F13640
DS380,F13641
DS469,F13642
DS838,F13643
DS638,F13644
DS341,F13645
DS1066,F13646
DS136,F13647
DS474,F13648
DS188,F13649
DS106,F13650
DS1172,F13651
DS360,F13652
DS590,F13653
DS1122,F13654
DS963,F13655
DS866,F13656
DS343,F13657
DS483,F13658
DS35,F13659
DS400,F13660
DS157,F13661
DS137,F13662
DS207,F13663
DS551,F13664
DS366,F13665
DS1093,F13666
DS254,F13667
DS947,F13668
DS1133,F13669
DS755,F13670
DS366,F13671
DS312,F13672
DS1092,F13673
DS382,F13674
DS503,F13675
DS17,F13676
DS666,F13677
DS351,F13678
DS557,F13679
DS1051,F13680
DS42,F13681
DS1025,F13682
DS1033,F13683
DS116,F13684
DS806,F13685
DS276,F13686
DS342,F13687
DS99,F13688
DS960,F13689
DS319,F13690
DS270,F13691
DS495,F13692
DS752,F13693
DS1175,F13694
DS571,F13695
DS947,F13696
DS503,F13697
DS931,F13698
DS358,F13699
DS225,F13700
DS508,F13701
DS331,F13702
DS86,F13703
DS137,F13704
DS772,F13705
DS278,F13706
DS1,F13707
DS588,F13708
DS943,F13709
DS1083,F13710
DS1003,F13711
DS808,F13712
DS1127,F13713
DS1108,F13714
DS827,F13715
DS1075,F13716
DS955,F13717
DS1064,F13718
DS724,F13719
DS1182,F13720
DS829,F13721
DS514,F13722
DS1072,F13723
DS834,F13724
DS341,F13725
DS1030,F13726
DS1023,F13727
DS258,F13728
DS74,F13729
DS423,F13730
DS150,F13731
DS752,F13732
DS611,F13733
DS236,F13734
DS844,F13735
DS783,F13736
DS769,F13737
DS613,F13738
DS765,F13739
DS48,F13740
DS644,F13741
DS997,F13742
DS406,F13743
DS32,F13744
DS441,F13745
DS891,F13746
DS301,F13747
DS921,F13748
DS286,F13749
DS618,F13750
DS811,F13751
DS500,F13752
DS291,F13753
DS33,F13754
DS465,F13755
DS899,F13756
DS517,F13757
DS996,F13758
DS817,F13759
DS955,F13760
DS952,F13761
DS760,F13762
DS419,F13763
DS948,F13764
DS267,F13765
DS851,F13766
DS105,F13767
DS502,F13768
DS298,F13769
DS207,F13770
DS605,F13771
DS766,F13772
DS108,F13773
DS717,F13774
DS952,F13775
DS791,F13776
DS887,F13777
DS159,F13778
DS602,F13779
DS726,F13780
DS1049,F13781
DS1129,F13782
DS977,F13783
DS82,F13784
DS981,F13785
DS138,F13786
DS721,F13787
DS678,F13788
DS396,F13789
DS635,F13790
DS1037,F13791
DS339,F13792
DS22,F13793
DS207,F13794
DS298,F13795
DS1150,F13796
DS552,F13797
DS122,F13798
DS50,F13799
DS1043,F13800
DS447,F13801
DS1067,F13802
DS760,F13803
DS49,F13804
DS918,F13805
DS826,F13806
DS684,F13807
DS942,F13808
DS710,F13809
DS668,F13810
DS583,F13811
DS753,F13812
DS104,F13813
DS1058,F13814
DS1199,F13815
DS252,F13816
DS897,F13817
DS998,F13818
DS887,F13819
DS1052,F13820
DS74,F13821
DS1122,F13822
DS1159,F13823
DS1036,F13824
DS137,F13825
DS314,F13826
DS773,F13827
DS676,F13828
DS900,F13829
DS547,F13830
DS294,F13831
DS291,F13832
DS402,F13833
DS190,F13834
DS786,F13835
DS564,F13836
DS807,F13837
DS451,F13838
DS85,F13839
DS90,F13840
DS620,F13841
DS24,F13842
DS272,F13843
DS398,F13844
DS856,F13845
DS1165,F13846
DS396,F13847
DS855,F13848
DS310,F13849
DS874,F13850
DS1120,F13851
DS1163,F13852
DS522,F13853
DS431,F13854
DS1,F13855
DS135,F13856
DS334,F13857
DS76,F13858
DS543,F13859
DS988,F13860
DS135,F13861
DS448,F13862
DS959,F13863
DS339,F13864
DS1010,F13865
DS233,F13866
DS163,F13867
DS941,F13868
DS701,F13869
DS762,F13870
DS960,F13871
DS528,F13872
DS1181,F13873
DS1143,F13874
DS1122,F13875
DS677,F13876
DS668,F13877
DS1078,F13878
DS318,F13879
DS1065,F13880
DS571,F13881
DS502,F13882
DS463,F13883
DS45,F13884
DS888,F13885
DS989,F13886
DS557,F13887
DS672,F13888
DS1042,F13889
DS615,F13890
DS1021,F13891
DS828,F13892
DS105,F13893
DS615,F13894
DS527,F13895
DS218,F13896
DS303,F13897
DS1136,F13898
DS457,F13899
DS448,F13900
DS509,F13901
DS950,F13902
DS313,F13903
DS201,F13904
DS1110,F13905
DS1035,F13906
DS743,F13907
DS845,F13908
DS818,F13909
DS858,F13910
DS1160,F13911
DS678,F13912
DS612,F13913
DS166,F13914
DS496,F13915
DS332,F13916
DS985,F13917
DS135,F13918
DS642,F13919
DS116,F13920
DS892,F13921
DS831,F13922
DS885,F13923
DS315,F13924
DS848,F13925
DS969,F13926
DS62,F13927
DS683,F13928
DS758,F13929
DS242,F13930
DS630,F13931
DS482,F13932
DS996,F13933
DS1007,F13934
DS811,F13935
DS438,F13936
DS830,F13937
DS880,F13938
DS481,F13939
DS586,F13940
DS498,F13941
DS337,F13942
DS688,F13943
DS326,F13944
DS669,F13945
DS771,F13946
DS169,F13947
DS206,F13948
DS168,F13949
DS168,F13950
DS17,F13951
DS307,F13952
DS1106,F13953
DS877,F13954
DS1008,F13955
DS189,F13956
DS311,F13957
DS105,F13958
DS4,F13959
DS965,F13960
DS363,F13961
DS66,F13962
DS273,F13963
DS596,F13964
DS751,F13965
DS731,F13966
DS1171,F13967
DS179,F13968
DS82,F13969
DS338,F13970
DS634,F13971
DS676,F13972
DS204,F13973
DS79,F13974
DS1193,F13975
DS168,F13976
DS80,F13977
DS0,F13978
DS393,F13979
DS348,F13980
DS800,F13981
DS1004,F13982
DS220,F13983
DS547,F13984
DS596,F13985
DS1077,F13986
DS146,F13987
DS582,F13988
DS283,F13989
DS133,F13990
DS946,F13991
DS532,F13992
DS322,F13993
DS1054,F13994
DS196,F13995
DS1016,F13996
DS458,F13997
DS581,F13998
DS65,F13999
DS805,F14000
DS693,F14001
DS333,F14002
DS968,F14003
DS926,F14004
DS734,F14005
DS1042,F14006
DS627,F14007
DS601,F14008
DS821,F14009
DS856,F14010
DS481,F14011
DS633,F14012
DS668,F14013
DS431,F14014
DS492,F14015
DS944,F14016
DS304,F14017
DS317,F14018
DS75,F14019
DS162,F14020
DS120,F14021
DS241,F14022
DS302,F14023
DS220,F14024
DS919,F14025
DS258,F14026
DS305,F14027
DS150,F14028
DS578,F14029
DS681,F14030
DS655,F14031
DS1186,F14032
DS489,F14033
DS986,F14034
DS891,F14035
DS839,F14036
DS251,F14037
DS1130,F14038
DS619,F14039
DS429,F14040
DS969,F14041
DS69,F14042
DS745,F14043
DS320,F14044
DS800,F14045
DS392,F14046
DS706,F14047
DS135,F14048
DS100,F14049
DS64,F14050
DS516,F14051
DS797,F14052
DS382,F14053
DS1019,F14054
DS949,F14055
DS814,F14056
DS662,F14057
DS920,F14058
DS272,F14059
DS669,F14060
DS864,F14061
DS644,F14062
DS1160,F14063
DS376,F14064
DS15,F14065
DS336,F14066
DS513,F14067
DS851,F14068
DS190,F14069
DS997,F14070
DS685,F14071
DS303,F14072
DS86,F14073
DS287,F14074
DS491,F14075
DS1050,F14076
DS1014,F14077
DS569,F14078
DS414,F14079
DS369,F14080
DS855,F14081
DS78,F14082
DS18,F14083
DS738,F14084
DS702,F14085
DS763,F14086
DS690,F14087
DS5,F14088
DS214,F14089
DS988,F14090
DS1026,F14091
DS413,F14092
DS432,F14093
DS302,F14094
DS680,F14095
DS1034,F14096
DS560,F14097
DS1087,F14098
DS800,F14099
DS1082,F14100
DS402,F14101
DS890,F14102
DS80,F14103
DS931,F14104
DS1120,F14105
DS594,F14106
DS1103,F14107
DS934,F14108
DS91,F14109
DS582,F14110
DS681,F14111
DS36,F14112
DS834,F14113
DS128,F14114
DS971,F14115
DS854,F14116
DS949,F14117
DS1171,F14118
DS472,F14119
DS645,F14120
DS456,F14121
DS920,F14122
DS542,F14123
DS614,F14124
DS79,F14125
DS469,F14126
DS1186,F14127
DS520,F14128
DS808,F14129
DS543,F14130
DS8,F14131
DS1086,F14132
DS469,F14133
DS83,F14134
DS454,F14135
DS920,F14136
DS489,F14137
DS813,F14138
DS4,F14139
DS880,F14140
DS97,F14141
DS155,F14142
DS560,F14143
DS1096,F14144
DS1119,F14145
DS853,F14146
DS33,F14147
DS1027,F14148
DS627,F14149
DS104,F14150
DS1017,F14151
DS1188,F14152
DS437,F14153
DS1093,F14154
DS1131,F14155
DS588,F14156
DS237,F14157
DS480,F14158
DS796,F14159
DS1148,F14160
DS672,F14161
DS362,F14162
DS1116,F14163
DS410,F14164
DS29,F14165
DS879,F14166
DS163,F14167
DS673,F14168
DS502,F14169
DS982,F14170
DS42,F14171
DS203,F14172
DS265,F14173
DS528,F14174
DS346,F14175
DS598,F14176
DS526,F14177
DS851,F14178
DS331,F14179
DS873,F14180
DS417,F14181
DS335,F14182
DS740,F14183
DS199,F14184
DS591,F14185
DS633,F14186
DS1110,F14187
DS1123,F14188
DS140,F14189
DS156,F14190
DS318,F14191
DS248,F14192
DS6,F14193
DS490,F14194
DS135,F14195
DS553,F14196
DS366,F14197
DS232,F14198
DS924,F14199
DS691,F14200
DS248,F14201
DS1024,F14202
DS1094,F14203
DS952,F14204
DS1046,F14205
DS250,F14206
DS985,F14207
DS569,F14208
DS170,F14209
DS729,F14210
DS188,F14211
DS723,F14212
DS361,F14213
DS794,F14214
DS387,F14215
DS1116,F14216
DS512,F14217
DS37,F14218
DS176,F14219
DS129,F14220
DS332,F14221
DS298,F14222
DS700,F14223
DS328,F14224
DS1069,F14225
DS1095,F14226
DS397,F14227
DS980,F14228
DS719,F14229
DS61,F14230
DS696,F14231
DS797,F14232
DS885,F14233
DS212,F14234
DS1049,F14235
DS824,F14236
DS434,F14237
DS343,F14238
DS389,F14239
DS990,F14240
DS137,F14241
DS464,F14242
DS1012,F14243
DS1141,F14244
DS937,F14245
DS793,F14246
DS659,F14247
DS755,F14248
DS407,F14249
DS85,F14250
DS74,F14251
DS927,F14252
DS385,F14253
DS7,F14254
DS1169,F14255
DS727,F14256
DS35,F14257
DS762,F14258
DS693,F14259
DS851,F14260
DS15,F14261
DS645,F14262
DS949,F14263
DS174,F14264
DS274,F14265
DS196,F14266
DS1066,F14267
DS1149,F14268
DS238,F14269
DS278,F14270
DS969,F14271
DS1012,F14272
DS1133,F14273
DS1129,F14274
DS697,F14275
DS245,F14276
DS66,F14277
DS649,F14278
DS503,F14279
DS639,F14280
DS1099,F14281
DS871,F14282
DS600,F14283
DS79,F14284
DS218,F14285
DS112,F14286
DS614,F14287
DS280,F14288
DS528,F14289
DS777,F14290
DS313,F14291
DS574,F14292
DS696,F14293
DS843,F14294
DS152,F14295
DS1087,F14296
DS745,F14297
DS153,F14298
DS1020,F14299
DS631,F14300
DS614,F14301
DS833,F14302
DS46,F14303
DS53,F14304
DS583,F14305
DS671,F14306
DS378,F14307
DS190,F14308
DS281,F14309
DS1075,F14310
DS205,F14311
DS742,F14312
DS232,F14313
DS194,F14314
DS541,F14315
DS683,F14316
DS651,F14317
DS253,F14318
DS374,F14319
DS1180,F14320
DS434,F14321
DS1192,F14322
DS161,F14323
DS474,F14324
DS100,F14325
DS566,F14326
DS637,F14327
DS1126,F14328
DS1108,F14329
DS163,F14330
DS1124,F14331
DS1182,F14332
DS1118,F14333
DS608,F14334
DS1131,F14335
DS609,F14336
DS205,F14337
DS826,F14338
DS83,F14339
DS638,F14340
DS860,F14341
DS190,F14342
DS682,F14343
DS551,F14344
DS106,F14345
DS280,F14346
DS140,F14347
DS193,F14348
DS8,F14349
DS218,F14350
DS976,F14351
DS87,F14352
DS960,F14353
DS739,F14354
DS831,F14355
DS1109,F14356
DS218,F14357
DS541,F14358
DS325,F14359
DS1149,F14360
DS507,F14361
DS167,F14362
DS684,F14363
DS344,F14364
DS379,F14365
DS1165,F14366
DS212,F14367
DS34,F14368
DS963,F14369
DS447,F14370
DS259,F14371
DS346,F14372
DS1043,F14373
DS488,F14374
DS835,F14375
DS10,F14376
DS1071,F14377
DS559,F14378
DS1181,F14379
DS384,F14380
DS1008,F14381
DS1121,F14382
DS487,F14383
DS121,F14384
DS880,F14385
DS432,F14386
DS795,F14387
DS394,F14388
DS1080,F14389
DS599,F14390
DS705,F14391
DS278,F14392
DS828,F14393
DS842,F14394
DS1184,F14395
DS589,F14396
DS551,F14397
DS510,F14398
DS255,F14399
DS860,F14400
DS522,F14401
DS1019,F14402
DS2,F14403
DS234,F14404
DS830,F14405
DS391,F14406
DS518,F14407
DS262,F14408
DS1180,F14409
DS377,F14410
DS1188,F14411
DS245,F14412
DS509,F14413
DS271,F14414
DS82,F14415
DS472,F14416
DS511,F14417
DS95,F14418
DS147,F14419
DS808,F14420
DS272,F14421
DS446,F14422
DS566,F14423
DS230,F14424
DS1176,F14425
DS5,F14426
DS430,F14427
DS226,F14428
DS28,F14429
DS846,F14430
DS219,F14431
DS699,F14432
DS422,F14433
DS915,F14434
DS295,F14435
DS301,F14436
DS252,F14437
DS755,F14438
DS665,F14439
DS841,F14440
DS775,F14441
DS1062,F14442
DS563,F14443
DS908,F14444
DS412,F14445
DS298,F14446
DS423,F14447
DS797,F14448
DS723,F14449
DS385,F14450
DS497,F14451
DS1003,F14452
DS1001,F14453
DS560,F14454
DS895,F14455
DS100,F14456
DS516,F14457
DS6,F14458
DS887,F14459
DS949,F14460
DS324,F14461
DS125,F14462
DS122,F14463
DS939,F14464
DS1073,F14465
DS592,F14466
DS417,F14467
DS846,F14468
DS226,F14469
DS588,F14470
DS288,F14471
DS580,F14472
DS572,F14473
DS362,F14474
DS872,F14475
DS28,F14476
DS969,F14477
DS1084,F14478
DS133,F14479
DS930,F14480
DS712,F14481
DS620,F14482
DS459,F14483
DS920,F14484
DS411,F14485
DS564,F14486
DS976,F14487
DS799,F14488
DS552,F14489
DS328,F14490
DS983,F14491
DS451,F14492
DS897,F14493
DS273,F14494
DS35,F14495
DS480,F14496
DS995,F14497
DS787,F14498
DS448,F14499
DS1129,F14500
DS1043,F14501
DS296,F14502
DS224,F14503
DS548,F14504
DS759,F14505
DS1069,F14506
DS521,F14507
DS202,F14508
DS556,F14509
DS1057,F14510
DS635,F14511
DS826,F14512
DS41,F14513
DS128,F14514
DS1161,F14515
DS219,F14516
DS494,F14517
DS579,F14518
DS516,F14519
DS500,F14520
DS1138,F14521
DS1176,F14522
DS1085,F14523
DS374,F14524
DS1017,F14525
DS1082,F14526
DS6,F14527
DS305,F14528
DS40,F14529
DS670,F14530
DS1134,F14531
DS859,F14532
DS1163,F14533
DS698,F14534
DS2,F14535
DS985,F14536
DS396,F14537
DS383,F14538
DS222,F14539
DS627,F14540
DS870,F14541
DS514,F14542
DS556,F14543
DS408,F14544
DS823,F14545
DS1157,F14546
DS1155,F14547
DS730,F14548
DS196,F14549
DS778,F14550
DS966,F14551
DS401,F14552
DS501,F14553
DS665,F14554
DS93,F14555
DS688,F14556
DS730,F14557
DS965,F14558
DS493,F14559
DS1090,F14560
DS682,F14561
DS1009,F14562
DS466,F14563
DS882,F14564
DS1151,F14565
DS33,F14566
DS156,F14567
DS211,F14568
DS1157,F14569
DS280,F14570
DS473,F14571
DS841,F14572
DS89,F14573
DS419,F14574
DS956,F14575
DS844,F14576
DS1095,F14577
DS148,F14578
DS210,F14579
DS1123,F14580
DS903,F14581
DS277,F14582
DS452,F14583
DS439,F14584
DS447,F14585
DS759,F14586
DS198,F14587
DS74,F14588
DS525,F14589
DS23,F14590
DS837,F14591
DS246,F14592
DS574,F14593
DS921,F14594
DS428,F14595
DS191,F14596
DS697,F14597
DS484,F14598
DS243,F14599
DS191,F14600
DS512,F14601
DS1099,F14602
DS493,F14603
DS90,F14604
DS974,F14605
DS567,F14606
DS1108,F14607
DS342,F14608
DS13,F14609
DS1002,F14610
DS443,F14611
DS843,F14612
DS677,F14613
DS204,F14614
DS181,F14615
DS1031,F14616
DS1193,F14617
DS469,F14618
DS1178,F14619
DS568,F14620
DS0,F14621
DS874,F14622
DS714,F14623
DS730,F14624
DS926,F14625
DS1139,F14626
DS336,F14627
DS55,F14628
DS199,F14629
DS1170,F14630
DS43,F14631
DS563,F14632
DS394,F14633
DS352,F14634
DS321,F14635
DS479,F14636
DS92,F14637
DS367,F14638
DS401,F14639
DS428,F14640
DS404,F14641
DS271,F14642
DS604,F14643
DS943,F14644
DS125,F14645
DS920,F14646
DS462,F14647
DS275,F14648
DS64,F14649
DS241,F14650
DS418,F14651
DS750,F14652
DS613,F14653
DS884,F14654
DS315,F14655
DS129,F14656
DS325,F14657
DS970,F14658
DS774,F14659
DS15,F14660
DS350,F14661
DS767,F14662
DS71,F14663
DS1091,F14664
DS358,F14665
DS860,F14666
DS222,F14667
DS173,F14668
DS322,F14669
DS433,F14670
DS149,F14671
DS314,F14672
DS850,F14673
DS222,F14674
DS890,F14675
DS469,F14676
DS340,F14677
DS545,F14678
DS1065,F14679
DS1136,F14680
DS1087,F14681
DS1199,F14682
DS675,F14683
DS927,F14684
DS322,F14685
DS1091,F14686
DS1161,F14687
DS441,F14688
DS919,F14689
DS870,F14690
DS352,F14691
DS911,F14692
DS571,F14693
DS646,F14694
DS532,F14695
DS438,F14696
DS41,F14697
DS401,F14698
DS831,F14699
DS605,F14700
DS769,F14701
DS1096,F14702
DS952,F14703
DS186,F14704
DS1190,F14705
DS236,F14706
DS259,F14707
DS110,F14708
DS470,F14709
DS1092,F14710
DS231,F14711
DS1147,F14712
DS981,F14713
DS808,F14714
DS1189,F14715
DS276,F14716
DS108,F14717
DS1060,F14718
DS368,F14719
DS1103,F14720
DS474,F14721
DS258,F14722
DS492,F14723
DS103,F14724
DS1041,F14725
DS1113,F14726
DS151,F14727
DS494,F14728
DS1103,F14729
DS1131,F14730
DS171,F14731
DS694,F14732
DS1075,F14733
DS1100,F14734
DS191,F14735
DS531,F14736
DS534,F14737
DS680,F14738
DS1124,F14739
DS278,F14740
DS365,F14741
DS90,F14742
DS875,F14743
DS1004,F14744
DS420,F14745
DS286,F14746
DS451,F14747
DS183,F14748
DS1060,F14749
DS302,F14750
DS905,F14751
DS146,F14752
DS864,F14753
DS1119,F14754
DS164,F14755
DS659,F14756
DS943,F14757
DS337,F14758
DS565,F14759
DS691,F14760
DS61,F14761
DS67,F14762
DS23,F14763
DS55,F14764
DS49,F14765
DS62,F14766
DS171,F14767
DS660,F14768
DS337,F14769
DS1199,F14770
DS166,F14771
DS169,F14772
DS389,F14773
DS984,F14774
DS201,F14775
DS899,F14776
DS1103,F14777
DS760,F14778
DS117,F14779
DS52,F14780
DS306,F14781
DS723,F14782
DS640,F14783
DS776,F14784
DS235,F14785
DS1032,F14786
DS593,F14787
DS598,F14788
DS534,F14789
DS326,F14790
DS174,F14791
DS1117,F14792
DS302,F14793
DS1180,F14794
DS1105,F14795
DS976,F14796
DS588,F14797
DS1005,F14798
DS1069,F14799
DS156,F14800
DS308,F14801
DS359,F14802
DS591,F14803
DS1026,F14804
DS86,F14805
DS643,F14806
DS777,F14807
DS960,F14808
DS82,F14809
DS1038,F14810
DS890,F14811
DS957,F14812
DS53,F14813
DS90,F14814
DS100,F14815
DS5,F14816
DS535,F14817
DS503,F14818
DS773,F14819
DS707,F14820
DS699,F14821
DS181,F14822
DS740,F14823
DS1056,F14824
DS563,F14825
DS1085,F14826
DS307,F14827
DS829,F14828
DS773,F14829
DS1153,F14830
DS251,F14831
DS482,F14832
DS845,F14833
DS305,F14834
DS551,F14835
DS1047,F14836
DS466,F14837
DS658,F14838
DS756,F14839
DS100,F14840
DS749,F14841
DS635,F14842
DS348,F14843
DS1181,F14844
DS768,F14845
DS85,F14846
DS1131,F14847
DS80,F14848
DS962,F14849
DS108,F14850
DS832,F14851
DS425,F14852
DS492,F14853
DS840,F14854
DS1143,F14855
DS942,F14856
DS727,F14857
DS34,F14858
DS1076,F14859
DS378,F14860
DS257,F14861
DS132,F14862
DS124,F14863
DS548,F14864
DS96,F14865
DS250,F14866
DS802,F14867
DS517,F14868
DS1082,F14869
DS254,F14870
DS1138,F14871
DS1083,F14872
DS10,F14873
DS535,F14874
DS529,F14875
DS363,F14876
DS1121,F14877
DS970,F14878
DS1020,F14879
DS509,F14880
DS1056,F14881
DS397,F14882
DS774,F14883
DS384,F14884
DS1082,F14885
DS131,F14886
DS818,F14887
DS548,F14888
DS496,F14889
DS317,F14890
DS134,F14891
DS289,F14892
DS819,F14893
DS604,F14894
DS349,F14895
DS1068,F14896
DS1170,F14897
DS629,F14898
DS834,F14899
DS609,F14900
DS324,F14901
DS42,F14902
DS497,F14903
DS859,F14904
DS267,F14905
DS754,F14906
DS1082,F14907
DS882,F14908
DS438,F14909
DS213,F14910
DS634,F14911
DS515,F14912
DS168,F14913
DS946,F14914
DS83,F14915
DS799,F14916
DS597,F14917
DS798,F14918
DS320,F14919
DS726,F14920
DS765,F14921
DS595,F14922
DS86,F14923
DS382,F14924
DS825,F14925
DS469,F14926
DS755,F14927
DS696,F14928
DS1113,F14929
DS382,F14930
DS601,F14931
DS392,F14932
DS47,F14933
DS173,F14934
DS962,F14935
DS772,F14936
DS630,F14937
DS842,F14938
DS573,F14939
DS595,F14940
DS1050,F14941
DS1179,F14942
DS1086,F14943
DS1034,F14944
DS46,F14945
DS462,F14946
DS223,F14947
DS754,F14948
DS494,F14949
DS1138,F14950
DS1025,F14951
DS1062,F14952
DS365,F14953
DS564,F14954
DS679,F14955
DS274,F14956
DS953,F14957
DS126,F14958
DS696,F14959
DS76,F14960
DS593,F14961
DS117,F14962
DS596,F14963
DS489,F14964
DS419,F14965
DS442,F14966
DS427,F14967
DS727,F14968
DS397,F14969
DS1077,F14970
DS527,F14971
DS645,F14972
DS250,F14973
DS808,F14974
DS454,F14975
DS289,F14976
DS209,F14977
DS184,F14978
DS193,F14979
DS931,F14980
DS1077,F14981
DS955,F14982
DS253,F14983
DS1114,F14984
DS98,F14985
DS406,F14986
DS493,F14987
DS187,F14988
DS405,F14989
DS1008,F14990
DS443,F14991
DS275,F14992
DS829,F14993
DS661,F14994
DS462,F14995
DS80,F14996
DS832,F14997
DS71,F14998
DS157,F14999
DS171,F15000
DS1034,F15001
DS1017,F15002
DS670,F15003
DS797,F15004
DS195,F15005
DS945,F15006
DS1025,F15007
DS833,F15008
DS1131,F15009
DS1074,F15010
DS17,F15011
DS21,F15012
DS378,F15013
DS427,F15014
DS54,F15015
DS60,F15016
DS218,F15017
DS685,F15018
DS849,F15019
DS229,F15020
DS1125,F15021
DS261,F15022
DS1072,F15023
DS26,F15024
DS500,F15025
DS772,F15026
DS683,F15027
DS967,F15028
DS1018,F15029
DS540,F15030
DS580,F15031
DS245,F15032
DS850,F15033
DS6,F15034
DS437,F15035
DS802,F15036
DS753,F15037
DS708,F15038
DS274,F15039
DS118,F15040
DS156,F15041
DS637,F15042
DS145,F15043
DS252,F15044
DS1077,F15045
DS1177,F15046
DS587,F15047
DS222,F15048
DS1104,F15049
DS598,F15050
DS462,F15051
DS473,F15052
DS813,F15053
DS1085,F15054
DS977,F15055
DS702,F15056
DS54,F15057
DS285,F15058
DS834,F15059
DS398,F15060
DS349,F15061
DS322,F15062
DS441,F15063
DS1035,F15064
DS302,F15065
DS150,F15066
DS491,F15067
DS924,F15068
DS563,F15069
DS686,F15070
DS691,F15071
DS856,F15072
DS157,F15073
DS188,F15074
DS522,F15075
DS74,F15076
DS602,F15077
DS266,F15078
DS1064,F15079
DS1097,F15080
DS834,F15081
DS87,F15082
DS751,F15083
DS43,F15084
DS691,F15085
DS486,F15086
DS1008,F15087
DS809,F15088
DS877,F15089
DS891,F15090
DS94,F15091
DS1063,F15092
DS196,F15093
DS238,F15094
DS263,F15095
DS873,F15096
DS36,F15097
DS86,F15098
DS395,F15099
DS113,F15100
DS1065,F15101
DS416,F15102
DS739,F15103
DS799,F15104
DS814,F15105
DS181,F15106
DS55,F15107
DS791,F15108
DS315,F15109
DS933,F15110
DS148,F15111
DS656,F15112
DS435,F15113
DS204,F15114
DS359,F15115
DS447,F15116
DS520,F15117
DS697,F15118
DS728,F15119
DS106,F15120
DS880,F15121
DS1042,F15122
DS1126,F15123
DS375,F15124
DS893,F15125
DS1171,F15126
DS222,F15127
DS994,F15128
DS993,F15129
DS869,F15130
DS1149,F15131
DS292,F15132
DS431,F15133
DS1074,F15134
DS540,F15135
DS594,F15136
DS82,F15137
DS237,F15138
DS495,F15139
DS622,F15140
DS1135,F15141
DS10,F15142
DS1080,F15143
DS916,F15144
DS397,F15145
DS701,F15146
DS611,F15147
DS486,F15148
DS976,F15149
DS1126,F15150
DS1082,F15151
DS279,F15152
DS834,F15153
DS94,F15154
DS434,F15155
DS478,F15156
DS766,F15157
DS254,F15158
DS109,F15159
DS209,F15160
DS758,F15161
DS924,F15162
DS36,F15163
DS97,F15164
DS1039,F15165
DS754,F15166
DS1156,F15167
DS1189,F15168
DS132,F15169
DS592,F15170
DS585,F15171
DS1175,F15172
DS372,F15173
DS32,F15174
DS927,F15175
DS522,F15176
DS1193,F15177
DS339,F15178
DS825,F15179
DS1173,F15180
DS861,F15181
DS1172,F15182
DS769,F15183
DS607,F15184
DS1131,F15185
DS934,F15186
DS183,F15187
DS1069,F15188
DS605,F15189
DS297,F15190
DS1096,F15191
DS749,F15192
DS1186,F15193
DS786,F15194
DS1164,F15195
DS508,F15196
DS300,F15197
DS676,F15198
DS1157,F15199
DS210,F15200
DS602,F15201
DS43,F15202
DS1024,F15203
DS634,F15204
DS1166,F15205
DS398,F15206
DS358,F15207
DS389,F15208
DS221,F15209
DS378,F15210
DS456,F15211
DS602,F15212
DS289,F15213
DS880,F15214
DS827,F15215
DS1154,F15216
DS1146,F15217
DS112,F15218
DS835,F15219
DS47,F15220
DS1142,F15221
DS968,F15222
DS317,F15223
DS815,F15224
DS241,F15225
DS936,F15226
DS855,F15227
DS62,F15228
DS905,F15229
DS356,F15230
DS442,F15231
DS633,F15232
DS1150,F15233
DS467,F15234
DS1064,F15235
DS451,F15236
DS667,F15237
DS740,F15238
DS499,F15239
DS1065,F15240
DS283,F15241
DS1149,F15242
DS35,F15243
DS583,F15244
DS6,F15245
DS705,F15246
DS834,F15247
DS241,F15248
DS291,F15249
DS1159,F15250
DS889,F15251
DS699,F15252
DS61,F15253
DS1124,F15254
DS301,F15255
DS831,F15256
DS734,F15257
DS1115,F15258
DS300,F15259
DS889,F15260
DS544,F15261
DS191,F15262
DS1127,F15263
DS783,F15264
DS1173,F15265
DS774,F15266
DS705,F15267
DS833,F15268
DS149,F15269
DS443,F15270
DS30,F15271
DS1150,F15272
DS986,F15273
DS872,F15274
DS201,F15275
DS298,F15276
DS389,F15277
DS1082,F15278
DS642,F15279
DS1170,F15280
DS689,F15281
DS246,F15282
DS515,F15283
DS393,F15284
DS546,F15285
DS816,F15286
DS1108,F15287
DS305,F15288
DS492,F15289
DS636,F15290
DS1042,F15291
DS556,F15292
DS83,F15293
DS60,F15294
DS336,F15295
DS979,F15296
DS458,F15297
DS2,F15298
DS13,F15299
DS1052,F15300
DS889,F15301
DS800,F15302
DS797,F15303
DS128,F15304
DS112,F15305
DS239,F15306
DS792,F15307
DS1031,F15308
DS413,F15309
DS153,F15310
DS166,F15311
DS395,F15312
DS685,F15313
DS52,F15314
DS98,F15315
DS135,F15316
DS768,F15317
DS1080,F15318
DS114,F15319
DS571,F15320
DS164,F15321
DS600,F15322
DS149,F15323
DS658,F15324
DS111,F15325
DS928,F15326
DS835,F15327
DS362,F15328
DS1068,F15329
DS401,F15330
DS1192,F15331
DS907,F15332
DS842,F15333
DS294,F15334
DS103,F15335
DS754,F15336
DS451,F15337
DS573,F15338
DS553,F15339
DS34,F15340
DS1014,F15341
DS902,F15342
DS906,F15343
DS576,F15344
DS800,F15345
DS332,F15346
DS119,F15347
DS919,F15348
DS286,F15349
DS825,F15350
DS843,F15351
DS266,F15352
DS280,F15353
DS705,F15354
DS39,F15355
DS1137,F15356
DS188,F15357
DS1007,F15358
DS971,F15359
DS787,F15360
DS97,F15361
DS329,F15362
DS1157,F15363
DS136,F15364
DS539,F15365
DS46,F15366
DS813,F15367
DS1073,F15368
DS1092,F15369
DS538,F15370
DS137,F15371
DS399,F15372
DS406,F15373
DS415,F15374
DS929,F15375
DS475,F15376
DS182,F15377
DS271,F15378
DS643,F15379
DS732,F15380
DS350,F15381
DS414,F15382
DS706,F15383
DS821,F15384
DS222,F15385
DS956,F15386
DS1115,F15387
DS162,F15388
DS950,F15389
DS21,F15390
DS419,F15391
DS336,F15392
DS208,F15393
DS160,F15394
DS334,F15395
DS0,F15396
DS777,F15397
DS230,F15398
DS448,F15399
DS864,F15400
DS487,F15401
DS1051,F15402
DS650,F15403
DS271,F15404
DS957,F15405
DS1015,F15406
DS1118,F15407
DS1174,F15408
DS706,F15409
DS770,F15410
DS248,F15411
DS389,F15412
DS446,F15413
DS916,F15414
DS152,F15415
DS1116,F15416
DS607,F15417
DS628,F15418
DS541,F15419
DS100,F15420
DS345,F15421
DS1185,F15422
DS661,F15423
DS97,F15424
DS288,F15425
DS810,F15426
DS602,F15427
DS1045,F15428
DS88,F15429
DS193,F15430
DS883,F15431
DS564,F15432
DS583,F15433
DS108,F15434
DS484,F15435
DS925,F15436
DS419,F15437
DS512,F15438
DS208,F15439
DS815,F15440
DS963,F15441
DS1094,F15442
DS221,F15443
DS290,F15444
DS948,F15445
DS1023,F15446
DS1051,F15447
DS348,F15448
DS382,F15449
DS153,F15450
DS28,F15451
DS330,F15452
DS188,F15453
DS1006,F15454
DS1098,F15455
DS373,F15456
DS209,F15457
DS396,F15458
DS534,F15459
DS1063,F15460
DS859,F15461
DS351,F15462
DS1172,F15463
DS1118,F15464
DS696,F15465
DS1006,F15466
DS896,F15467
DS478,F15468
DS872,F15469
DS474,F15470
DS1104,F15471
DS497,F15472
DS235,F15473
DS1055,F15474
DS362,F15475
DS1113,F15476
DS652,F15477
DS836,F15478
DS59,F15479
DS693,F15480
DS468,F15481
DS1172,F15482
DS920,F15483
DS46,F15484
DS1009,F15485
DS1115,F15486
DS877,F15487
DS824,F15488
DS243,F15489
DS928,F15490
DS979,F15491
DS125,F15492
DS824,F15493
DS1016,F15494
DS483,F15495
DS829,F15496
DS1061,F15497
DS300,F15498
DS31,F15499
DS747,F15500
DS4,F15501
DS770,F15502
DS1107,F15503
DS294,F15504
DS172,F15505
DS350,F15506
DS369,F15507
DS458,F15508
DS715,F15509
DS671,F15510
DS326,F15511
DS176,F15512
DS805,F15513
DS749,F15514
DS30,F15515
DS686,F15516
DS1104,F15517
DS916,F15518
DS214,F15519
DS542,F15520
DS829,F15521
DS1166,F15522
DS307,F15523
DS149,F15524
DS1070,F15525
DS356,F15526
DS148,F15527
DS1168,F15528
DS284,F15529
DS670,F15530
DS1162,F15531
DS814,F15532
DS935,F15533
DS80,F15534
DS1141,F15535
DS1094,F15536
DS549,F15537
DS481,F15538
DS880,F15539
DS1109,F15540
DS591,F15541
DS1119,F15542
DS33,F15543
DS324,F15544
DS259,F15545
DS77,F15546
DS677,F15547
DS69,F15548
DS470,F15549
DS1110,F15550
DS887,F15551
DS513,F15552
DS1039,F15553
DS597,F15554
DS266,F15555
DS610,F15556
DS691,F15557
DS1048,F15558
DS1133,F15559
DS135,F15560
DS172,F15561
DS580,F15562
DS710,F15563
DS925,F15564
DS1117,F15565
DS1039,F15566
DS937,F15567
DS73,F15568
DS903,F15569
DS187,F15570
DS731,F15571
DS366,F15572
DS481,F15573
DS1114,F15574
DS822,F15575
DS916,F15576
DS799,F15577
DS978,F15578
DS401,F15579
DS1104,F15580
DS382,F15581
DS53,F15582
DS925,F15583
DS562,F15584
DS779,F15585
DS159,F15586
DS130,F15587
DS944,F15588
DS1013,F15589
DS1089,F15590
DS1008,F15591
DS787,F15592
DS1109,F15593
DS307,F15594
DS1176,F15595
DS893,F15596
DS1035,F15597
DS1018,F15598
DS315,F15599
DS265,F15600
DS655,F15601
DS1057,F15602
DS1181,F15603
DS401,F15604
DS1011,F15605
DS78,F15606
DS1089,F15607
DS651,F15608
DS1073,F15609
DS1,F15610
DS816,F15611
DS381,F15612
DS486,F15613
DS755,F15614
DS106,F15615
DS551,F15616
DS61,F15617
DS738,F15618
DS799,F15619
DS780,F15620
DS679,F15621
DS935,F15622
DS1165,F15623
DS78,F15624
DS62,F15625
DS255,F15626
DS343,F15627
DS572,F15628
DS1109,F15629
DS360,F15630
DS701,F15631
DS767,F15632
DS549,F15633
DS514,F15634
DS373,F15635
DS1072,F15636
DS805,F15637
DS943,F15638
DS807,F15639
DS401,F15640
DS287,F15641
DS722,F15642
DS602,F15643
DS380,F15644
DS505,F15645
DS272,F15646
DS1090,F15647
DS1179,F15648
DS551,F15649
DS801,F15650
DS455,F15651
DS398,F15652
DS1118,F15653
DS1172,F15654
DS211,F15655
DS696,F15656
DS829,F15657
DS336,F15658
DS533,F15659
DS163,F15660
DS671,F15661
DS382,F15662
DS1091,F15663
DS691,F15664
DS989,F15665
DS364,F15666
DS703,F15667
DS796,F15668
DS343,F15669
DS1178,F15670
DS351,F15671
DS826,F15672
DS453,F15673
DS455,F15674
DS703,F15675
DS1084,F15676
DS757,F15677
DS209,F15678
DS457,F15679
DS1033,F15680
DS217,F15681
DS1146,F15682
DS801,F15683
DS756,F15684
DS749,F15685
DS52,F15686
DS1002,F15687
DS1062,F15688
DS538,F15689
DS791,F15690
DS1144,F15691
DS664,F15692
DS32,F15693
DS656,F15694
DS998,F15695
DS588,F15696
DS535,F15697
DS459,F15698
DS15,F15699
DS397,F15700
DS627,F15701
DS245,F15702
DS1049,F15703
DS1181,F15704
DS152,F15705
DS231,F15706
DS985,F15707
DS991,F15708
DS337,F15709
DS96,F15710
DS407,F15711
DS1068,F15712
DS683,F15713
DS1191,F15714
DS483,F15715
DS551,F15716
DS77,F15717
DS176,F15718
DS745,F15719
DS430,F15720
DS807,F15721
DS629,F15722
DS180,F15723
DS666,F15724
DS601,F15725
DS929,F15726
DS220,F15727
DS669,F15728
DS671,F15729
DS414,F15730
DS219,F15731
DS443,F15732
DS355,F15733
DS749,F15734
DS439,F15735
DS859,F15736
DS974,F15737
DS1074,F15738
DS199,F15739
DS487,F15740
DS872,F15741
DS916,F15742
DS649,F15743
DS93,F15744
DS32,F15745
DS544,F15746
DS306,F15747
DS223,F15748
DS580,F15749
DS178,F15750
DS72,F15751
DS724,F15752
DS363,F15753
DS935,F15754
DS784,F15755
DS1083,F15756
DS249,F15757
DS1072,F15758
DS968,F15759
DS1149,F15760
DS123,F15761
DS269,F15762
DS978,F15763
DS13,F15764
DS556,F15765
DS739,F15766
DS265,F15767
DS481,F15768
DS1053,F15769
DS1078,F15770
DS1142,F15771
DS713,F15772
DS823,F15773
DS333,F15774
DS280,F15775
DS677,F15776
DS1141,F15777
DS876,F15778
DS852,F15779
DS119,F15780
DS664,F15781
DS1195,F15782
DS1037,F15783
DS850,F15784
DS921,F15785
DS1103,F15786
DS905,F15787
DS572,F15788
DS611,F15789
DS343,F15790
DS283,F15791
DS1009,F15792
DS691,F15793
DS1044,F15794
DS690,F15795
DS572,F15796
DS1108,F15797
DS695,F15798
DS864,F15799
DS744,F15800
DS649,F15801
DS589,F15802
DS364,F15803
DS1028,F15804
DS263,F15805
DS623,F15806
DS243,F15807
DS169,F15808
DS876,F15809
DS680,F15810
DS52,F15811
DS278,F15812
DS12,F15813
DS80,F15814
DS87,F15815
DS319,F15816
DS628,F15817
DS762,F15818
DS470,F15819
DS475,F15820
DS148,F15821
DS484,F15822
DS268,F15823
DS237,F15824
DS667,F15825
DS649,F15826
DS141,F15827
DS426,F15828
DS11,F15829
DS663,F15830
DS696,F15831
DS984,F15832
DS69,F15833
DS1068,F15834
DS417,F15835
DS871,F15836
DS1137,F15837
DS373,F15838
DS205,F15839
DS581,F15840
DS621,F15841
DS582,F15842
DS1064,F15843
DS1074,F15844
DS784,F15845
DS790,F15846
DS1004,F15847
DS295,F15848
DS1023,F15849
DS454,F15850
DS866,F15851
DS919,F15852
DS903,F15853
DS599,F15854
DS846,F15855
DS306,F15856
DS13,F15857
DS265,F15858
DS750,F15859
DS1055,F15860
DS343,F15861
DS755,F15862
DS589,F15863
DS428,F15864
DS142,F15865
DS1076,F15866
DS447,F15867
DS354,F15868
DS1112,F15869
DS216,F15870
DS273,F15871
DS389,F15872
DS128,F15873
DS258,F15874
DS409,F15875
DS293,F15876
DS14,F15877
DS624,F15878
DS189,F15879
DS120,F15880
DS772,F15881
DS16,F15882
DS184,F15883
DS1064,F15884
DS501,F15885
DS850,F15886
DS537,F15887
DS1002,F15888
DS327,F15889
DS417,F15890
DS1132,F15891
DS948,F15892
DS706,F15893
DS49,F15894
DS1090,F15895
DS338,F15896
DS965,F15897
DS827,F15898
DS1062,F15899
DS178,F15900
DS933,F15901
DS362,F15902
DS370,F15903
DS716,F15904
DS983,F15905
DS950,F15906
DS657,F15907
DS533,F15908
DS743,F15909
DS1151,F15910
DS544,F15911
DS990,F15912
DS277,F15913
DS776,F15914
DS316,F15915
DS1169,F15916
DS66,F15917
DS666,F15918
DS291,F15919
DS184,F15920
DS1046,F15921
DS928,F15922
DS783,F15923
DS1134,F15924
DS493,F15925
DS209,F15926
DS803,F15927
DS108,F15928
DS1125,F15929
DS372,F15930
DS900,F15931
DS247,F15932
DS960,F15933
DS359,F15934
DS129,F15935
DS936,F15936
DS440,F15937
DS406,F15938
DS907,F15939
DS444,F15940
DS1156,F15941
DS1193,F15942
DS381,F15943
DS59,F15944
DS667,F15945
DS372,F15946
DS353,F15947
DS317,F15948
DS1180,F15949
DS1160,F15950
DS438,F15951
DS843,F15952
DS350,F15953
DS206,F15954
DS874,F15955
DS669,F15956
DS1198,F15957
DS154,F15958
DS620,F15959
DS483,F15960
DS1132,F15961
DS1127,F15962
DS294,F15963
DS484,F15964
DS341,F15965
DS665,F15966
DS744,F15967
DS500,F15968
DS1182,F15969
DS1106,F15970
DS416,F15971
DS655,F15972
DS1138,F15973
DS630,F15974
DS546,F15975
DS855,F15976
DS250,F15977
DS1001,F15978
DS948,F15979
DS1009,F15980
DS448,F15981
DS330,F15982
DS805,F15983
DS593,F15984
DS506,F15985
DS40,F15986
DS1169,F15987
DS681,F15988
DS534,F15989
DS519,F15990
DS1182,F15991
DS1020,F15992
DS238,F15993
DS369,F15994
DS915,F15995
DS1192,F15996
DS898,F15997
DS5,F15998
DS382,F15999
DS1169,F16000
DS357,F16001
DS901,F16002
DS143,F16003
DS331,F16004
DS113,F16005
DS678,F16006
DS504,F16007
DS959,F16008
DS1079,F16009
DS1019,F16010
DS230,F16011
DS438,F16012
DS1004,F16013
DS669,F16014
DS283,F16015
DS1186,F16016
DS1143,F16017
DS1062,F16018
DS497,F16019
DS267,F16020
DS305,F16021
DS57,F16022
DS201,F16023
DS275,F16024
DS746,F16025
DS813,F16026
DS111,F16027
DS1122,F16028
DS385,F16029
DS354,F16030
DS77,F16031
DS91,F16032
DS543,F16033
DS1135,F16034
DS1001,F16035
DS953,F16036
DS1062,F16037
DS1031,F16038
DS1036,F16039
DS1165,F16040
DS897,F16041
DS715,F16042
DS431,F16043
DS762,F16044
DS1053,F16045
DS731,F16046
DS378,F16047
DS484,F16048
DS1095,F16049
DS807,F16050
DS124,F16051
DS82,F16052
DS413,F16053
DS35,F16054
DS569,F16055
DS618,F16056
DS483,F16057
DS794,F16058
DS167,F16059
DS1172,F16060
DS1175,F16061
DS656,F16062
DS224,F16063
DS942,F16064
DS136,F16065
DS710,F16066
DS333,F16067
DS430,F16068
DS1168,F16069
DS191,F16070
DS46,F16071
DS305,F16072
DS1182,F16073
DS342,F16074
DS713,F16075
DS49,F16076
DS189,F16077
DS620,F16078
DS407,F16079
DS978,F16080
DS567,F16081
DS1047,F16082
DS394,F16083
DS116,F16084
DS402,F16085
DS10,F16086
DS1180,F16087
DS851,F16088
DS962,F16089
DS169,F16090
DS430,F16091
DS1023,F16092
DS190,F16093
DS235,F16094
DS297,F16095
DS814,F16096
DS99,F16097
DS309,F16098
DS310,F16099
DS236,F16100
DS424,F16101
DS322,F16102
DS241,F16103
DS942,F16104
DS839,F16105
DS955,F16106
DS285,F16107
DS109,F16108
DS235,F16109
DS182,F16110
DS237,F16111
DS230,F16112
DS783,F16113
DS824,F16114
DS214,F16115
DS265,F16116
DS370,F16117
DS85,F16118
DS247,F16119
DS65,F16120
DS914,F16121
DS278,F16122
DS702,F16123
DS1083,F16124
DS896,F16125
DS509,F16126
DS405,F16127
DS438,F16128
DS75,F16129
DS601,F16130
DS1171,F16131
DS394,F16132
DS883,F16133
DS778,F16134
DS690,F16135
DS426,F16136
DS1098,F16137
DS27,F16138
DS366,F16139
DS932,F16140
DS617,F16141
DS1066,F16142
DS212,F16143
DS306,F16144
DS577,F16145
DS360,F16146
DS205,F16147
DS184,F16148
DS582,F16149
DS46,F16150
DS1143,F16151
DS808,F16152
DS1074,F16153
DS287,F16154
DS690,F16155
DS17,F16156
DS1180,F16157
DS668,F16158
DS275,F16159
DS307,F16160
DS587,F16161
DS769,F16162
DS263,F16163
DS35,F16164
DS396,F16165
DS751,F16166
DS716,F16167
DS779,F16168
DS135,F16169
DS2,F16170
DS439,F16171
DS1165,F16172
DS707,F16173
DS262,F16174
DS1194,F16175
DS1016,F16176
DS34,F16177
DS199,F16178
DS468,F16179
DS929,F16180
DS242,F16181
DS290,F16182
DS564,F16183
DS390,F16184
DS868,F16185
DS735,F16186
DS1125,F16187
DS668,F16188
DS1105,F16189
DS750,F16190
DS793,F16191
DS628,F16192
DS266,F16193
DS434,F16194
DS55,F16195
DS531,F16196
DS153,F16197
DS319,F16198
DS52,F16199
DS288,F16200
DS986,F16201
DS110,F16202
DS865,F16203
DS252,F16204
DS741,F16205
DS331,F16206
DS981,F16207
DS472,F16208
DS1141,F16209
DS1013,F16210
DS569,F16211
DS123,F16212
DS340,F16213
DS125,F16214
DS907,F16215
DS174,F16216
DS883,F16217
DS872,F16218
DS45,F16219
DS844,F16220
DS467,F16221
DS266,F16222
DS259,F16223
DS576,F16224
DS1087,F16225
DS219,F16226
DS701,F16227
DS654,F16228
DS534,F16229
DS324,F16230
DS15,F16231
DS454,F16232
DS584,F16233
DS66,F16234
DS511,F16235
DS120,F16236
DS255,F16237
DS34,F16238
DS743,F16239
DS830,F16240
DS1016,F16241
DS1155,F16242
DS924,F16243
DS754,F16244
DS866,F16245
DS631,F16246
DS132,F16247
DS759,F16248
DS906,F16249
DS712,F16250
DS761,F16251
DS583,F16252
DS870,F16253
DS353,F16254
DS504,F16255
DS514,F16256
DS982,F16257
DS217,F16258
DS280,F16259
DS514,F16260
DS945,F16261
DS889,F16262
DS5,F16263
DS226,F16264
DS90,F16265
DS1136,F16266
DS121,F16267
DS242,F16268
DS1053,F16269
DS251,F16270
DS79,F16271
DS424,F16272
DS54,F16273
DS844,F16274
DS1134,F16275
DS470,F16276
DS205,F16277
DS920,F16278
DS816,F16279
DS565,F16280
DS184,F16281
DS1001,F16282
DS331,F16283
DS867,F16284
DS1057,F16285
DS87,F16286
DS1114,F16287
DS26,F16288
DS1058,F16289
DS199,F16290
DS750,F16291
DS917,F16292
DS219,F16293
DS303,F16294
DS62,F16295
DS221,F16296
DS701,F16297
DS124,F16298
DS949,F16299
DS172,F16300
DS400,F16301
DS1041,F16302
DS86,F16303
DS836,F16304
DS927,F16305
DS208,F16306
DS504,F16307
DS110,F16308
DS946,F16309
DS469,F16310
DS680,F16311
DS163,F16312
DS97,F16313
DS589,F16314
DS739,F16315
DS1086,F16316
DS564,F16317
DS1007,F16318
DS614,F16319
DS408,F16320
DS820,F16321
DS358,F16322
DS233,F16323
DS402,F16324
DS50,F16325
DS35,F16326
DS1157,F16327
DS891,F16328
DS372,F16329
DS714,F16330
DS1088,F16331
DS1081,F16332
DS727,F16333
DS915,F16334
DS872,F16335
DS879,F16336
DS519,F16337
DS1016,F16338
DS60,F16339
DS418,F16340
DS246,F16341
DS1149,F16342
DS11,F16343
DS683,F16344
DS407,F16345
DS410,F16346
DS824,F16347
DS320,F16348
DS900,F16349
DS520,F16350
DS895,F16351
DS806,F16352
DS894,F16353
DS304,F16354
DS161,F16355
DS723,F16356
DS1198,F16357
DS131,F16358
DS1074,F16359
DS492,F16360
DS283,F16361
DS972,F16362
DS38,F16363
DS65,F16364
DS117,F16365
DS544,F16366
DS825,F16367
DS849,F16368
DS871,F16369
DS205,F16370
DS636,F16371
DS676,F16372
DS51,F16373
DS138,F16374
DS238,F16375
DS103,F16376
DS915,F16377
DS994,F16378
DS957,F16379
DS254,F16380
DS516,F16381
DS76,F16382
DS40,F16383
DS537,F16384
DS1199,F16385
DS483,F16386
DS1113,F16387
DS1130,F16388
DS139,F16389
DS1152,F16390
DS552,F16391
DS1175,F16392
DS6,F16393
DS645,F16394
DS510,F16395
DS134,F16396
DS648,F16397
DS352,F16398
DS86,F16399
DS523,F16400
DS1027,F16401
DS77,F16402
DS609,F16403
DS1017,F16404
DS808,F16405
DS1083,F16406
DS1009,F16407
DS458,F16408
DS133,F16409
DS406,F16410
DS948,F16411
DS899,F16412
DS246,F16413
DS849,F16414
DS782,F16415
DS1139,F16416
DS599,F16417
DS209,F16418
DS841,F16419
DS782,F16420
DS203,F16421
DS304,F16422
DS442,F16423
DS993,F16424
DS587,F16425
DS100,F16426
DS993,F16427
DS982,F16428
DS1169,F16429
DS545,F16430
DS508,F16431
DS477,F16432
DS356,F16433
DS660,F16434
DS894,F16435
DS374,F16436
DS431,F16437
DS1055,F16438
DS592,F16439
DS1193,F16440
DS1164,F16441
DS233,F16442
DS913,F16443
DS30,F16444
DS137,F16445
DS540,F16446
DS338,F16447
DS882,F16448
DS285,F16449
DS53,F16450
DS438,F16451
DS956,F16452
DS104,F16453
DS1055,F16454
DS943,F16455
DS1107,F16456
DS351,F16457
DS216,F16458
DS182,F16459
DS841,F16460
DS112,F16461
DS324,F16462
DS56,F16463
DS531,F16464
DS194,F16465
DS1117,F16466
DS171,F16467
DS481,F16468
DS756,F16469
DS1170,F16470
DS1050,F16471
DS1033,F16472
DS1197,F16473
DS918,F16474
DS300,F16475
DS229,F16476
DS171,F16477
DS910,F16478
DS45,F16479
DS1100,F16480
DS1031,F16481
DS593,F16482
DS1040,F16483
DS62,F16484
DS144,F16485
DS1119,F16486
DS817,F16487
DS532,F16488
DS622,F16489
DS1095,F16490
DS283,F16491
DS329,F16492
DS246,F16493
DS924,F16494
DS729,F16495
DS1068,F16496
DS1050,F16497
DS477,F16498
DS1169,F16499
DS901,F16500
DS1038,F16501
DS765,F16502
DS896,F16503
DS23,F16504
DS1104,F16505
DS353,F16506
DS126,F16507
DS52,F16508
DS531,F16509
DS1106,F16510
DS95,F16511
DS857,F16512
DS971,F16513
DS655,F16514
DS969,F16515
DS191,F16516
DS368,F16517
DS386,F16518
DS778,F16519
DS1153,F16520
DS174,F16521
DS613,F16522
DS825,F16523
DS187,F16524
DS172,F16525
DS323,F16526
DS1046,F16527
DS1023,F16528
DS553,F16529
DS338,F16530
DS867,F16531
DS1146,F16532
DS1033,F16533
DS308,F16534
DS948,F16535
DS803,F16536
DS1184,F16537
DS977,F16538
DS102,F16539
DS547,F16540
DS88,F16541
DS726,F16542
DS469,F16543
DS241,F16544
DS529,F16545
DS181,F16546
DS1189,F16547
DS867,F16548
DS230,F16549
DS726,F16550
DS874,F16551
DS90,F16552
DS1012,F16553
DS1130,F16554
DS508,F16555
DS362,F16556
DS998,F16557
DS581,F16558
DS1132,F16559
DS1143,F16560
DS459,F16561
DS682,F16562
DS772,F16563
DS725,F16564
DS219,F16565
DS942,F16566
DS1189,F16567
DS815,F16568
DS372,F16569
DS599,F16570
DS92,F16571
DS863,F16572
DS579,F16573
DS770,F16574
DS785,F16575
DS1119,F16576
DS509,F16577
DS542,F16578
DS879,F16579
DS52,F16580
DS544,F16581
DS927,F16582
DS1047,F16583
DS639,F16584
DS310,F16585
DS132,F16586
DS909,F16587
DS23,F16588
DS313,F16589
DS1148,F16590
DS692,F16591
DS209,F16592
DS790,F16593
DS291,F16594
DS327,F16595
DS728,F16596
DS1187,F16597
DS497,F16598
DS832,F16599
DS563,F16600
DS1111,F16601
DS1119,F16602
DS256,F16603
DS0,F16604
DS1029,F16605
DS1175,F16606
DS454,F16607
DS544,F16608
DS1094,F16609
DS819,F16610
DS1090,F16611
DS1027,F16612
DS466,F16613
DS84,F16614
DS892,F16615
DS281,F16616
DS529,F16617
DS809,F16618
DS982,F16619
DS309,F16620
DS1079,F16621
DS911,F16622
DS1179,F16623
DS139,F16624
DS870,F16625
DS45,F16626
DS129,F16627
DS182,F16628
DS614,F16629
DS151,F16630
DS439,F16631
DS231,F16632
DS508,F16633
DS732,F16634
DS334,F16635
DS418,F16636
DS834,F16637
DS221,F16638
DS476,F16639
DS436,F16640
DS973,F16641
DS834,F16642
DS0,F16643
DS699,F16644
DS382,F16645
DS509,F16646
DS89,F16647
DS521,F16648
DS657,F16649
DS1139,F16650
DS1046,F16651
DS193,F16652
DS820,F16653
DS680,F16654
DS44,F16655
DS339,F16656
DS737,F16657
DS570,F16658
DS618,F16659
DS1014,F16660
DS296,F16661
DS536,F16662
DS255,F16663
DS199,F16664
DS878,F16665
DS651,F16666
DS64,F16667
DS395,F16668
DS592,F16669
DS560,F16670
DS57,F16671
DS1161,F16672
DS852,F16673
DS823,F16674
DS129,F16675
DS962,F16676
DS991,F16677
DS133,F16678
DS1056,F16679
DS259,F16680
DS529,F16681
DS1102,F16682
DS1173,F16683
DS1119,F16684
DS85,F16685
DS1119,F16686
DS1108,F16687
DS5,F16688
DS820,F16689
DS945,F16690
DS1128,F16691
DS297,F16692
DS198,F16693
DS556,F16694
DS163,F16695
DS906,F16696
DS554,F16697
DS847,F16698
DS1058,F16699
DS214,F16700
DS463,F16701
DS668,F16702
DS378,F16703
DS807,F16704
DS771,F16705
DS542,F16706
DS1118,F16707
DS864,F16708
DS1102,F16709
DS509,F16710
DS1191,F16711
DS810,F16712
DS1125,F16713
DS901,F16714
DS638,F16715
DS1037,F16716
DS780,F16717
DS1161,F16718
DS639,F16719
DS184,F16720
DS670,F16721
DS696,F16722
DS534,F16723
DS642,F16724
DS100,F16725
DS226,F16726
DS254,F16727
DS276,F16728
DS369,F16729
DS119,F16730
DS978,F16731
DS739,F16732
DS504,F16733
DS781,F16734
DS91,F16735
DS719,F16736
DS232,F16737
DS144,F16738
DS971,F16739
DS160,F16740
DS865,F16741
DS126,F16742
DS465,F16743
DS1101,F16744
DS1137,F16745
DS808,F16746
DS424,F16747
DS862,F16748
DS643,F16749
DS509,F16750
DS841,F16751
DS257,F16752
DS204,F16753
DS1054,F16754
DS1186,F16755
DS532,F16756
DS671,F16757
DS762,F16758
DS114,F16759
DS776,F16760
DS994,F16761
DS15,F16762
DS100,F16763
DS50,F16764
DS1172,F16765
DS616,F16766
DS278,F16767
DS611,F16768
DS1086,F16769
DS1188,F16770
DS512,F16771
DS366,F16772
DS96,F16773
DS600,F16774
DS770,F16775
DS768,F16776
DS561,F16777
DS1140,F16778
DS890,F16779
DS883,F16780
DS1018,F16781
DS840,F16782
DS102,F16783
DS669,F16784
DS892,F16785
DS536,F16786
DS331,F16787
DS29,F16788
DS636,F16789
DS644,F16790
DS867,F16791
DS745,F16792
DS1003,F16793
DS907,F16794
DS696,F16795
DS1100,F16796
DS59,F16797
DS1169,F16798
DS922,F16799
DS631,F16800
DS653,F16801
DS452,F16802
DS393,F16803
DS1037,F16804
DS59,F16805
DS870,F16806
DS267,F16807
DS496,F16808
DS756,F16809
DS528,F16810
DS828,F16811
DS780,F16812
DS267,F16813
DS377,F16814
DS857,F16815
DS689,F16816
DS592,F16817
DS110,F16818
DS222,F16819
DS812,F16820
DS684,F16821
DS710,F16822
DS468,F16823
DS109,F16824
DS18,F16825
DS871,F16826
DS328,F16827
DS382,F16828
DS242,F16829
DS358,F16830
DS311,F16831
DS602,F16832
DS370,F16833
DS925,F16834
DS876,F16835
DS979,F16836
DS970,F16837
DS636,F16838
DS821,F16839
DS275,F16840
DS647,F16841
DS137,F16842
DS799,F16843
DS56,F16844
DS212,F16845
DS161,F16846
DS362,F16847
DS575,F16848
DS204,F16849
DS189,F16850
DS762,F16851
DS1030,F16852
DS514,F16853
DS1092,F16854
DS1058,F16855
DS795,F16856
DS122,F16857
DS12,F16858
DS1099,F16859
DS30,F16860
DS221,F16861
DS971,F16862
DS1057,F16863
DS811,F16864
DS985,F16865
DS1012,F16866
DS1144,F16867
DS261,F16868
DS401,F16869
DS162,F16870
DS354,F16871
DS1183,F16872
DS733,F16873
DS909,F16874
DS27,F16875
DS559,F16876
DS913,F16877
DS276,F16878
DS836,F16879
DS538,F16880
DS336,F16881
DS870,F16882
DS155,F16883
DS301,F16884
DS227,F16885
DS337,F16886
DS109,F16887
DS417,F16888
DS1082,F16889
DS514,F16890
DS468,F16891
DS980,F16892
DS700,F16893
DS466,F16894
DS880,F16895
DS708,F16896
DS790,F16897
DS1090,F16898
DS98,F16899
DS944,F16900
DS1134,F16901
DS717,F16902
DS345,F16903
DS754,F16904
DS542,F16905
DS1052,F16906
DS358,F16907
DS634,F16908
DS261,F16909
DS252,F16910
DS1141,F16911
DS476,F16912
DS1031,F16913
DS664,F16914
DS518,F16915
DS741,F16916
DS549,F16917
DS96,F16918
DS64,F16919
DS879,F16920
DS521,F16921
DS625,F16922
DS752,F16923
DS584,F16924
DS956,F16925
DS693,F16926
DS298,F16927
DS403,F16928
DS157,F16929
DS228,F16930
DS286,F16931
DS396,F16932
DS315,F16933
DS916,F16934
DS584,F16935
DS1100,F16936
DS1006,F16937
DS173,F16938
DS923,F16939
DS897,F16940
DS815,F16941
DS422,F16942
DS497,F16943
DS601,F16944
DS340,F16945
DS1002,F16946
DS347,F16947
DS62,F16948
DS392,F16949
DS1136,F16950
DS1103,F16951
DS777,F16952
DS347,F16953
DS149,F16954
DS972,F16955
DS724,F16956
DS25,F16957
DS1111,F16958
DS124,F16959
DS137,F16960
DS792,F16961
DS505,F16962
DS85,F16963
DS522,F16964
DS673,F16965
DS398,F16966
DS67,F16967
DS791,F16968
DS470,F16969
DS665,F16970
DS1116,F16971
DS1030,F16972
DS296,F16973
DS546,F16974
DS469,F16975
DS677,F16976
DS470,F16977
DS625,F16978
DS24,F16979
DS73,F16980
DS212,F16981
DS1054,F16982
DS141,F16983
DS811,F16984
DS902,F16985
DS971,F16986
DS1034,F16987
DS586,F16988
DS1053,F16989
DS137,F16990
DS870,F16991
DS707,F16992
DS352,F16993
DS571,F16994
DS520,F16995
DS520,F16996
DS736,F16997
DS535,F16998
DS536,F16999
DS875,F17000
DS109,F17001
DS1088,F17002
DS430,F17003
DS1095,F17004
DS740,F17005
DS135,F17006
DS973,F17007
DS445,F17008
DS922,F17009
DS1131,F17010
DS219,F17011
DS31,F17012
DS656,F17013
DS493,F17014
DS252,F17015
DS301,F17016
DS1099,F17017
DS934,F17018
DS1028,F17019
DS1049,F17020
DS523,F17021
DS1103,F17022
DS790,F17023
DS1163,F17024
DS1186,F17025
DS871,F17026
DS1080,F17027
DS1053,F17028
DS317,F17029
DS124,F17030
DS626,F17031
DS644,F17032
DS985,F17033
DS1185,F17034
DS272,F17035
DS981,F17036
DS214,F17037
DS561,F17038
DS920,F17039
DS281,F17040
DS519,F17041
DS771,F17042
DS476,F17043
DS74,F17044
DS183,F17045
DS1106,F17046
DS780,F17047
DS517,F17048
DS358,F17049
DS548,F17050
DS270,F17051
DS417,F17052
DS1140,F17053
DS463,F17054
DS920,F17055
DS333,F17056
DS1067,F17057
DS482,F17058
DS487,F17059
DS1163,F17060
DS211,F17061
DS309,F17062
DS230,F17063
DS1125,F17064
DS1023,F17065
DS61,F17066
DS802,F17067
DS321,F17068
DS1160,F17069
DS430,F17070
DS353,F17071
DS1058,F17072
DS1054,F17073
DS101,F17074
DS1183,F17075
DS1140,F17076
DS434,F17077
DS343,F17078
DS298,F17079
DS248,F17080
DS91,F17081
DS239,F17082
DS30,F17083
DS379,F17084
DS471,F17085
DS359,F17086
DS4,F17087
DS33,F17088
DS129,F17089
DS1069,F17090
DS790,F17091
DS944,F17092
DS888,F17093
DS777,F17094
DS234,F17095
DS92,F17096
DS61,F17097
DS1040,F17098
DS1143,F17099
DS984,F17100
DS791,F17101
DS249,F17102
DS22,F17103
DS1121,F17104
DS171,F17105
DS605,F17106
DS387,F17107
DS763,F17108
DS785,F17109
DS190,F17110
DS591,F17111
DS126,F17112
DS481,F17113
DS1132,F17114
DS592,F17115
DS653,F17116
DS499,F17117
DS174,F17118
DS1045,F17119
DS97,F17120
DS988,F17121
DS565,F17122
DS862,F17123
DS1127,F17124
DS283,F17125
DS399,F17126
DS644,F17127
DS633,F17128
DS836,F17129
DS647,F17130
DS200,F17131
DS71,F17132
DS7,F17133
DS406,F17134
DS34,F17135
DS936,F17136
DS827,F17137
DS373,F17138
DS7,F17139
DS757,F17140
DS571,F17141
DS674,F17142
DS776,F17143
DS896,F17144
DS152,F17145
DS678,F17146
DS40,F17147
DS94,F17148
DS892,F17149
DS886,F17150
DS798,F17151
DS864,F17152
DS550,F17153
DS188,F17154
DS151,F17155
DS26,F17156
DS804,F17157
DS759,F17158
DS612,F17159
DS177,F17160
DS184,F17161
DS460,F17162
DS577,F17163
DS3,F17164
DS915,F17165
DS1109,F17166
DS663,F17167
DS205,F17168
DS816,F17169
DS550,F17170
DS961,F17171
DS85,F17172
DS1070,F17173
DS30,F17174
DS752,F17175
DS1150,F17176
DS398,F17177
DS880,F17178
DS859,F17179
DS1122,F17180
DS414,F17181
DS602,F17182
DS1134,F17183
DS288,F17184
DS773,F17185
DS1094,F17186
DS1162,F17187
DS1156,F17188
DS829,F17189
DS326,F17190
DS795,F17191
DS940,F17192
DS31,F17193
DS1081,F17194
DS479,F17195
DS1105,F17196
DS887,F17197
DS1142,F17198
DS1137,F17199
DS1065,F17200
DS1158,F17201
DS242,F17202
DS967,F17203
DS1083,F17204
DS993,F17205
DS148,F17206
DS745,F17207
DS62,F17208
DS759,F17209
DS878,F17210
DS369,F17211
DS743,F17212
DS928,F17213
DS158,F17214
DS1166,F17215
DS930,F17216
DS772,F17217
DS47,F17218
DS484,F17219
DS259,F17220
DS45,F17221
DS178,F17222
DS271,F17223
DS883,F17224
DS734,F17225
DS930,F17226
DS1069,F17227
DS1182,F17228
DS1144,F17229
DS382,F17230
DS778,F17231
DS30,F17232
DS619,F17233
DS161,F17234
DS1133,F17235
DS11,F17236
DS1170,F17237
DS754,F17238
DS285,F17239
DS149,F17240
DS944,F17241
DS739,F17242
DS687,F17243
DS1045,F17244
DS643,F17245
DS241,F17246
DS943,F17247
DS996,F17248
DS935,F17249
DS595,F17250
DS184,F17251
DS282,F17252
DS999,F17253
DS607,F17254
DS788,F17255
DS378,F17256
DS152,F17257
DS197,F17258
DS1109,F17259
DS1129,F17260
DS296,F17261
DS574,F17262
DS188,F17263
DS824,F17264
DS282,F17265
DS892,F17266
DS545,F17267
DS362,F17268
DS333,F17269
DS288,F17270
DS977,F17271
DS684,F17272
DS1049,F17273
DS152,F17274
DS920,F17275
DS109,F17276
DS541,F17277
DS750,F17278
DS545,F17279
DS270,F17280
DS215,F17281
DS1133,F17282
DS709,F17283
DS601,F17284
DS763,F17285
DS995,F17286
DS92,F17287
DS653,F17288
DS891,F17289
DS1035,F17290
DS258,F17291
DS5,F17292
DS1183,F17293
DS289,F17294
DS258,F17295
DS751,F17296
DS1017,F17297
DS0,F17298
DS1176,F17299
DS36,F17300
DS101,F17301
DS129,F17302
DS817,F17303
DS449,F17304
DS700,F17305
DS839,F17306
DS563,F17307
DS108,F17308
DS940,F17309
DS351,F17310
DS432,F17311
DS278,F17312
DS570,F17313
DS962,F17314
DS363,F17315
DS1030,F17316
DS333,F17317
DS1146,F17318
DS671,F17319
DS573,F17320
DS10,F17321
DS119,F17322
DS182,F17323
DS994,F17324
DS1065,F17325
DS1058,F17326
DS374,F17327
DS329,F17328
DS536,F17329
DS926,F17330
DS492,F17331
DS184,F17332
DS279,F17333
DS859,F17334
DS148,F17335
DS797,F17336
DS1110,F17337
DS764,F17338
DS12,F17339
DS986,F17340
DS134,F17341
DS120,F17342
DS719,F17343
DS1151,F17344
DS120,F17345
DS187,F17346
DS237,F17347
DS1176,F17348
DS761,F17349
DS2,F17350
DS364,F17351
DS949,F17352
DS223,F17353
DS176,F17354
DS645,F17355
DS380,F17356
DS875,F17357
DS165,F17358
DS89,F17359
DS742,F17360
DS465,F17361
DS902,F17362
DS109,F17363
DS1166,F17364
DS278,F17365
DS408,F17366
DS89,F17367
DS67,F17368
DS946,F17369
DS145,F17370
DS881,F17371
DS642,F17372
DS30,F17373
DS9,F17374
DS990,F17375
DS525,F17376
DS177,F17377
DS1032,F17378
DS1175,F17379
DS639,F17380
DS1150,F17381
DS670,F17382
DS600,F17383
DS464,F17384
DS288,F17385
DS1162,F17386
DS1068,F17387
DS959,F17388
DS846,F17389
DS1137,F17390
DS1173,F17391
DS436,F17392
DS844,F17393
DS705,F17394
DS269,F17395
DS526,F17396
DS571,F17397
DS967,F17398
DS236,F17399
DS846,F17400
DS180,F17401
DS1054,F17402
DS289,F17403
DS971,F17404
DS414,F17405
DS636,F17406
DS1102,F17407
DS169,F17408
DS436,F17409
DS144,F17410
DS72,F17411
DS528,F17412
DS680,F17413
DS92,F17414
DS314,F17415
DS720,F17416
DS1149,F17417
DS825,F17418
DS454,F17419
DS375,F17420
DS140,F17421
DS959,F17422
DS607,F17423
DS436,F17424
DS737,F17425
DS896,F17426
DS524,F17427
DS1073,F17428
DS495,F17429
DS690,F17430
DS310,F17431
DS861,F17432
DS1085,F17433
DS123,F17434
DS830,F17435
DS559,F17436
DS1117,F17437
DS891,F17438
DS79,F17439
DS879,F17440
DS917,F17441
DS396,F17442
DS1122,F17443
DS448,F17444
DS514,F17445
DS613,F17446
DS1109,F17447
DS1030,F17448
DS399,F17449
DS1120,F17450
DS621,F17451
DS362,F17452
DS651,F17453
DS466,F17454
DS783,F17455
DS610,F17456
DS831,F17457
DS282,F17458
DS1106,F17459
DS97,F17460
DS677,F17461
DS684,F17462
DS108,F17463
DS912,F17464
DS909,F17465
DS566,F17466
DS102,F17467
DS805,F17468
DS737,F17469
DS919,F17470
DS687,F17471
DS721,F17472
DS163,F17473
DS745,F17474
DS813,F17475
DS326,F17476
DS421,F17477
DS1156,F17478
DS374,F17479
DS19,F17480
DS69,F17481
DS1107,F17482
DS682,F17483
DS664,F17484
DS219,F17485
DS87,F17486
DS1010,F17487
DS633,F17488
DS56,F17489
DS208,F17490
DS478,F17491
DS204,F17492
DS170,F17493
DS205,F17494
DS947,F17495
DS1039,F17496
DS794,F17497
DS194,F17498
DS39,F17499
DS291,F17500
DS672,F17501
DS604,F17502
DS911,F17503
DS796,F17504
DS110,F17505
DS362,F17506
DS344,F17507
DS48,F17508
DS831,F17509
DS759,F17510
DS478,F17511
DS645,F17512
DS548,F17513
DS170,F17514
DS362,F17515
DS1,F17516
DS169,F17517
DS276,F17518
DS373,F17519
DS896,F17520
DS642,F17521
DS1158,F17522
DS731,F17523
DS121,F17524
DS21,F17525
DS323,F17526
DS855,F17527
DS103,F17528
DS161,F17529
DS654,F17530
DS227,F17531
DS690,F17532
DS439,F17533
DS374,F17534
DS710,F17535
DS531,F17536
DS901,F17537
DS695,F17538
DS65,F17539
DS897,F17540
DS578,F17541
DS89,F17542
DS1008,F17543
DS204,F17544
DS907,F17545
DS391,F17546
DS264,F17547
DS949,F17548
DS1127,F17549
DS101,F17550
DS724,F17551
DS749,F17552
DS57,F17553
DS472,F17554
DS134,F17555
DS98,F17556
DS19,F17557
DS804,F17558
DS589,F17559
DS442,F17560
DS622,F17561
DS24,F17562
DS416,F17563
DS1185,F17564
DS242,F17565
DS6,F17566
DS568,F17567
DS713,F17568
DS258,F17569
DS64,F17570
DS439,F17571
DS877,F17572
DS93,F17573
DS1037,F17574
DS582,F17575
DS131,F17576
DS147,F17577
DS1111,F17578
DS614,F17579
DS192,F17580
DS453,F17581
DS689,F17582
DS356,F17583
DS1117,F17584
DS735,F17585
DS708,F17586
DS498,F17587
DS765,F17588
DS1161,F17589
DS697,F17590
DS300,F17591
DS93,F17592
DS740,F17593
DS794,F17594
DS144,F17595
DS68,F17596
DS121,F17597
DS834,F17598
DS997,F17599
DS1166,F17600
DS1182,F17601
DS26,F17602
DS39,F17603
DS814,F17604
DS1169,F17605
DS877,F17606
DS1121,F17607
DS120,F17608
DS150,F17609
DS1119,F17610
DS792,F17611
DS899,F17612
DS977,F17613
DS538,F17614
DS90,F17615
DS494,F17616
DS980,F17617
DS1025,F17618
DS546,F17619
DS256,F17620
DS446,F17621
DS396,F17622
DS1167,F17623
DS591,F17624
DS628,F17625
DS1189,F17626
DS767,F17627
DS460,F17628
DS42,F17629
DS5,F17630
DS804,F17631
DS1005,F17632
DS938,F17633
DS772,F17634
DS321,F17635
DS684,F17636
DS671,F17637
DS16,F17638
DS446,F17639
DS329,F17640
DS712,F17641
DS22,F17642
DS149,F17643
DS1010,F17644
DS435,F17645
DS777,F17646
DS641,F17647
DS522,F17648
DS266,F17649
DS801,F17650
DS376,F17651
DS585,F17652
DS216,F17653
DS940,F17654
DS1100,F17655
DS521,F17656
DS376,F17657
DS1192,F17658
DS125,F17659
DS382,F17660
DS1172,F17661
DS306,F17662
DS448,F17663
DS453,F17664
DS630,F17665
DS677,F17666
DS195,F17667
DS142,F17668
DS31,F17669
DS65,F17670
DS1170,F17671
DS81,F17672
DS863,F17673
DS95,F17674
DS729,F17675
DS500,F17676
DS11,F17677
DS1107,F17678
DS1138,F17679
DS847,F17680
DS1045,F17681
DS518,F17682
DS497,F17683
DS28,F17684
DS310,F17685
DS238,F17686
DS181,F17687
DS786,F17688
DS804,F17689
DS909,F17690
DS450,F17691
DS278,F17692
DS13,F17693
DS576,F17694
DS685,F17695
DS934,F17696
DS684,F17697
DS1152,F17698
DS1139,F17699
DS1112,F17700
DS923,F17701
DS662,F17702
DS1158,F17703
DS381,F17704
DS179,F17705
DS350,F17706
DS867,F17707
DS638,F17708
DS343,F17709
DS809,F17710
DS95,F17711
DS472,F17712
DS492,F17713
DS858,F17714
DS366,F17715
DS17,F17716
DS289,F17717
DS937,F17718
DS757,F17719
DS724,F17720
DS1066,F17721
DS382,F17722
DS159,F17723
DS523,F17724
DS946,F17725
DS948,F17726
DS50,F17727
DS258,F17728
DS2,F17729
DS911,F17730
DS234,F17731
DS186,F17732
DS705,F17733
DS331,F17734
DS462,F17735
DS1127,F17736
DS12,F17737
DS370,F17738
DS387,F17739
DS883,F17740
DS344,F17741
DS202,F17742
DS350,F17743
DS138,F17744
DS722,F17745
DS1074,F17746
DS254,F17747
DS1069,F17748
DS1173,F17749
DS1001,F17750
DS8,F17751
DS749,F17752
DS1158,F17753
DS193,F17754
DS888,F17755
DS217,F17756
DS229,F17757
DS1030,F17758
DS894,F17759
DS433,F17760
DS1096,F17761
DS760,F17762
DS680,F17763
DS1126,F17764
DS1127,F17765
DS167,F17766
DS640,F17767
DS1165,F17768
DS949,F17769
DS963,F17770
DS342,F17771
DS192,F17772
DS781,F17773
DS1138,F17774
DS1058,F17775
DS91,F17776
DS103,F17777
DS695,F17778
DS484,F17779
DS980,F17780
DS1095,F17781
DS442,F17782
DS137,F17783
DS1121,F17784
DS768,F17785
DS316,F17786
DS1041,F17787
DS1191,F17788
DS982,F17789
DS353,F17790
DS1042,F17791
DS565,F17792
DS679,F17793
DS636,F17794
DS109,F17795
DS196,F17796
DS1052,F17797
DS282,F17798
DS344,F17799
DS976,F17800
DS332,F17801
DS2,F17802
DS110,F17803
DS363,F17804
DS1128,F17805
DS437,F17806
DS603,F17807
DS1099,F17808
DS261,F17809
DS468,F17810
DS277,F17811
DS318,F17812
DS121,F17813
DS516,F17814
DS181,F17815
DS568,F17816
DS570,F17817
DS997,F17818
DS570,F17819
DS432,F17820
DS269,F17821
DS1074,F17822
DS224,F17823
DS135,F17824
DS863,F17825
DS737,F17826
DS1182,F17827
DS401,F17828
DS20,F17829
DS259,F17830
DS26,F17831
DS261,F17832
DS73,F17833
DS425,F17834
DS103,F17835
DS567,F17836
DS305,F17837
DS448,F17838
DS268,F17839
DS267,F17840
DS898,F17841
DS1019,F17842
DS735,F17843
DS260,F17844
DS211,F17845
DS499,F17846
DS763,F17847
DS397,F17848
DS84,F17849
DS267,F17850
DS1030,F17851
DS191,F17852
DS855,F17853
DS687,F17854
DS96,F17855
DS833,F17856
DS519,F17857
DS810,F17858
DS403,F17859
DS5,F17860
DS117,F17861
DS705,F17862
DS472,F17863
DS901,F17864
DS935,F17865
DS941,F17866
DS728,F17867
DS814,F17868
DS1197,F17869
DS196,F17870
DS1100,F17871
DS459,F17872
DS270,F17873
DS145,F17874
DS46,F17875
DS331,F17876
DS183,F17877
DS851,F17878
DS151,F17879
DS961,F17880
DS611,F17881
DS774,F17882
DS83,F17883
DS325,F17884
DS1192,F17885
DS1087,F17886
DS446,F17887
DS244,F17888
DS59,F17889
DS539,F17890
DS507,F17891
DS1108,F17892
DS565,F17893
DS136,F17894
DS792,F17895
DS802,F17896
DS332,F17897
DS308,F17898
DS1162,F17899
DS166,F17900
DS415,F17901
DS242,F17902
DS859,F17903
DS997,F17904
DS28,F17905
DS1026,F17906
DS114,F17907
DS751,F17908
DS831,F17909
DS1141,F17910
DS754,F17911
DS855,F17912
DS805,F17913
DS943,F17914
DS83,F17915
DS784,F17916
DS478,F17917
DS806,F17918
DS313,F17919
DS172,F17920
DS1168,F17921
DS1048,F17922
DS806,F17923
DS741,F17924
DS740,F17925
DS123,F17926
DS620,F17927
DS1190,F17928
DS587,F17929
DS521,F17930
DS615,F17931
DS74,F17932
DS903,F17933
DS883,F17934
DS801,F17935
DS402,F17936
DS627,F17937
DS386,F17938
DS460,F17939
DS1162,F17940
DS853,F17941
DS704,F17942
DS17,F17943
DS619,F17944
DS771,F17945
DS342,F17946
DS929,F17947
DS388,F17948
DS265,F17949
DS345,F17950
DS789,F17951
DS275,F17952
DS888,F17953
DS240,F17954
DS181,F17955
DS605,F17956
DS300,F17957
DS523,F17958
DS443,F17959
DS841,F17960
DS281,F17961
DS703,F17962
DS1136,F17963
DS656,F17964
DS545,F17965
DS309,F17966
DS207,F17967
DS1054,F17968
DS1051,F17969
DS80,F17970
DS1093,F17971
DS1009,F17972
DS200,F17973
DS834,F17974
DS302,F17975
DS491,F17976
DS637,F17977
DS173,F17978
DS1169,F17979
DS778,F17980
DS539,F17981
DS451,F17982
DS411,F17983
DS1146,F17984
DS693,F17985
DS490,F17986
DS274,F17987
DS576,F17988
DS943,F17989
DS382,F17990
DS748,F17991
DS117,F17992
DS746,F17993
DS1088,F17994
DS483,F17995
DS460,F17996
DS502,F17997
DS533,F17998
DS414,F17999
