childFieldId,parentFieldId
F14269,F14235
F15061,F15021
F3402,F3227
F7540,F7228
F10298,F10041
F3268,F3129
F8636,F8258
F9802,F9465
F15649,F15489
F17541,F17537
F16955,F16820
F8723,F8706
F8508,F8113
F11436,F11387
F8177,F8136
F14889,F14858
F3786,F3529
F15385,F15265
F6765,F6523
F17890,F17706
F14293,F14080
F3148,F2821
F8125,F8057
F3872,F3721
F15995,F15753
F7633,F7361
F11450,F11431
F9416,F9234
F14599,F14424
F4806,F4636
F4297,F4273
F9499,F9200
F7861,F7507
F15722,F15554
F5074,F4869
F7539,F7475
F10117,F10050
F16632,F16277
F12957,F12722
F10731,F10631
F14384,F14372
F9392,F9105
F9557,F9463
F16580,F16401
F11472,F11234
F14763,F14749
F6570,F6433
F3721,F3607
F11642,F11425
F9487,F9263
F17017,F16990
F12661,F12539
F9059,F8823
F9839,F9541
F6863,F6790
F10158,F10058
F10387,F10164
F8169,F7995
F16287,F16109
F3024,F2936
F3134,F3094
F12317,F12122
F15693,F15679
F14735,F14543
F13062,F13010
F8485,F8381
F17262,F16984
F15719,F15629
F7637,F7516
F13541,F13283
F3885,F3676
F14564,F14365
F8954,F8869
F10714,F10658
F6333,F6136
F16826,F16483
F2915,F2794
F10607,F10567
F16140,F15774
F6369,F6034
F14983,F14897
F9308,F8986
F15598,F15464
F16185,F16148
F3082,F2917
F5732,F5366
F4755,F4371
F5834,F5739
F7548,F7349
F13507,F13136
F12571,F12527
F13995,F13976
F14090,F13981
F14118,F13727
F4095,F3859
F8619,F8517
F15886,F15846
F8736,F8713
F10361,F10307
F9222,F8996
F10768,F10551
F6909,F6661
F14090,F13985
F2940,F2888
F13749,F13628
F8748,F8696
F3350,F3043
F3260,F2932
F6142,F6141
F14116,F13726
F7740,F7482
F5186,F4795
F4529,F4325
F10322,F10100
F3829,F3803
F9018,F8775
F7450,F7274
F15176,F14819
F5097,F4905
F3228,F3031
F10541,F10223
F4865,F4639
F15504,F15219
F12610,F12526
F9258,F9230
F5477,F5181
F16765,F16582
F12317,F12008
F13713,F13688
F11808,F11437
F15356,F15020
F17391,F17034
F5461,F5252
F9144,F8895
F13632,F13258
F13526,F13324
F10408,F10389
F10805,F10481
F8631,F8369
F13486,F13425
F15445,F15214
F17671,F17541
F10465,F10158
F12648,F12499
F2934,F2819
F5701,F5412
F9385,F9192
F13441,F13329
F5814,F5688
F9108,F8740
F11126,F10762
F15557,F15293
F13274,F13012
F10291,F10214
F17716,F17532
F7432,F7304
F14790,F14684
F3188,F2957
F13943,F13577
F14840,F14719
F17997,F17703
F13188,F13002
F6635,F6525
F4076,F3792
F15814,F15461
F9833,F9649
F5398,F5275
F9518,F9514
F2859,F2485
F6744,F6455
F17098,F16745
F14933,F14680
F4938,F4919
F7664,F7557
F3149,F3023
F13699,F13366
F5123,F5113
F4326,F4310
F11815,F11706
F13868,F13626
F14598,F14580
F17127,F17013
F10026,F9967
F16599,F16395
F6901,F6623
F10355,F10220
F13811,F13679
F7168,F6924
F5756,F5504
F9335,F9055
F16531,F16473
F13087,F12732
F5533,F5270
F11403,F11106
F5246,F4850
F14178,F14165
F17530,F17381
F15238,F15202
F9417,F9326
F14145,F13838
F16686,F16286
F17985,F17663
F5348,F5296
F17379,F17204
F3289,F2896
F11075,F11039
F8784,F8530
F17077,F16840
F16235,F15915
F14022,F13676
F17531,F17251
F12203,F12141
F8845,F8637
F11586,F11251
F15553,F15499
F12458,F12239
F6937,F6640
F6152,F6138
F14259,F13861
F17799,F17493
F9133,F9117
F15108,F14848
F6479,F6136
F12342,F12199
F8993,F8910
F11688,F11524
F6715,F6445
F7516,F7156
F15723,F15573
F9814,F9464
F4679,F4434
F10822,F10761
F4717,F4405
F4920,F4555
F7277,F7146
F14992,F14692
F5937,F5615
F17356,F17082
F4032,F3865
F16323,F16267
F9135,F8926
F13887,F13689
F7506,F7212
F9899,F9796
F9020,F8699
F11095,F10705
F8432,F8080
F3490,F3280
F9684,F9354
F13590,F13280
F14159,F13863
F10739,F10381
F9176,F9110
F16106,F15810
F12480,F12163
F4048,F4036
F5224,F5020
F7172,F6840
F4639,F4575
F9993,F9597
F5968,F5747
F12832,F12819
F15068,F14709
F6987,F6867
F8998,F8607
F3572,F3227
F17864,F17819
F5356,F5280
F10093,F10029
F11469,F11088
F16039,F15680
F10594,F10275
F17094,F16929
F13718,F13453
F13617,F13544
F3219,F3159
F6966,F6853
F8819,F8611
F11896,F11766
F5177,F4934
F13413,F13182
F4738,F4585
F14494,F14229
F11992,F11803
F7282,F7163
F13548,F13259
F15811,F15589
F15091,F14956
F11355,F11227
F17580,F17192
F4075,F4057
F4276,F3878
F8536,F8160
F16421,F16384
F7440,F7068
F13157,F13080
F5296,F4984
F14837,F14439
F15720,F15637
F15024,F14698
F12744,F12475
F10377,F10304
F6561,F6376
F6453,F6193
F14385,F14032
F3065,F2816
F8227,F8111
F17860,F17795
F14871,F14857
F13192,F13078
F16902,F16521
F15641,F15412
F8514,F8227
F16450,F16133
F8909,F8764
F10765,F10634
F14428,F14332
F5198,F4941
F16624,F16331
F6930,F6599
F10298,F10057
F10795,F10778
F3122,F3029
F10674,F10294
F11835,F11539
F12071,F11950
F8519,F8503
F6219,F5978
F5458,F5407
F11234,F10926
F10045,F9937
F6237,F5951
F7953,F7817
F17615,F17394
F8913,F8812
F12069,F11969
F10309,F10169
F6707,F6440
F8477,F8247
F12929,F12653
F4264,F4061
F17843,F17732
F2749,F2612
F7045,F6915
F3206,F3127
F11118,F11041
F7290,F6891
F8986,F8731
F11622,F11302
F16991,F16843
F3075,F2876
F17830,F17746
F11654,F11512
F9677,F9551
F13049,F12658
F4584,F4199
F10073,F10003
F5059,F5032
F16229,F15971
F17769,F17644
F15832,F15465
F8942,F8616
F17945,F17909
F9405,F9063
F15482,F15338
F5379,F5210
F7299,F6947
F17607,F17578
F12891,F12537
F12761,F12689
F13927,F13640
F10941,F10600
F5085,F5026
F15567,F15181
F15033,F14661
F7115,F6855
F14016,F13750
F14279,F14021
F10900,F10507
F9384,F8995
F10094,F9697
F15659,F15569
F16215,F15984
F13583,F13246
F11840,F11494
F15133,F14929
F13392,F13379
F16821,F16426
F16203,F15989
F9317,F8980
F17628,F17241
F16962,F16876
F3186,F2787
F9140,F8921
F16529,F16359
F11689,F11473
F7293,F7144
F17283,F16892
F2888,F2642
F9810,F9476
F5109,F4875
F2990,F2893
F4087,F4004
F4325,F4237
F3657,F3553
F17385,F17031
F12104,F11810
F8340,F8261
F14644,F14490
F4775,F4472
F17058,F16985
F5361,F5056
F9671,F9670
F10778,F10494
F15648,F15295
F16891,F16753
F12743,F12535
F8894,F8655
F8940,F8604
F9677,F9447
F13373,F13063
F14582,F14232
F11736,F11647
F3119,F2993
F10462,F10231
F17823,F17792
F3947,F3750
F12645,F12595
F12770,F12643
F9274,F9166
F12181,F12156
F5878,F5737
F10069,F9912
F11067,F11022
F12354,F12165
F12918,F12631
F13714,F13575
F15335,F15236
F8153,F7851
F16885,F16500
F5997,F5681
F7999,F7853
F7083,F6873
F9137,F8813
F8562,F8181
F15622,F15436
F11386,F11026
F5291,F4955
F11056,F10805
F10901,F10704
F7363,F7172
F12785,F12414
F7843,F7644
F6022,F5638
F3566,F3271
F10855,F10724
F13203,F13136
F15049,F14932
F11056,F10982
F6482,F6119
F16800,F16453
F9963,F9951
F14917,F14697
F6984,F6869
F5260,F5223
F5760,F5635
F10321,F10078
F14483,F14335
F13115,F12793
F3408,F3064
F6686,F6369
F4290,F4196
F4507,F4286
F4823,F4719
F10835,F10677
F7647,F7345
F16036,F15884
F15442,F15230
F7187,F7053
F10660,F10295
F6277,F5907
F13665,F13611
F2705,F2336
F10649,F10382
F6793,F6447
F3910,F3862
F8371,F8075
F13156,F12897
F14280,F14073
F2882,F2818
F6948,F6875
F3823,F3494
F12056,F11701
F17980,F17602
F16303,F16288
F16911,F16738
F5795,F5623
F9484,F9251
F15676,F15330
F15942,F15793
F13646,F13517
F14612,F14334
F13031,F12949
F16462,F16312
F17233,F16884
F17293,F17112
F7947,F7586
F16657,F16639
F7629,F7466
F14192,F14077
F15633,F15498
F14043,F13757
F9101,F8784
F7439,F7102
F14806,F14569
F9484,F9113
F3313,F3218
F14637,F14601
F6284,F6000
F10526,F10478
F17483,F17358
F7954,F7632
F15281,F15056
F4126,F3823
F10254,F10079
F14487,F14400
F3779,F3539
F14338,F14151
F11108,F10987
F16074,F15781
F9326,F9136
F10254,F9854
F11346,F11315
F12009,F11660
F9635,F9569
F9184,F9150
F11904,F11786
F7986,F7976
F14640,F14446
F8098,F7947
F15519,F15243
F14921,F14606
F3163,F3018
F4963,F4698
F17184,F17011
F8056,F7962
F5822,F5807
F8210,F8067
F17709,F17641
F3220,F2864
F11386,F11271
F11488,F11228
F12915,F12525
F17101,F16803
F13635,F13543
F14352,F14006
F15697,F15559
F16769,F16740
F11544,F11541
F4555,F4420
F15675,F15613
F3656,F3278
F7813,F7440
F16062,F15996
F14298,F14051
F5731,F5722
F7367,F7175
F6084,F5898
F16141,F15926
F13276,F13269
F4429,F4215
F3499,F3289
F12826,F12701
F9243,F9104
F13974,F13957
F7284,F7074
F16155,F15766
F17427,F17120
F17474,F17440
F6635,F6319
F7579,F7507
F12598,F12354
F15023,F14893
F15755,F15668
F16572,F16484
F16588,F16191
F12070,F11992
F17763,F17465
F7946,F7662
F12858,F12535
F11087,F10874
F17422,F17140
F13040,F12834
F16452,F16429
F12190,F12040
F10002,F9699
F7665,F7657
F7019,F6840
F14470,F14238
F4662,F4633
F12179,F11896
F4650,F4636
F15299,F15285
F3150,F2772
F11955,F11611
F14494,F14277
F3141,F2869
F9271,F9043
F17708,F17566
F3764,F3389
F11862,F11676
F8781,F8759
F10170,F9978
F14006,F13890
F12408,F12046
F16208,F16104
F4593,F4586
F12940,F12668
F6143,F5794
F14989,F14660
F11653,F11329
F16275,F16247
F7640,F7268
F9142,F8760
F16655,F16416
F12903,F12562
F9229,F9181
F15591,F15256
F16834,F16737
F3817,F3433
F5966,F5790
F17499,F17106
F16482,F16097
F6206,F6097
F8224,F7939
F6511,F6180
F2786,F2470
F16380,F16165
F16044,F15831
F8151,F8129
F11620,F11432
F5562,F5361
F12013,F11669
F8323,F8075
F3095,F2997
F9864,F9638
F16225,F16152
F13105,F12898
F6731,F6544
F11914,F11644
F13617,F13591
F9459,F9090
F11521,F11357
F8842,F8658
F11184,F11140
F16456,F16278
F11019,F10786
F17592,F17464
F12213,F11859
F6540,F6474
F9768,F9401
F11155,F10857
F4739,F4711
F5368,F5352
F11603,F11460
F15753,F15578
F12456,F12381
F12257,F12090
F6822,F6597
F14147,F13769
F12037,F11758
F4569,F4544
F3957,F3783
F14476,F14237
F4544,F4163
F6150,F5877
F15181,F14884
F12108,F11792
F3386,F3131
F16739,F16561
F12804,F12750
F17769,F17718
F14497,F14124
F13884,F13778
F9780,F9678
F5638,F5342
F12468,F12139
F10795,F10649
F17637,F17619
F9231,F9128
F16335,F16116
F4608,F4307
F6584,F6388
F14623,F14482
F12722,F12382
F6849,F6641
F14190,F14182
F14539,F14174
F10841,F10827
F3084,F3083
F6640,F6553
F7972,F7871
F14733,F14347
F9115,F8982
F7462,F7408
F16792,F16682
F5543,F5469
F6940,F6813
F7019,F6805
F14725,F14673
F12764,F12535
F13109,F13087
F16069,F15911
F15201,F14979
F17615,F17390
F6985,F6649
F13460,F13260
F6316,F6038
F13114,F12989
F5121,F5026
F16593,F16359
F17870,F17859
F9553,F9352
F9510,F9354
F8424,F8078
F12883,F12759
F3220,F2962
F3269,F3085
F8687,F8585
F7661,F7607
F14288,F13926
F15497,F15237
F12515,F12327
F2766,F2433
F17091,F17055
F11652,F11298
F10198,F9918
F9740,F9442
F11414,F11138
F12934,F12892
F12054,F11906
F13439,F13153
F17259,F16866
F15384,F15131
F16071,F16001
F5664,F5423
F8661,F8549
F12974,F12676
F4756,F4393
F6867,F6766
F16493,F16215
F4273,F4242
F12016,F11814
F5774,F5433
F5303,F5156
F12329,F12122
F12087,F11708
F4485,F4353
F4110,F4048
F14012,F13811
F9489,F9325
F8755,F8573
F9006,F8727
F12964,F12856
F14040,F13894
F16642,F16297
F8434,F8053
F9101,F8721
F4352,F4222
F4693,F4376
F15681,F15588
F17297,F17063
F12971,F12614
F7207,F6880
F11613,F11387
F15273,F15175
F8506,F8131
F15130,F14918
F12638,F12420
F16631,F16466
F12164,F12095
F14227,F14050
F16642,F16497
F16762,F16473
F7124,F6851
F16491,F16447
F15599,F15558
F17349,F17283
F5496,F5349
F11889,F11816
F7004,F6943
F3990,F3899
F15782,F15393
F9179,F9026
F3959,F3888
F10044,F9770
F9086,F8757
F10604,F10499
F9713,F9540
F17702,F17368
F5391,F5136
F16315,F15958
F13636,F13289
F14648,F14446
F13444,F13373
F3338,F2963
F7814,F7577
F3953,F3824
F13205,F13197
F10195,F10188
F11900,F11723
F3375,F3370
F5807,F5540
F10108,F9878
F11299,F11206
F9395,F9288
F10429,F10384
F7655,F7622
F14065,F14045
F5083,F4785
F15547,F15182
F17388,F17271
F16490,F16297
F9145,F8852
F8642,F8422
F9421,F9054
F2806,F2522
F13120,F12809
F16720,F16476
F5738,F5672
F13626,F13459
F17162,F16966
F3204,F2864
F4370,F4032
F7085,F6926
F11061,F10922
F10468,F10424
F16805,F16782
F6732,F6688
F17424,F17052
F9203,F8821
F8836,F8543
F11919,F11770
F6941,F6813
F14445,F14158
F17201,F16883
F8165,F7941
F9274,F9103
F3689,F3372
F11358,F11252
F9124,F8997
F6934,F6870
F10761,F10505
F13473,F13470
F6446,F6400
F9898,F9575
F14847,F14538
F10241,F9993
F3880,F3656
F15570,F15300
F5360,F5176
F2967,F2684
F17272,F17197
F15941,F15815
F2798,F2536
F3225,F2848
F16220,F16086
F4081,F3777
F17980,F17718
F3187,F2873
F12162,F12006
F7541,F7320
F13877,F13690
F13411,F13310
F12788,F12498
F13902,F13648
F16972,F16667
F12974,F12689
F15278,F15154
F5735,F5370
F8372,F8276
F15322,F15185
F6243,F6180
F6854,F6493
F10626,F10230
F11738,F11611
F9571,F9217
F12911,F12863
F15576,F15575
F15076,F14727
F17808,F17457
F15624,F15495
F13600,F13521
F4134,F3831
F15505,F15461
F4435,F4308
F6139,F5938
F15574,F15347
F9622,F9377
F12385,F12312
F6855,F6621
F3162,F2889
F5230,F5174
F6755,F6355
F12470,F12255
F10200,F9841
F9379,F9207
F17447,F17255
F17364,F17204
F13279,F13142
F6956,F6782
F15248,F15013
F4066,F3939
F7776,F7619
F14217,F14159
F12631,F12602
F16828,F16540
F7678,F7287
F17238,F17128
F17790,F17619
F17850,F17635
F10720,F10699
F15999,F15631
F11090,F11013
F8182,F7821
F16799,F16798
F14522,F14433
F13367,F13201
F11541,F11154
F11085,F11048
F13003,F12979
F7348,F7241
F16676,F16661
F6105,F5967
F5898,F5872
F8613,F8259
F16821,F16511
F13729,F13562
F16037,F15735
F12997,F12686
F7520,F7147
F13041,F12857
F13269,F13197
F11668,F11565
F17543,F17457
F5376,F5310
F9365,F9349
F12396,F12301
F9813,F9771
F7579,F7243
F12993,F12695
F5504,F5356
F3990,F3660
F13133,F13077
F6830,F6489
F12579,F12274
F4697,F4615
F7070,F7048
F10450,F10272
F12155,F12124
F13613,F13503
F3384,F3166
F13976,F13689
F16949,F16588
F5924,F5911
F5559,F5415
F15522,F15359
F15641,F15609
F3633,F3333
F5658,F5553
F16387,F16056
F17761,F17719
F11146,F10907
F8215,F8069
F5774,F5748
F5075,F4982
F9940,F9846
F6918,F6715
F4560,F4254
F15195,F14902
F3190,F3106
F8718,F8582
F16948,F16838
F5954,F5896
F12300,F11988
F15608,F15543
F8236,F8216
F16100,F15947
F8700,F8406
F6096,F5847
F17131,F16943
F12975,F12644
F8053,F7917
F15292,F15141
F8973,F8721
F9497,F9378
F14827,F14439
F9777,F9534
F11194,F10984
F5579,F5353
F12916,F12708
F4769,F4595
F15068,F15039
F8920,F8532
F10617,F10313
F12695,F12304
F16327,F16035
F8941,F8809
F12414,F12160
F6118,F5810
F15744,F15454
F6967,F6734
F4852,F4524
F16565,F16351
F15842,F15600
F10289,F10032
F13876,F13706
F6718,F6578
F6042,F5838
F4669,F4465
F4855,F4533
F13064,F12723
F15150,F15081
F12829,F12816
F4065,F3886
F12834,F12816
F8455,F8309
F8198,F7931
F15171,F14920
F17143,F16935
F9253,F8994
F7471,F7173
F10975,F10716
F12948,F12719
F13081,F12819
F5477,F5452
F15215,F15025
F8772,F8409
F9115,F8944
F13607,F13556
F3597,F3509
F11598,F11392
F12733,F12516
F7560,F7438
F12756,F12468
F6756,F6583
F11993,F11736
F3070,F2763
F12910,F12675
F15487,F15266
F17029,F16644
F15601,F15296
F17640,F17523
F15356,F15348
F13901,F13641
F14911,F14897
F14542,F14203
F14623,F14375
F8270,F8007
F12542,F12260
F7734,F7440
F17475,F17449
F10750,F10729
F4931,F4589
F8783,F8745
F4464,F4083
F9738,F9377
F6773,F6588
F7086,F6867
F14156,F13998
F10381,F10163
F11959,F11614
F10194,F10159
F8805,F8507
F7127,F6757
F10456,F10214
F6070,F5795
F4094,F4055
F16055,F15806
F3929,F3540
F12478,F12126
F11199,F11152
F14793,F14726
F3092,F2777
F7351,F7030
F8141,F7963
F7360,F7309
F9954,F9723
F13133,F13073
F11220,F11107
F7780,F7488
F12287,F12027
F10544,F10233
F14995,F14848
F6964,F6794
F6349,F6346
F11768,F11493
F13920,F13749
F17788,F17627
F13985,F13702
F8100,F7868
F4512,F4271
F13691,F13578
F3702,F3569
F6292,F6028
F11803,F11764
F2963,F2641
F9687,F9532
F7521,F7520
F8866,F8833
F13881,F13684
F11987,F11677
F2877,F2817
F13490,F13399
F10423,F10045
F15958,F15579
F14009,F13707
F10545,F10459
F15351,F14982
F16453,F16297
F11624,F11255
F17657,F17287
F3886,F3811
F15709,F15367
F5366,F5005
F16336,F16185
F11173,F11004
F16735,F16393
F7697,F7344
F13810,F13454
F9543,F9434
F14173,F13885
F14702,F14438
F6689,F6480
F3794,F3484
F16563,F16244
F6504,F6330
F11741,F11645
F17491,F17180
F3709,F3498
F4647,F4638
F14523,F14214
F14492,F14258
F10020,F9670
F12690,F12319
F17993,F17742
F17804,F17603
F7575,F7311
F8683,F8500
F11371,F11027
F6657,F6383
F9888,F9780
F8869,F8703
F14784,F14695
F17099,F16922
F5179,F4821
F7054,F6878
F10103,F9847
F7976,F7712
F2816,F2807
F11439,F11347
F17196,F16806
F17213,F17029
F4392,F4055
F16259,F16092
F7369,F7032
F16807,F16696
F4421,F4150
F6198,F6149
F13288,F12990
F3233,F2929
F9857,F9631
F14788,F14609
F14391,F14192
F16505,F16496
F14563,F14455
F4616,F4442
F15235,F14886
F17978,F17629
F9334,F9315
F10579,F10488
F16958,F16710
F16437,F16422
F15620,F15444
F14512,F14440
F11352,F10992
F11713,F11456
F16158,F15770
F5073,F4934
F15788,F15754
F5944,F5607
F11674,F11312
F9920,F9590
F11997,F11806
F4099,F4051
F17463,F17385
F13280,F13267
F16011,F15864
F15724,F15414
F14689,F14540
F10207,F9888
F17407,F17344
F3130,F2836
F12147,F11950
F12579,F12519
F5804,F5541
F12474,F12390
F16322,F16236
F17913,F17650
F5199,F4856
F11824,F11726
F7243,F7116
F15310,F15243
F15195,F14915
F7382,F7351
F14327,F14058
F16607,F16514
F16718,F16466
F5217,F4970
F2877,F2718
F5765,F5410
F16047,F15905
F3276,F2993
F5282,F5003
F8812,F8487
F4442,F4315
F14042,F13766
F17599,F17293
F15387,F15352
F12779,F12618
F13878,F13739
F15022,F14627
F11355,F11328
F6713,F6676
F17547,F17295
F14987,F14897
F17940,F17578
F17122,F16746
F9972,F9753
F9039,F8926
F9061,F8752
F9469,F9426
F8478,F8100
F4271,F3933
F14287,F14117
F5306,F5267
F15665,F15458
F6745,F6711
F7793,F7738
F7833,F7619
F12087,F11880
F5715,F5615
F8343,F8329
F5363,F5343
F7434,F7421
F17423,F17166
F4715,F4488
F5161,F4978
F4259,F3933
F14879,F14799
F14578,F14352
F8212,F8095
F9064,F8868
F16430,F16181
F2983,F2637
F5987,F5717
F4077,F3977
F10783,F10583
F11326,F11293
F11771,F11541
F5824,F5773
F6108,F5997
F6562,F6222
F17440,F17242
F14764,F14734
F3325,F3283
F11865,F11632
F14974,F14589
F6931,F6813
F11823,F11749
F16057,F15979
F11106,F10817
F5335,F5127
F13299,F13274
F6601,F6503
F15234,F15140
F9009,F8674
F17601,F17494
F13705,F13535
F3469,F3162
F14113,F13763
F8879,F8709
F10761,F10526
F12946,F12733
F3395,F3041
F7846,F7589
F8605,F8367
F4898,F4785
F13261,F13116
F11499,F11382
F2948,F2584
F11302,F11299
F16158,F16056
F6534,F6233
F7907,F7898
F16980,F16969
F15011,F14971
F16456,F16093
F17031,F16828
F11979,F11647
F9272,F9087
F11342,F11223
F15749,F15677
F8669,F8410
F11907,F11898
F9305,F9101
F6201,F5819
F8644,F8643
F3090,F3079
F15612,F15543
F7431,F7368
F9630,F9423
F10194,F9955
F11097,F10827
F11455,F11152
F7238,F7074
F5223,F4827
F13058,F12831
F9932,F9805
F14425,F14053
F10804,F10718
F10581,F10367
F4411,F4206
F13494,F13103
F13914,F13523
F15609,F15288
F2865,F2846
F9087,F8700
F17691,F17294
F16871,F16842
F10100,F9967
F6425,F6242
F6593,F6412
F8854,F8787
F11407,F11359
F11248,F10849
F6520,F6383
F3228,F2954
F12974,F12893
F12310,F12283
F7205,F7121
F11367,F11039
F13333,F12967
F10599,F10320
F7421,F7339
F3567,F3473
F8528,F8292
F4110,F3892
F5456,F5361
F2978,F2871
F13693,F13295
F4847,F4684
F15132,F14827
F4908,F4775
F16828,F16689
F12989,F12846
F9355,F9084
F3009,F2907
F11189,F11021
F3736,F3558
F10923,F10709
F16439,F16189
F6372,F6175
F10092,F10038
F4349,F4173
F4002,F3705
F6257,F5934
F6211,F5881
F5863,F5834
F9566,F9231
F8033,F7633
F5597,F5472
F12641,F12255
F17161,F16836
F16884,F16773
F4949,F4737
F8045,F7784
F11333,F10964
F11371,F11171
F7072,F7033
F9502,F9350
F3972,F3869
F5562,F5217
F8937,F8752
F10296,F10167
F12868,F12716
F14928,F14789
F4333,F3936
F13628,F13412
F13502,F13208
F3125,F2861
F14183,F14004
F14910,F14570
F14788,F14652
F10487,F10240
F16813,F16562
F11115,F10990
F13723,F13404
F17521,F17140
F13210,F12975
F5218,F4853
F5902,F5531
F17735,F17710
F2821,F2791
F11567,F11362
F13684,F13462
F10433,F10312
F14478,F14206
F7730,F7663
F5657,F5604
F4021,F3725
F5934,F5817
F9738,F9382
F14477,F14143
F6583,F6540
F9902,F9833
F3551,F3314
F13400,F13145
F6978,F6855
F17845,F17496
F6533,F6422
F8115,F7906
F13915,F13879
F12922,F12707
F11135,F10923
F3094,F2915
F10329,F10297
F6946,F6664
F7927,F7869
F7251,F6926
F13217,F13009
F12922,F12677
F13908,F13593
F9938,F9795
F3999,F3716
F3082,F2779
F10880,F10517
F6487,F6402
F10404,F10186
F10438,F10306
F13700,F13454
F4185,F3795
F8014,F7896
F6361,F6227
F6374,F6085
F16899,F16729
F14990,F14867
F8681,F8388
F7171,F7056
F14169,F14130
F7093,F7001
F6993,F6818
F7224,F6966
F4868,F4680
F10880,F10715
F12532,F12485
F15898,F15639
F12022,F11688
F7252,F7154
F6745,F6486
F13108,F12933
F13815,F13641
F4907,F4678
F16236,F16117
F15678,F15476
F16962,F16717
F14462,F14338
F12450,F12356
F10575,F10207
F12538,F12396
F13544,F13518
F16491,F16224
F16956,F16764
F3828,F3599
F13584,F13412
F6947,F6713
F14666,F14655
F10403,F10202
F10358,F10194
F3011,F2976
F13607,F13277
F15383,F15373
F10908,F10651
F15202,F15117
F3197,F2871
F11843,F11754
F7259,F7244
F17745,F17525
F2739,F2623
F6350,F6048
F15462,F15300
F8953,F8811
F9162,F8800
F5767,F5694
F3366,F3254
F6478,F6216
F8113,F7867
F11512,F11375
F14034,F13653
F5897,F5549
F12999,F12967
F17087,F16796
F17662,F17538
F12084,F11712
F5690,F5444
F11187,F10826
F13914,F13717
F14954,F14736
F17998,F17920
F12451,F12270
F7422,F7137
F15629,F15444
F12961,F12778
F14180,F13904
F4188,F4119
F9209,F8888
F11629,F11395
F8887,F8843
F5830,F5785
F16525,F16371
F5489,F5122
F3002,F2923
F4137,F3889
F3386,F3341
F3286,F3181
F14574,F14425
F17080,F16824
F12218,F11824
F15020,F14969
F3537,F3147
F8148,F8076
F13495,F13321
F16953,F16695
F6101,F5701
F8723,F8602
F2846,F2670
F5486,F5188
F15723,F15687
F4928,F4806
F6752,F6532
F8647,F8406
F10688,F10586
F11207,F11162
F11036,F10865
F3171,F2889
F5532,F5267
F15926,F15855
F5212,F5105
F14789,F14717
F14911,F14746
F17572,F17540
F9060,F8900
F11763,F11366
F13517,F13156
F6734,F6723
F15459,F15274
F17993,F17960
F10161,F9870
F16717,F16659
F5704,F5463
F11278,F11133
F6306,F6203
F9366,F9034
F16653,F16373
F13867,F13564
F17023,F16829
F8732,F8433
F6011,F5663
F12066,F11711
F3540,F3230
F6594,F6204
F7608,F7232
F8564,F8476
F14843,F14805
F4040,F3751
F8759,F8607
F11280,F10960
F15655,F15290
F14587,F14577
F7488,F7285
F11417,F11326
F8319,F7962
F7200,F7194
F13187,F12861
F12198,F12122
F12660,F12503
F9860,F9679
F13658,F13380
F4834,F4809
F3541,F3362
F4751,F4589
F7800,F7687
F5193,F4835
F8668,F8580
F6958,F6596
F13418,F13277
F16485,F16212
F10600,F10397
F13126,F12992
F13434,F13192
F17384,F17169
F3794,F3572
F6264,F6058
F17590,F17314
F4022,F3964
F15821,F15672
F5074,F4827
F5087,F4822
F3139,F2986
F13978,F13779
F13424,F13066
F7608,F7491
F10364,F10129
F8500,F8438
F14973,F14688
F11112,F11055
F12182,F12069
F8425,F8410
F16482,F16148
F2795,F2750
F12705,F12317
F6722,F6407
F7704,F7539
F11894,F11663
F9153,F9096
F7821,F7668
F12849,F12560
F10337,F9985
F16088,F16087
F7593,F7208
F9841,F9480
F10058,F10042
F11665,F11633
F9923,F9903
F9883,F9601
F13200,F13153
F17988,F17797
F8072,F8067
F4288,F4179
F14716,F14596
F16892,F16693
F12928,F12865
F16068,F15910
F13793,F13480
F6234,F6159
F15020,F14887
F4130,F4001
F6623,F6250
F2968,F2611
F3956,F3882
F11200,F10831
F3866,F3579
F8708,F8480
F11856,F11457
F16371,F16244
F7068,F6850
F5307,F5135
F4416,F4205
F12627,F12509
F13815,F13607
F3659,F3492
F17935,F17712
F7101,F6744
F11610,F11483
F6025,F5921
F12690,F12494
F15111,F14995
F17349,F17184
F7069,F6865
F10879,F10613
F5301,F5281
F4159,F4072
F6888,F6836
F9475,F9371
F5572,F5375
F7699,F7479
F8599,F8249
F9935,F9643
F2763,F2372
F5732,F5544
F10904,F10557
F4898,F4655
F7954,F7863
F8740,F8376
F11531,F11290
F10196,F10133
F15484,F15261
F4618,F4378
F9218,F9207
F16650,F16641
F6571,F6542
F11101,F11071
F14446,F14114
F5353,F5173
F8575,F8386
F9356,F9125
F8264,F8216
F14424,F14124
F12402,F12172
F16025,F15867
F5689,F5608
F17102,F16835
F3941,F3783
F14669,F14296
F10627,F10332
F13135,F12939
F7635,F7584
F12898,F12755
F4471,F4337
F3736,F3726
F7516,F7307
F12140,F11850
F9863,F9826
F10685,F10333
F13900,F13805
F15117,F14964
F14837,F14546
F13987,F13863
F11974,F11604
F12805,F12692
F9765,F9372
F6065,F5943
F5983,F5614
F4907,F4763
F6760,F6574
F10340,F9992
F11405,F11186
F3537,F3391
F13460,F13134
F4371,F4042
F4305,F4012
F17410,F17403
F12998,F12779
F6663,F6641
F4716,F4424
F6318,F6174
F11784,F11414
F13060,F12864
F5449,F5375
F12107,F12019
F7694,F7684
F17405,F17356
F11980,F11755
F3836,F3445
F11685,F11611
F6923,F6683
F4883,F4618
F5216,F5075
F8686,F8370
F3554,F3191
F13458,F13441
F14693,F14620
F7221,F6988
F3606,F3397
F16748,F16423
F12599,F12500
F3431,F3319
F12374,F12229
F3900,F3861
F8247,F8095
F12438,F12181
F9951,F9778
F12995,F12818
F8389,F8229
F15482,F15457
F14010,F14004
F5342,F5249
F16700,F16580
F4668,F4627
F14679,F14531
F10973,F10847
F15446,F15157
F13599,F13231
F16929,F16710
F11663,F11661
F13637,F13474
F4017,F4000
F10831,F10460
F14802,F14596
F9073,F8874
F5469,F5406
F13652,F13285
F10828,F10737
F11930,F11705
F11720,F11492
F7079,F6813
F11681,F11418
F7912,F7582
F15092,F14754
F15972,F15823
F10840,F10781
F17441,F17410
F15964,F15630
F10555,F10299
F14160,F13963
F6317,F6308
F17849,F17771
F2850,F2547
F12283,F12124
F13219,F13151
F17863,F17859
F17731,F17574
F4910,F4655
F15351,F15333
F5006,F4899
F10733,F10394
F14498,F14396
F2764,F2685
F12575,F12228
F8019,F7881
F5167,F5048
F5765,F5693
F10582,F10558
F15084,F14714
F9733,F9594
F9807,F9796
F10986,F10969
F14842,F14837
F4686,F4328
F16344,F16292
F10691,F10676
F4832,F4569
F7824,F7808
F17071,F16991
F4149,F3770
F11139,F10919
F4329,F4284
F8600,F8276
F6525,F6216
F7928,F7813
F13946,F13942
F10745,F10497
F8835,F8722
F11605,F11371
F8766,F8541
F9360,F8981
F5529,F5252
F10059,F9805
F15643,F15473
F6122,F5771
F5551,F5376
F7903,F7811
F2863,F2545
F6540,F6179
F13304,F12991
F9674,F9359
F3612,F3486
F14366,F14175
F4767,F4467
F12635,F12282
F7335,F7035
F12796,F12631
F14526,F14461
F9887,F9576
F9356,F9210
F6821,F6432
F7652,F7363
F4937,F4738
F4718,F4604
F8820,F8767
F7789,F7440
F12880,F12683
F12021,F12012
F8696,F8343
F4345,F3965
F15875,F15597
F13537,F13240
F15168,F14828
F10041,F9674
F12031,F11645
F11388,F11293
F12238,F12219
F10386,F10200
F15507,F15132
F12723,F12432
F12819,F12629
F6267,F6168
F9167,F9071
F10599,F10478
F16272,F15978
F17570,F17312
F16485,F16407
F7860,F7725
F7719,F7527
F12090,F11756
F10119,F10103
F16078,F15726
F12956,F12637
F16301,F16202
F9516,F9329
F6835,F6646
F14965,F14611
F12639,F12472
F10397,F10358
F16169,F15779
F14165,F14043
F3434,F3138
F17473,F17287
F5208,F5156
F6066,F6061
F16547,F16492
F7842,F7840
F15606,F15259
F5700,F5602
F8834,F8612
F12742,F12650
F10540,F10466
F15506,F15375
F4034,F3968
F3299,F2946
F9601,F9259
F2812,F2426
F3795,F3711
F8805,F8411
F12994,F12818
F6340,F6028
F7143,F7060
F7338,F7127
F15707,F15484
F6500,F6342
F3360,F3257
F10606,F10559
F5591,F5255
F13521,F13173
F9976,F9581
F16514,F16178
F4738,F4375
F6124,F5867
F8166,F7939
F16835,F16738
F8232,F7953
F10932,F10680
F15645,F15379
F4443,F4174
F8145,F7877
F3359,F2999
F5848,F5625
F8060,F8010
F15074,F14922
F6939,F6878
F17479,F17389
F3479,F3286
F14602,F14365
F5752,F5645
F6301,F6253
F10689,F10545
F11297,F10956
F12043,F11731
F8587,F8348
F9782,F9419
F13137,F13126
F6972,F6905
F9928,F9869
F8624,F8510
F4158,F3966
F5724,F5360
F2866,F2623
F17262,F16899
F17416,F17375
F8894,F8568
F11849,F11573
F12309,F12252
F16748,F16743
F11144,F10808
F15308,F15000
F17141,F17083
F7402,F7162
F6725,F6700
F16261,F15963
F14559,F14304
F7358,F6997
F15661,F15481
F16760,F16463
F4206,F4159
F9444,F9424
F4975,F4647
F4640,F4386
F8164,F7942
F17785,F17506
F17891,F17494
F11589,F11294
F14001,F13953
F15186,F14947
F11659,F11585
F5386,F5367
F4835,F4720
F13569,F13231
F14042,F13661
F9414,F9225
F15769,F15570
F17907,F17786
F10172,F9893
F5436,F5295
F6344,F6236
F3907,F3541
F11486,F11097
F5001,F4847
F15816,F15533
F4048,F3747
F17280,F17141
F6417,F6297
F8149,F7809
F12812,F12772
F13424,F13162
F7074,F6706
F11525,F11510
F10401,F10262
F9782,F9579
F8962,F8775
F14829,F14670
F7392,F7292
F9941,F9779
F14236,F13969
F11022,F10994
F10843,F10532
F14319,F14017
F5581,F5510
F6237,F6142
F7840,F7678
F6122,F5746
F6879,F6732
F15596,F15353
F14764,F14584
F2901,F2799
F7401,F7210
F10100,F9828
F3430,F3336
F5512,F5292
F2970,F2932
F11371,F10988
F2760,F2520
F10752,F10749
F16443,F16078
F3903,F3851
F16873,F16846
F3226,F2851
F4772,F4734
F6270,F5908
F11165,F10989
F14736,F14718
F5118,F4911
F4805,F4545
F11901,F11849
F12020,F11818
F10775,F10428
F17556,F17546
F13038,F12794
F3136,F3078
F10608,F10497
F4084,F3753
F9016,F8816
F3789,F3681
F7148,F7003
F10268,F10060
F17095,F16719
F12281,F12036
F7003,F6758
F14395,F14168
F17406,F17277
F13841,F13759
F11858,F11848
F4046,F3890
F6204,F5954
F17649,F17266
F12396,F12059
F17918,F17832
F14878,F14507
F16267,F16233
F5707,F5543
F10723,F10690
F12781,F12773
F8609,F8316
F8283,F8120
F5355,F5281
F4165,F3839
F7836,F7585
F9419,F9341
F7995,F7974
F4430,F4197
F11620,F11535
F5932,F5641
F11451,F11054
F13726,F13630
F12813,F12808
F14952,F14722
F15888,F15735
F9460,F9240
F7126,F7077
F7608,F7270
F7589,F7518
F15279,F15195
F7344,F6953
F15869,F15510
F16819,F16703
F10187,F10128
F3890,F3557
F13391,F13065
F5325,F5270
F6087,F6047
F10926,F10553
F10992,F10839
F10272,F9903
F12072,F11793
F13826,F13705
F4863,F4842
F11489,F11154
F14109,F13842
F16268,F16159
F16830,F16683
F10773,F10540
F4568,F4394
F12595,F12245
F9704,F9648
F8885,F8820
F11742,F11554
F17604,F17366
F13888,F13780
F15361,F15102
F17674,F17668
F6354,F6023
F10211,F10157
F12948,F12805
F14569,F14314
F17616,F17324
F3566,F3357
F4283,F4166
F13691,F13454
F15558,F15442
F6464,F6087
F4769,F4621
F12737,F12411
F15671,F15313
F10443,F10388
F11394,F11350
F17670,F17394
F5051,F4909
F13593,F13274
F16528,F16342
F17200,F16867
F5749,F5671
F13529,F13132
F9361,F9207
F5459,F5307
F10547,F10180
F16784,F16655
F17126,F16785
F17778,F17571
F17292,F17070
F4689,F4481
F5605,F5386
F15829,F15509
F17069,F16717
F3950,F3719
F5373,F5122
F17299,F16970
F16585,F16582
F7570,F7186
F11121,F10880
F11456,F11229
F14758,F14361
F16079,F15708
F9229,F9118
F3453,F3210
F16791,F16657
F8468,F8373
F9212,F8995
F6067,F5961
F12965,F12602
F12407,F12257
F14048,F13851
F5192,F5150
F15516,F15423
F6725,F6655
F12605,F12546
F15823,F15533
F9211,F8987
F7878,F7589
F8842,F8508
F11936,F11741
F4728,F4524
F14876,F14596
F16929,F16623
F16089,F15716
F8578,F8274
F15686,F15452
F7552,F7417
F11330,F11168
F10421,F10171
F6791,F6669
F13831,F13664
F14792,F14619
F14944,F14770
F11777,F11769
F15830,F15792
F17331,F16947
F15596,F15214
F3752,F3497
F4199,F3956
F4987,F4823
F9113,F8844
F12149,F11868
F11603,F11586
F12016,F11658
F5010,F4827
F12881,F12690
F14618,F14285
F11257,F11125
F17008,F16978
F9243,F9166
F3516,F3161
F4701,F4689
F10836,F10454
F3924,F3738
F5636,F5605
F9710,F9655
F9076,F9022
F3108,F3065
F14585,F14255
F6166,F5918
F5123,F4951
F4761,F4547
F7612,F7559
F16495,F16100
F4262,F3994
F11468,F11175
F6841,F6731
F3538,F3307
F14544,F14311
F6328,F6132
F13476,F13216
F9539,F9361
F13104,F12965
F11347,F11074
F16428,F16029
F9993,F9721
F11624,F11572
F11811,F11557
F7714,F7600
F3838,F3515
F3660,F3517
F12216,F12143
F15453,F15112
F16035,F15809
F16435,F16184
F6130,F5851
F9848,F9676
F9836,F9739
F8254,F8195
F14646,F14403
F13581,F13486
F16217,F16127
F12848,F12704
F15566,F15410
F10669,F10471
F6947,F6759
F3909,F3750
F13877,F13777
F7668,F7407
F8538,F8453
F12822,F12728
F3689,F3490
F8366,F8193
F8497,F8229
F13605,F13358
F13345,F13330
F8424,F8242
F5026,F4960
F11874,F11547
F12642,F12637
F3711,F3405
F14094,F13912
F3137,F3058
F13999,F13970
F14012,F13959
F5409,F5097
F10839,F10832
F12963,F12577
F8741,F8705
F13700,F13671
F6353,F5979
F15202,F15120
F9941,F9812
F14490,F14350
F13336,F12939
F3426,F3289
F16384,F16352
F17637,F17278
F10331,F10262
F17860,F17711
F11013,F10645
F9418,F9386
F7557,F7217
F7154,F7072
F9803,F9541
F12907,F12841
F8523,F8150
F3574,F3255
F3266,F2982
F12039,F11886
F13207,F12870
F10401,F10187
F7950,F7698
F6324,F6014
F5979,F5781
F11854,F11677
F3736,F3446
F11340,F11282
F11625,F11446
F13868,F13599
F14700,F14307
F9236,F9207
F12064,F11778
F12839,F12626
F2717,F2676
F15698,F15310
F6574,F6359
F14007,F13821
F10921,F10680
F16121,F16078
F13998,F13695
F4041,F3976
F16134,F15987
F12854,F12729
F17336,F17294
F10702,F10500
F12873,F12804
F6137,F5795
F11329,F11142
F10598,F10321
F10746,F10455
F13477,F13125
F15124,F15059
F8892,F8629
F10253,F10239
F10383,F10296
F7289,F7167
F11071,F10967
F10068,F9767
F13313,F12958
F17552,F17293
F13431,F13339
F7531,F7451
F8290,F8245
F9883,F9558
F15776,F15592
F5799,F5664
F14476,F14281
F13670,F13477
F12426,F12271
F6919,F6662
F16111,F15857
F7830,F7643
F13669,F13296
F16692,F16401
F17454,F17162
F8861,F8649
F11437,F11071
F5954,F5902
F7807,F7686
F16948,F16620
F11185,F10959
F8469,F8408
F8732,F8395
F14385,F14053
F16477,F16289
F13551,F13203
F17065,F16948
F17970,F17718
F11068,F10902
F6355,F6090
F8216,F8046
F11716,F11450
F2853,F2852
F17396,F17180
F8269,F8165
F17222,F17149
F15891,F15778
F16387,F16222
F2774,F2380
F15185,F15184
F8631,F8439
F15100,F14708
F7720,F7710
F9775,F9651
F16483,F16122
F16923,F16885
F14002,F13898
F17643,F17341
F5613,F5508
F16730,F16681
F17934,F17587
F10866,F10671
F17235,F17092
F16687,F16581
F11131,F11041
F6373,F6033
F9094,F8839
F5931,F5542
F17893,F17784
F9955,F9608
F12361,F12080
F16008,F15941
F2975,F2875
F10020,F9940
F9174,F9080
F17255,F17086
F14372,F14021
F13172,F12819
F14114,F14108
F8413,F8029
F13797,F13611
F15177,F14968
F9899,F9842
F7927,F7614
F11614,F11539
F17113,F16993
F12778,F12691
F10587,F10500
F4435,F4059
F8666,F8486
F10931,F10888
F4243,F3956
F15496,F15299
F11587,F11349
F16733,F16618
F10029,F9823
F7672,F7584
F10102,F9808
F4396,F4209
F13217,F13139
F12756,F12530
F12711,F12637
F16198,F15998
F8479,F8458
F4749,F4375
F15921,F15729
F16937,F16618
F8995,F8929
F4720,F4574
F8554,F8258
F3402,F3041
F11031,F10756
F15516,F15181
F10351,F10060
F6698,F6599
F6849,F6732
F4741,F4498
F11018,F10730
F5203,F4900
F17741,F17549
F14265,F13865
F7520,F7411
F6317,F6198
F17461,F17425
F3407,F3009
F11649,F11284
F12323,F12125
F4211,F4066
F10675,F10297
F10579,F10480
F4857,F4770
F10475,F10364
F3236,F3013
F3570,F3496
F4691,F4622
F13562,F13424
F16938,F16882
F17986,F17719
F16813,F16579
F8901,F8552
F17861,F17597
F10003,F9796
F11089,F11050
F4964,F4820
F3888,F3776
F16587,F16280
F15509,F15315
F13134,F12848
F15619,F15535
F2967,F2782
F3282,F3173
F16114,F16027
F16497,F16185
F15416,F15393
F17804,F17584
F11680,F11368
F9616,F9268
F7923,F7801
F9311,F9138
F5519,F5238
F6285,F6205
F4439,F4126
F8450,F8096
F17330,F16965
F7851,F7478
F11365,F11038
F8358,F8343
F7688,F7437
F12566,F12479
F4228,F3912
F16203,F16013
F17333,F17288
F8095,F7777
F13870,F13742
F3968,F3835
F4084,F3808
F15726,F15606
F10358,F10102
F9265,F8965
F3258,F2984
F6225,F6073
F7783,F7690
F12206,F11979
F7098,F6847
F14770,F14502
F16000,F15943
F14065,F14017
F6801,F6421
F15817,F15651
F12245,F12033
F4480,F4259
F9013,F8962
F12757,F12511
F5011,F4678
F17340,F17191
F11402,F11397
F11453,F11253
F3500,F3308
F4039,F4014
F17301,F17276
F14128,F13750
F17982,F17635
F6438,F6202
F3423,F3186
F14162,F13792
F6741,F6512
F16801,F16413
F6502,F6372
F8377,F8059
F12701,F12532
F14435,F14191
F15006,F14780
F12791,F12544
F9814,F9510
F11057,F10991
F7745,F7537
F14700,F14316
F16378,F16313
F17277,F17153
F10694,F10413
F13657,F13429
F7983,F7593
F15490,F15119
F16442,F16420
F13705,F13675
F6087,F5742
F15362,F14993
F9723,F9663
F9452,F9272
F12887,F12850
F6383,F6247
F11607,F11311
F5880,F5572
F16379,F16234
F11481,F11083
F13378,F13061
F6670,F6424
F9234,F9169
F5815,F5711
F11116,F10782
F17594,F17270
F4024,F3802
F8093,F7916
F8960,F8844
F17421,F17092
F16379,F16206
F5779,F5672
F8115,F8054
F10203,F9817
F13427,F13087
F9484,F9454
F15846,F15689
F12552,F12188
F9293,F9225
F16572,F16200
F12953,F12943
F4761,F4687
F6290,F6243
F10716,F10585
F7120,F6891
F4450,F4444
F4970,F4917
F9546,F9175
F12054,F12015
F15352,F15006
F10809,F10770
F3524,F3272
F17567,F17492
F13835,F13828
F9702,F9675
F16069,F15958
F10079,F9930
F14329,F14327
F5296,F5257
F11198,F10800
F7061,F6794
F11059,F10900
F14326,F14162
F4805,F4596
F6084,F5803
F3531,F3228
F9760,F9746
F3580,F3224
F11137,F11059
F7359,F7235
F15490,F15470
F15105,F14862
F7889,F7545
F13510,F13132
F2899,F2773
F16156,F15823
F8939,F8869
F14723,F14392
F16329,F16240
F11510,F11263
F8643,F8344
F9357,F8971
F5782,F5408
F9109,F8712
F17175,F16800
F8205,F7906
F13809,F13619
F15444,F15436
F17990,F17637
F14773,F14555
F5820,F5700
F7689,F7468
F13752,F13697
F5420,F5133
F16297,F16246
F10494,F10119
F11031,F10938
F3497,F3172
F7099,F7064
F11626,F11437
F10224,F10039
F8336,F8204
F16154,F15841
F17095,F16837
F3285,F2886
F4878,F4765
F5603,F5400
F6677,F6369
F10181,F9851
F14450,F14142
F12029,F11697
F5774,F5573
F14821,F14587
F16727,F16677
F5387,F5343
F15955,F15697
F4485,F4423
F6848,F6689
F7239,F7145
F13221,F13124
F12001,F11627
F6329,F5954
F6599,F6260
F6346,F6177
F8044,F7728
F8456,F8257
F9946,F9907
F14119,F14100
F11418,F11090
F14891,F14658
F12387,F12109
F17992,F17959
F12094,F11789
F10062,F9953
F9503,F9141
F5401,F5118
F3914,F3614
F13269,F13084
F7628,F7584
F10196,F10082
F15285,F14963
F14586,F14198
F17325,F17113
F12523,F12474
F16096,F16059
F4931,F4622
F6727,F6694
F7948,F7760
F17111,F16737
F9487,F9237
F13573,F13247
F5620,F5424
F17481,F17370
F11858,F11812
F17583,F17482
F10755,F10657
F5766,F5557
F3631,F3284
F7074,F6787
F7626,F7316
F8646,F8487
F2806,F2520
F12310,F12020
F4965,F4704
F17027,F16995
F12907,F12525
F10640,F10323
F11223,F11108
F8902,F8846
F3587,F3571
F5007,F4765
F13799,F13779
F4628,F4245
F8821,F8535
F14186,F14135
F10285,F9958
F9523,F9461
F9677,F9487
F13356,F13035
F9353,F9087
F12229,F12058
F5515,F5480
F3867,F3863
F7045,F6901
F7597,F7482
F4654,F4399
F11735,F11436
F14116,F13906
F15924,F15605
F16083,F15995
F12994,F12905
F9293,F9191
F3850,F3582
F7822,F7531
F8071,F7930
F12853,F12545
F10752,F10623
F14430,F14244
F5384,F5236
F11152,F10892
F4328,F3976
F11669,F11459
F17853,F17824
F15073,F15034
F2723,F2417
F14119,F13940
F16015,F15732
F7558,F7373
F9753,F9677
F8663,F8588
F9840,F9502
F12691,F12360
F8002,F7627
F7996,F7756
F9523,F9315
F13230,F12955
F13481,F13289
F13883,F13605
F6377,F6049
F14171,F14074
F4731,F4624
F8002,F7775
F5178,F5050
F7336,F7007
F9940,F9710
F8971,F8737
F12738,F12712
F9146,F9088
F12774,F12724
F4924,F4655
F8532,F8148
F11652,F11406
F9182,F8953
F12600,F12267
F8318,F8030
F11777,F11510
F8779,F8709
F15900,F15742
F17188,F16899
F13604,F13233
F7433,F7223
F6228,F5872
F10851,F10795
F3043,F2964
F2863,F2626
F5425,F5179
F13373,F13060
F10693,F10436
F16210,F16130
F13371,F13047
F4871,F4789
F6943,F6941
F15120,F14753
F7698,F7632
F11150,F11032
F3568,F3376
F13659,F13480
F6341,F6017
F17264,F17199
F4096,F4014
F15514,F15128
F5122,F4790
F10788,F10596
F3835,F3784
F12250,F12023
F15009,F14668
F4195,F3958
F12083,F12020
F17255,F16965
F17295,F17088
F14943,F14725
F10671,F10465
F4493,F4461
F12646,F12402
F10758,F10664
F8202,F8051
F14782,F14514
F5030,F5014
F15826,F15529
F6004,F5719
F17329,F17312
F12392,F12150
F7466,F7231
F6736,F6654
F15408,F15407
F14761,F14387
F6904,F6643
F17679,F17328
F13195,F13107
F15593,F15417
F9398,F9134
F9504,F9387
F17844,F17459
F9149,F9113
F15839,F15560
F9549,F9367
F4254,F4089
F9522,F9226
F12938,F12830
F11649,F11347
F15493,F15281
F13709,F13397
F7184,F7118
F13735,F13701
F13807,F13547
F15733,F15564
F12508,F12214
F5439,F5312
F15519,F15438
F11818,F11561
F16526,F16210
F15028,F14669
F6213,F5994
F6760,F6750
F16757,F16586
F4809,F4720
F14067,F14037
F15489,F15351
F17518,F17280
F17571,F17324
F2709,F2503
F9600,F9408
F17467,F17082
F13358,F13006
F2933,F2574
F12004,F11665
F12370,F12236
F17492,F17116
F8212,F7991
F2737,F2708
F12270,F12209
F12097,F11824
F12456,F12388
F2879,F2710
F3117,F2955
F13831,F13607
F14167,F14056
F16607,F16435
F8944,F8801
F7365,F7286
F15963,F15724
F6442,F6365
F4990,F4734
F4689,F4556
F14637,F14485
F12907,F12557
F7616,F7451
F9193,F8799
F8355,F8003
F8092,F7817
F12987,F12872
F17990,F17815
F6798,F6663
F16035,F15667
F12205,F11905
F5676,F5549
F13008,F12786
F6569,F6360
F14132,F13834
F16914,F16605
F7100,F6828
F7218,F6929
F11997,F11923
F13330,F13038
F6330,F5932
F6892,F6637
F16123,F15851
F3183,F2901
F5676,F5553
F6354,F6012
F6265,F6232
F14780,F14708
F9823,F9540
F10151,F9794
F10738,F10674
F12989,F12719
F15898,F15799
F4817,F4636
F5936,F5759
F17300,F17117
F8765,F8469
F12269,F12001
F14185,F14152
F5535,F5492
F9118,F8722
F5937,F5585
F15465,F15395
F11541,F11434
F6477,F6215
F4732,F4546
F6328,F6104
F8878,F8873
F9125,F8969
F6029,F5948
F14240,F13998
F17304,F17106
F4758,F4456
F9106,F8965
F14351,F14156
F15817,F15634
F8276,F7977
F5897,F5688
F8579,F8374
F11162,F10809
F8030,F7851
F17550,F17476
F9808,F9667
F4558,F4308
F16095,F15797
F4508,F4234
F6369,F6368
F6383,F6095
F15211,F15189
F12501,F12157
F4292,F3977
F4044,F3956
F5426,F5221
F8220,F8059
F11686,F11559
F6138,F5983
F4870,F4733
F13896,F13580
F3990,F3900
F8584,F8507
F10414,F10406
F17481,F17464
F3194,F2996
F7875,F7734
F11177,F11055
F4952,F4702
F16447,F16146
F14457,F14248
F13198,F12959
F15037,F14872
F13817,F13709
F7338,F7233
F8354,F8048
F3846,F3731
F5108,F4827
F12947,F12923
F16783,F16496
F3618,F3544
F7209,F6962
F2920,F2697
F17755,F17451
F2708,F2538
F15539,F15334
F15751,F15614
F7920,F7836
F13016,F12862
F6794,F6545
F3776,F3736
F3168,F2873
F6183,F5885
F8099,F7930
F6700,F6405
F13125,F13033
F9180,F8821
F10817,F10591
F13926,F13672
F12015,F11812
F16633,F16587
F8156,F8075
F4786,F4587
F14024,F13766
F13774,F13724
F9667,F9267
F10942,F10768
F3281,F3274
F6972,F6934
F16394,F16077
F17983,F17750
F2916,F2755
F10050,F10033
F3858,F3801
F11654,F11425
F11790,F11754
F14427,F14277
F8118,F7756
F17298,F17079
F11434,F11212
F9126,F8769
F17953,F17867
F12151,F11898
F9009,F8873
F16326,F16309
F3322,F3234
F6787,F6455
F7706,F7587
F3792,F3735
F3732,F3683
F16435,F16208
F6556,F6525
F17053,F16898
F3281,F3256
F4100,F3870
F11347,F10962
F17470,F17207
F12418,F12210
F14804,F14500
F12245,F12040
F12053,F11830
F7260,F7214
F9669,F9490
F11035,F10838
F15636,F15273
F11555,F11476
F5165,F4980
F7425,F7299
F15752,F15643
F17508,F17344
F12466,F12102
F13665,F13368
F5507,F5192
F6666,F6513
F14794,F14592
F6627,F6561
F17926,F17758
F15400,F15357
F16414,F16120
F11064,F11013
F15030,F14761
F8763,F8701
F7002,F6602
F6244,F6124
F9149,F9003
F3339,F3174
F7816,F7793
F11322,F11017
F2750,F2494
F10489,F10298
F12890,F12495
F14550,F14433
F4766,F4685
F4753,F4699
F11801,F11482
F11287,F11202
F13601,F13525
F14186,F13787
F6009,F5884
F17668,F17313
F17284,F16906
F5422,F5350
F9770,F9680
F16356,F16016
F9925,F9750
F5727,F5518
F7021,F6650
F10697,F10438
F5964,F5710
F7795,F7485
F16718,F16454
F9399,F9244
F15993,F15772
F13703,F13675
F12642,F12421
F12797,F12686
F9284,F8983
F13682,F13436
F5937,F5934
F15835,F15818
F10574,F10250
F12795,F12400
F11055,F10707
F12049,F11848
F4107,F3943
F10303,F10198
F8340,F8156
F13313,F13156
F9525,F9197
F9806,F9408
F15446,F15303
F2905,F2579
F17805,F17521
F8273,F8087
F10236,F9889
F17130,F16802
F8235,F7954
F14628,F14440
F12096,F12055
F12365,F12205
F15129,F14967
F5685,F5404
F10246,F10220
F7713,F7349
F13737,F13595
F16262,F16043
F7364,F7117
F4405,F4383
F5983,F5613
F14301,F13988
F7585,F7473
F5683,F5648
F15986,F15920
F7503,F7399
F6974,F6805
F7439,F7092
F7440,F7284
F11762,F11696
F13331,F13164
F15237,F14950
F15688,F15347
F4552,F4376
F11728,F11723
F3461,F3293
F5574,F5181
F12240,F11983
F10155,F9911
F6363,F5974
F7825,F7650
F13841,F13646
F8713,F8330
F6293,F6079
F9512,F9478
F3261,F3093
F4801,F4604
F7292,F7254
F4214,F4035
F8616,F8467
F13208,F13001
F16843,F16826
F12362,F12134
F10469,F10423
F14952,F14618
F11103,F10969
F8278,F7983
F6317,F6160
F2786,F2605
F4686,F4376
F16581,F16361
F6356,F6125
F4394,F4094
F16928,F16840
F5868,F5630
F10270,F9895
F4349,F4235
F3551,F3368
F17386,F17106
F8024,F7846
F6330,F6144
F9549,F9397
F17963,F17872
F9557,F9500
F14955,F14770
F17713,F17592
F7340,F7093
F13490,F13351
F11260,F11005
F17609,F17381
F9417,F9287
F6794,F6411
F12145,F12064
F3219,F2991
F8439,F8306
F12783,F12523
F9602,F9327
F8408,F8347
F8473,F8123
F15482,F15367
F5003,F4967
F7302,F6920
F6262,F5936
F4180,F4080
F10858,F10580
F14613,F14229
F17811,F17494
F3988,F3754
F17030,F16962
F5626,F5259
F9345,F9199
F8656,F8553
F8348,F8251
F14841,F14696
F13032,F12878
F15280,F15074
F11919,F11588
F12051,F11835
F15531,F15169
F7810,F7518
F16171,F15963
F10110,F9737
F17846,F17688
F7637,F7397
F3001,F2932
F8157,F7927
F15060,F14896
F15245,F15050
F11426,F11044
F12297,F11971
F6205,F6159
F10785,F10659
F8211,F7828
F12581,F12530
F3321,F3015
F15857,F15732
F10049,F9910
F10689,F10289
F7446,F7344
F16044,F15881
F9312,F9131
F3262,F3201
F16459,F16362
F8307,F7990
F7081,F6952
F8724,F8721
F17958,F17794
F11149,F10951
F4256,F4143
F11906,F11628
F12286,F11929
F9655,F9460
F10121,F9921
F10847,F10842
F7523,F7224
F8385,F8261
F13351,F13073
F15104,F14916
F15573,F15542
F6107,F6053
F15815,F15792
F16277,F15921
F5906,F5642
F7344,F7171
F4967,F4807
F6783,F6714
F14393,F14197
F4488,F4280
F7588,F7425
F12274,F12128
F9514,F9463
F12496,F12407
F3881,F3527
F11080,F10790
F17894,F17654
F9801,F9688
F16465,F16339
F17199,F16909
F8779,F8598
F14294,F13948
F10598,F10481
F14350,F13967
F5741,F5730
F5329,F5070
F9404,F9199
F14603,F14496
F14828,F14629
F15391,F15024
F16158,F16135
F4587,F4213
F14901,F14855
F7393,F7125
F7766,F7577
F5344,F4945
F10651,F10592
F16426,F16292
F14484,F14265
F3767,F3515
F16396,F16157
F12099,F11774
F9427,F9252
F5937,F5813
F13141,F12974
F14689,F14466
F13368,F13151
F13295,F12981
F11839,F11514
F16808,F16462
F7783,F7697
F4278,F4045
F5885,F5688
F12158,F11963
F14972,F14862
F11729,F11410
F15175,F15080
F13564,F13484
F16962,F16794
F5482,F5172
F3006,F2895
F4619,F4431
F3039,F2731
F13139,F12888
F3176,F3075
F8985,F8749
F9155,F8889
F17367,F16985
F16015,F15683
F13592,F13508
F14652,F14614
F5539,F5143
F11602,F11441
F2841,F2712
F15338,F15332
F15676,F15472
F4958,F4795
F17548,F17186
F6984,F6840
F2937,F2627
F14577,F14318
F6051,F5901
F16094,F16029
F9611,F9534
F5970,F5929
F8233,F8106
F16763,F16493
F13218,F13014
F14065,F13752
F8280,F7997
F5782,F5678
F13129,F12916
F3967,F3777
F12034,F11907
F17243,F16927
F6684,F6518
F8461,F8374
F9666,F9591
F5117,F4982
F11286,F11267
F3255,F3149
F14619,F14489
F10820,F10549
F3641,F3510
F5649,F5548
F7861,F7833
F12938,F12880
F8219,F8136
F3172,F2955
F6027,F5983
F15077,F14984
F11564,F11349
F7794,F7667
F2720,F2715
F3760,F3441
F14016,F13892
F11646,F11555
F3926,F3582
F11922,F11630
F5064,F4750
F11757,F11615
F16994,F16913
F3936,F3698
F16307,F16004
F8225,F8181
F5841,F5494
F11051,F10659
F13781,F13449
F10406,F10097
F16812,F16472
F12602,F12556
F6368,F5995
F2876,F2525
F4253,F3881
F11273,F11089
F15765,F15365
F14374,F13986
F5865,F5726
F14808,F14471
F3996,F3966
F3239,F3011
F3327,F3274
F5770,F5704
F16877,F16846
F2836,F2806
F3771,F3677
F15591,F15232
F14036,F13854
F12005,F11914
F14543,F14322
F4434,F4097
F7239,F6936
F10336,F10115
F6727,F6433
F14966,F14644
F16195,F16095
F8847,F8747
F11076,F10836
F5214,F4972
F17328,F17112
F6337,F6041
F14634,F14542
F4733,F4561
F12789,F12407
F16411,F16238
F10691,F10461
F8884,F8564
F15041,F14790
F6977,F6674
F7234,F6915
F9485,F9427
F2938,F2567
F16400,F16068
F8802,F8688
F13838,F13572
F16018,F15782
F15452,F15270
F14904,F14718
F9596,F9534
F11131,F10767
F15274,F14962
F8610,F8601
F4255,F4238
F13955,F13685
F15540,F15270
F5979,F5850
F16488,F16147
F10049,F9735
F5701,F5459
F17820,F17770
F6759,F6740
F8919,F8649
F9098,F8880
F16711,F16339
F14437,F14122
F15130,F14782
F9262,F9063
F16755,F16460
F5766,F5579
F5194,F4812
F11011,F10940
F15434,F15233
F9926,F9882
F17783,F17498
F13269,F13231
F4459,F4194
F8467,F8321
F4000,F3880
F17882,F17565
F4506,F4505
F14373,F14109
F6359,F6304
F11834,F11827
F16329,F15976
F17953,F17859
F7724,F7576
F14026,F13719
F10793,F10681
F6968,F6926
F14942,F14582
F11518,F11370
F14459,F14423
F2750,F2402
F4675,F4394
F7741,F7409
F10453,F10127
F3897,F3884
F7007,F6849
F7389,F7059
F6396,F6270
F13540,F13477
F16673,F16603
F9505,F9414
F11394,F11271
F14233,F13899
F14053,F13670
F9882,F9665
F17001,F16954
F17976,F17861
F16569,F16281
F13475,F13300
F7677,F7559
F8335,F8320
F17014,F16989
F11094,F10874
F11927,F11600
F7603,F7391
F14567,F14205
F5869,F5548
F12562,F12485
F16630,F16263
F14366,F14355
F6004,F5984
F10664,F10551
F17921,F17755
F7271,F7151
F5925,F5768
F15510,F15478
F4922,F4663
F6648,F6405
F8820,F8422
F7943,F7560
F11714,F11475
F4361,F4344
F5109,F5059
F6608,F6403
F3722,F3721
F10161,F10134
F3293,F2903
F4288,F4080
F15294,F15103
F8274,F8227
F12321,F12269
F17504,F17152
F16827,F16775
F5756,F5650
F17413,F17026
F3812,F3802
F5995,F5964
F9649,F9522
F4508,F4124
F16743,F16429
F11730,F11442
F6307,F5923
F9495,F9398
F10122,F10080
F3213,F2996
F9433,F9337
F10922,F10902
F9007,F8888
F7651,F7260
F4211,F4078
F5692,F5578
F17036,F16660
F3755,F3595
F16818,F16582
F9069,F8834
F15163,F15134
F12684,F12658
F17950,F17802
F8770,F8441
F6574,F6562
F12356,F12243
F4189,F4141
F7530,F7139
F13671,F13623
F14952,F14750
F10214,F10075
F10615,F10263
F8963,F8604
F11500,F11467
F5220,F4926
F7406,F7271
F12057,F11677
F9574,F9272
F10667,F10295
F17396,F17078
F3439,F3070
F8063,F7872
F9814,F9595
F3128,F2852
F6274,F5943
F12215,F11898
F17845,F17837
F5771,F5750
F5189,F4936
F4144,F4114
F4695,F4470
F16861,F16717
F9905,F9786
F12379,F12300
F13710,F13656
F9090,F8912
F6575,F6380
F7737,F7374
F8561,F8445
F13107,F12968
F8852,F8659
F15080,F14988
F10268,F9933
F11098,F10776
F4058,F3662
F15636,F15533
F3532,F3498
F5371,F5367
F9410,F9192
F4905,F4627
F10217,F10019
F12351,F12013
F5305,F5159
F17307,F17274
F7050,F6875
F2906,F2835
F2716,F2572
F17245,F17001
F17906,F17777
F6704,F6364
F2753,F2421
F10029,F9696
F2844,F2475
F5578,F5566
F11468,F11290
F3425,F3271
F10957,F10574
F4674,F4352
F13516,F13207
F17052,F16972
F7631,F7275
F12509,F12131
F15075,F14968
F12294,F12260
F10688,F10681
F15619,F15404
F13563,F13209
F17473,F17172
F6993,F6857
F7165,F7063
F11049,F10808
F9196,F9192
F3892,F3532
F6587,F6263
F12922,F12629
F16110,F16001
F17278,F16946
F13382,F13255
F10962,F10753
F7226,F7059
F12651,F12396
F15285,F15165
F6887,F6604
F16974,F16892
F17260,F17215
F3677,F3444
F13814,F13753
F8167,F7967
F17758,F17503
F15248,F14909
F2932,F2662
F7828,F7537
F7930,F7716
F15196,F14833
F9995,F9647
F7681,F7439
F11662,F11496
F12678,F12496
F3409,F3174
F13635,F13437
F15381,F15023
F16075,F16053
F4284,F4056
F7919,F7612
F14287,F13954
F9632,F9250
F7183,F6938
F17403,F17054
F15563,F15302
F6835,F6712
F7817,F7610
F11898,F11813
F3877,F3681
F6831,F6436
F7286,F6904
F17972,F17942
F6519,F6337
F3906,F3757
F7656,F7310
F8987,F8983
F12234,F11991
F3394,F3099
F11457,F11195
F3828,F3524
F4025,F3740
F10224,F9995
F10744,F10366
F6489,F6396
F9791,F9404
F8479,F8356
F14790,F14545
F3255,F3050
F8167,F7920
F15861,F15488
F4126,F3877
F7074,F6907
F14204,F13982
F11343,F11304
F12508,F12185
F15854,F15690
F8638,F8431
F11379,F10991
F12998,F12684
F16201,F15923
F13689,F13677
F8551,F8505
F6019,F5708
F13588,F13341
F6173,F6029
F8528,F8318
F5893,F5535
F15411,F15075
F7396,F7189
F3261,F3255
F13973,F13633
F6976,F6699
F7400,F7285
F7413,F7098
F12325,F12267
F12318,F11970
F12159,F11972
F5293,F5019
F17275,F16919
F5275,F4894
F13474,F13381
F5993,F5676
F16075,F15840
F7541,F7523
F16036,F15923
F11138,F11013
F9071,F8725
F5442,F5207
F7216,F7009
F17925,F17805
F5297,F5053
F14649,F14428
F17296,F17200
F6468,F6161
F11601,F11590
F16957,F16662
F11854,F11493
F14583,F14295
F4940,F4827
F8467,F8082
F11137,F10783
F7075,F6968
F8352,F8345
F12127,F11902
F6086,F5707
F16454,F16108
F11958,F11877
F13357,F13260
F4564,F4241
F6761,F6389
F9937,F9568
F4997,F4951
F12333,F12082
F16651,F16304
F9007,F8958
F4353,F3982
F5276,F5142
F9240,F8852
F4120,F4071
F5749,F5744
F10170,F9827
F10906,F10818
F8530,F8474
F10462,F10348
F5421,F5267
F15317,F15049
F4890,F4498
F8886,F8882
F5534,F5421
F14633,F14307
F16429,F16347
F3075,F2691
F5639,F5492
F6063,F5805
F6994,F6594
F10495,F10251
F5125,F5076
F9590,F9567
F7388,F7163
F12888,F12747
F12060,F11868
F9594,F9380
F8809,F8524
F5677,F5282
F17048,F16788
F14834,F14441
F16789,F16674
F17403,F17177
F9722,F9365
F10784,F10573
F11096,F10847
F8201,F7868
F15923,F15740
F11259,F10936
F3015,F2702
F16208,F15853
F9175,F9063
F5867,F5615
F6814,F6558
F3444,F3330
F5153,F4896
F4712,F4547
F5549,F5199
F4296,F4127
F11345,F11129
F14417,F14157
F15027,F14985
F17148,F16767
F13743,F13527
F12047,F11753
F12493,F12220
F12447,F12102
F15801,F15477
F13413,F13331
F14032,F13974
F10672,F10615
F15375,F15153
F8409,F8211
F11239,F10966
F16097,F15750
F14984,F14741
F8629,F8507
F8920,F8824
F14978,F14692
F3669,F3288
F11487,F11484
F2973,F2879
F3561,F3402
F15318,F15084
F4669,F4446
F2986,F2694
F7834,F7589
F4232,F4095
F7196,F7137
F17743,F17728
F17514,F17119
F8960,F8809
F17744,F17482
F8571,F8349
F16750,F16727
F9790,F9752
F15581,F15380
F7137,F6956
F14843,F14599
F15860,F15718
F11458,F11263
F17114,F16726
F8632,F8286
F4365,F4057
F2773,F2479
F15199,F14941
F9068,F8975
F16531,F16172
F5802,F5677
F6415,F6282
F13750,F13706
F3335,F3010
F4331,F4003
F4792,F4485
F3574,F3555
F13325,F13181
F17076,F16858
F9358,F8962
F4225,F4173
F15269,F15156
F12548,F12396
F15210,F15195
F10232,F10121
F8777,F8386
F12745,F12380
F6595,F6312
F8572,F8396
F13318,F13122
F3062,F2681
F10335,F10262
F13229,F12896
F15354,F15233
F12659,F12493
F14395,F14293
F2886,F2692
F14038,F13989
F13381,F13087
F10505,F10323
F12296,F12162
F13874,F13538
F2727,F2720
F11660,F11439
F16418,F16305
F3168,F3025
F8807,F8748
F6734,F6448
F15413,F15402
F6127,F6072
F8596,F8491
F4136,F3981
F16644,F16591
F4804,F4621
F11699,F11497
F7690,F7522
F13502,F13143
F8567,F8550
F12332,F12150
F9061,F8885
F14556,F14471
F11982,F11659
F17484,F17356
F5551,F5443
F7167,F7082
F14967,F14925
F17863,F17734
F4614,F4540
F5729,F5358
F4203,F3909
F5879,F5867
F12020,F11814
F15282,F15044
F9422,F9351
F8459,F8277
F17162,F17073
F9499,F9140
F5431,F5085
F17085,F16871
F5414,F5294
F4106,F3889
F4629,F4482
F8088,F7807
F16494,F16198
F3375,F3131
F9390,F9067
F3735,F3644
F14676,F14592
F6942,F6542
F8589,F8493
F12697,F12636
F3085,F2936
F15590,F15449
F17777,F17590
F15394,F15302
F8013,F7865
F16952,F16568
F5693,F5657
F8790,F8697
F4786,F4506
F7049,F6713
F5684,F5466
F9692,F9563
F10230,F9910
F17093,F16840
F7436,F7145
F8086,F7852
F10952,F10590
F7627,F7462
F8026,F7677
F4259,F3927
F3230,F3181
F10196,F10052
F3838,F3639
F4110,F3792
F4539,F4337
F3219,F3009
F10305,F10223
F17932,F17834
F7352,F7276
F13506,F13218
F10067,F9777
F10624,F10314
F6458,F6270
F17368,F17009
F6707,F6385
F17734,F17719
F13928,F13530
F15821,F15476
F15783,F15478
F12877,F12498
F3628,F3561
F13180,F12859
F17984,F17695
F3505,F3431
F12840,F12675
F4237,F3943
F10102,F9918
F13228,F12990
F4627,F4556
F11121,F11015
F12440,F12403
F3147,F2855
F8700,F8533
F5707,F5635
F17817,F17555
F9611,F9315
F4942,F4658
F4316,F4073
F4901,F4813
F15055,F14674
F11005,F10818
F7445,F7301
F5448,F5334
F12803,F12582
F12202,F11984
F8620,F8400
F11095,F10809
F13876,F13676
F17717,F17430
F10660,F10480
F3147,F3056
F6423,F6310
F9962,F9614
F5786,F5779
F16533,F16374
F17911,F17596
F13382,F13251
F9264,F8980
F3963,F3607
F15480,F15224
F8718,F8565
F12853,F12476
F8245,F7927
F11519,F11393
F6381,F6132
F11764,F11417
F17699,F17321
F16571,F16538
F12880,F12789
F5164,F4825
F14760,F14368
F4666,F4502
F8074,F7859
F13247,F13102
F15597,F15566
F16584,F16335
F5571,F5280
F14478,F14387
F14951,F14891
F10495,F10164
F11704,F11507
F16668,F16563
F4486,F4323
F13573,F13339
F17987,F17632
F11753,F11400
F17610,F17398
F13769,F13550
F12394,F12288
F11191,F11056
F8613,F8539
F10442,F10283
F12039,F12007
F10486,F10257
F4562,F4255
F14599,F14259
F14163,F14110
F2978,F2642
F10398,F10257
F4658,F4591
F13506,F13217
F3194,F3089
F6542,F6189
F16782,F16587
F7679,F7500
F8698,F8416
F14215,F13817
F15632,F15280
F16112,F15965
F15001,F14668
F5863,F5842
F8637,F8293
F7385,F7070
F5754,F5590
F11286,F10962
F17713,F17709
F4320,F4241
F6244,F5966
F10601,F10221
F11062,F11040
F10839,F10621
F13755,F13743
F10529,F10160
F17978,F17886
F12670,F12667
F16207,F16020
F5716,F5567
F3097,F2893
F17865,F17633
F15937,F15568
F5798,F5479
F6836,F6566
F13138,F12794
F7041,F6957
F15972,F15653
F8687,F8380
F12604,F12498
F9052,F8840
F16621,F16247
F9589,F9214
F10055,F9699
F15494,F15194
F5740,F5420
F11956,F11955
F12630,F12413
F7443,F7419
F14872,F14478
F3294,F2959
F14561,F14541
F17381,F17040
F10379,F10071
F10019,F9917
F7432,F7089
F7160,F6787
F15699,F15665
F13105,F12886
F5722,F5398
F3132,F3099
F3859,F3792
F6790,F6598
F7031,F6776
F4607,F4602
F6791,F6630
F14041,F13820
F10474,F10332
F7225,F6847
F17182,F16909
F9078,F8997
F5457,F5230
F3849,F3563
F7562,F7358
F12029,F11664
F12711,F12348
F13845,F13469
F14153,F13945
F8512,F8258
F8824,F8469
F17050,F16994
F12386,F12382
F15936,F15539
F6774,F6710
F9116,F8890
F11035,F10992
F11618,F11366
F3726,F3486
F2712,F2423
F10561,F10447
F6851,F6624
F13606,F13377
F3198,F2991
F6830,F6708
F15289,F14914
F6071,F5948
F13145,F13011
F17544,F17287
F16441,F16232
F12202,F12022
F8169,F7770
F6606,F6244
F9672,F9403
F12715,F12345
F13129,F12741
F4234,F4121
F10604,F10295
F14384,F14277
F7957,F7676
F10596,F10254
F11869,F11742
F16933,F16686
F16940,F16764
F6813,F6791
F11200,F11022
F6658,F6383
F7570,F7527
F14958,F14833
F12770,F12483
F3371,F3097
F8896,F8508
F16399,F16326
F9257,F9084
F12040,F11740
F12282,F12262
F16267,F16021
F3736,F3568
F10600,F10537
F5361,F5058
F16134,F15865
F15078,F14971
F12648,F12430
F17148,F16837
F15870,F15704
F10704,F10539
F3419,F3095
F4696,F4574
F13637,F13393
F9959,F9889
F8523,F8513
F4194,F3923
F3026,F2659
F16771,F16715
F15593,F15313
F17240,F17136
F8262,F8060
F8508,F8243
F6798,F6476
F10757,F10576
F15514,F15403
F16361,F16077
F10419,F10274
F9698,F9501
F4231,F4118
F7240,F6999
F9257,F9083
F13278,F13216
F6292,F6258
F14810,F14642
F12617,F12240
F5845,F5775
F16077,F15711
F17319,F16995
F8636,F8413
F8705,F8549
F9964,F9710
F16389,F16329
F3601,F3359
F5972,F5811
F9745,F9689
F4545,F4271
F8011,F7820
F7269,F7188
F12167,F11770
F11438,F11239
F17613,F17301
F16260,F16144
F4717,F4398
F11165,F10786
F4552,F4338
F7557,F7235
F4991,F4629
F6125,F5907
F13181,F13157
F16833,F16497
F7457,F7432
F8738,F8389
F5218,F4933
F9530,F9240
F3296,F3213
F5045,F4828
F5585,F5348
F4167,F3956
F2808,F2555
F13046,F12686
F16947,F16600
F11918,F11553
F4345,F3973
F7707,F7609
F12488,F12235
F10413,F10068
F5254,F5114
F3964,F3829
F9524,F9404
F5278,F5239
F17956,F17644
F6257,F6019
F3142,F2857
F9002,F8632
F13431,F13120
F15653,F15498
F16541,F16364
F6182,F5846
F4881,F4796
F4319,F4067
F13395,F13167
F4612,F4232
F15757,F15499
F5492,F5333
F8094,F7877
F6816,F6802
F8109,F7980
F13240,F13027
F14167,F13930
F15972,F15749
F13453,F13201
F10324,F10319
F12547,F12485
F12807,F12556
F11581,F11565
F13682,F13527
F5654,F5372
F14301,F14159
F7575,F7254
F11042,F11026
F4592,F4405
F15692,F15614
F3728,F3646
F11004,F10907
F4658,F4566
F12949,F12892
F17155,F16919
F14449,F14154
F8368,F8085
F11963,F11861
F4905,F4578
F10951,F10605
F6072,F5794
F15179,F14785
F16167,F16000
F4767,F4493
F13513,F13139
F14621,F14294
F9934,F9764
F10894,F10520
F3773,F3558
F4694,F4598
F12677,F12509
F12939,F12684
F11370,F11313
F14519,F14173
F8167,F8097
F16192,F15936
F8070,F7837
F6468,F6115
F17889,F17745
F8039,F8036
F8623,F8297
F8818,F8552
F17054,F16854
F13790,F13488
F7835,F7723
F5700,F5696
F8627,F8280
F14786,F14422
F9282,F9217
F7032,F6937
F7653,F7284
F13773,F13445
F8220,F8085
F6466,F6125
F11878,F11513
F9763,F9692
F12898,F12767
F6479,F6478
F15325,F15263
F7282,F7060
F16551,F16165
F7554,F7250
F6512,F6236
F12752,F12358
F3263,F3179
F15043,F14888
F13912,F13613
F6044,F5696
F16646,F16631
F4896,F4775
F6343,F6126
F3999,F3792
F13286,F13094
F11517,F11189
F13505,F13321
F14285,F13924
F17322,F17209
F17958,F17652
F6493,F6173
F4256,F4011
F6302,F5982
F6331,F6241
F10461,F10425
F4971,F4869
F13846,F13453
F3248,F2961
F17431,F17104
F17308,F17300
F4569,F4485
F14130,F13826
F8868,F8823
F7165,F6989
F6482,F6285
F9841,F9659
F11722,F11539
F4617,F4381
F12635,F12418
F13782,F13417
F3705,F3364
F4133,F3968
F7502,F7343
F14824,F14677
F3823,F3564
F15028,F14650
F7469,F7455
F10110,F9962
F5137,F5120
F14404,F14292
F17202,F17136
F17461,F17387
F9474,F9384
F9017,F8777
F8899,F8823
F17426,F17375
F6357,F6060
F3984,F3683
F5583,F5580
F16601,F16342
F11746,F11502
F7206,F6911
F14576,F14396
F4796,F4697
F9556,F9221
F16702,F16620
F17128,F16847
F13593,F13495
F14056,F13758
F6992,F6760
F3623,F3243
F12784,F12717
F9716,F9653
F4736,F4692
F13447,F13231
F14965,F14751
F16600,F16400
F8297,F8252
F8178,F7969
F12211,F12055
F7398,F7332
F16736,F16373
F17056,F16689
F10150,F9828
F10237,F10104
F17462,F17251
F17419,F17369
F4235,F4058
F3244,F2927
F4251,F3871
F7783,F7385
F7033,F6689
F11806,F11805
F14969,F14888
F12180,F11941
F10486,F10206
F16666,F16557
F11683,F11474
F7836,F7816
F6289,F6131
F12128,F11879
F17708,F17633
F8523,F8312
F15483,F15139
F6139,F5943
F10121,F9933
F10883,F10491
F10149,F10017
F17878,F17874
F15632,F15545
F12773,F12494
F15737,F15513
F7078,F6809
F4524,F4483
F10428,F10273
F14917,F14764
F8309,F8038
F17881,F17621
F11481,F11379
F15899,F15848
F14259,F14169
F7484,F7210
F17732,F17559
F5966,F5786
F5142,F5093
F6429,F6228
F9935,F9880
F15176,F14798
F16506,F16387
F6434,F6083
F5703,F5418
F10840,F10537
F16928,F16573
F6622,F6370
F17088,F16764
F4513,F4271
F11049,F10658
F4221,F4114
F15916,F15664
F3454,F3385
F11303,F11124
F16480,F16159
F13869,F13515
F17226,F17067
F2989,F2956
F7150,F6978
F5537,F5438
F4835,F4458
F11660,F11631
F16102,F16052
F10943,F10942
F14660,F14426
F6025,F5693
F10867,F10481
F8334,F8145
F7717,F7370
F11724,F11562
F7570,F7175
F10590,F10503
F8431,F8189
F4742,F4522
F3111,F2922
F9141,F8786
F4344,F3988
F8461,F8204
F11189,F10852
F11908,F11566
F3231,F3065
F16595,F16282
F4026,F3749
F2823,F2632
F14826,F14761
F9386,F9186
F13104,F12932
F16020,F15862
F7283,F7019
F8856,F8657
F6562,F6406
F7212,F7125
F10606,F10323
F12669,F12421
F9649,F9469
F13574,F13324
F17277,F17013
F10478,F10079
F3946,F3779
F2774,F2662
F10812,F10672
F8067,F8027
F5925,F5761
F16452,F16419
F14438,F14125
F12439,F12061
F11285,F11085
F7152,F6998
F15799,F15419
F12197,F11843
F17076,F16845
F17731,F17459
F17846,F17616
F11946,F11854
F16950,F16669
F5704,F5460
F5887,F5786
F4174,F4167
F15747,F15449
F8441,F8397
F16816,F16544
F17780,F17762
F6973,F6615
F7474,F7419
F11621,F11276
F10061,F10015
F5953,F5856
F8533,F8522
F9645,F9491
F15125,F15124
F16592,F16422
F14723,F14453
F17851,F17676
F17004,F16642
F4422,F4231
F3791,F3405
F7709,F7475
F9870,F9663
F12299,F12172
F3843,F3517
F13651,F13367
F11951,F11895
F15246,F14961
F13678,F13488
F17122,F16815
F17125,F16815
F14831,F14472
F3843,F3574
F10376,F10138
F11421,F11381
F13791,F13395
F6202,F6149
F17538,F17230
F12103,F11876
F11698,F11518
F17726,F17602
F8900,F8648
F8409,F8393
F3418,F3043
F8073,F7997
F8412,F8100
F12935,F12748
F15347,F15015
F15443,F15308
F17547,F17358
F7142,F6967
F14197,F14191
F10644,F10396
F6434,F6294
F11627,F11261
F3539,F3490
F8883,F8874
F14334,F14032
F14406,F14164
F13463,F13172
F11021,F10722
F15218,F14927
F11607,F11555
F6112,F5726
F17989,F17878
F17372,F17057
F8785,F8606
F8810,F8500
F12328,F12262
F4409,F4220
F15201,F15115
F17472,F17143
F5048,F4816
F2914,F2568
F5634,F5577
F17375,F17113
F7346,F7164
F4639,F4386
F11642,F11621
F4122,F4070
F4130,F3750
F6403,F6090
F13459,F13382
F13952,F13943
F17814,F17694
F5097,F5070
F6316,F5929
F6817,F6618
F9395,F9277
F9122,F8848
F7325,F7244
F2930,F2635
F4023,F3734
F6084,F5963
F13090,F12905
F15882,F15724
F16556,F16226
F13563,F13321
F10064,F9971
F12727,F12365
F6453,F6081
F13396,F12998
F16362,F16048
F8582,F8359
F16514,F16195
F5365,F5248
F17879,F17742
F7407,F7400
F11619,F11299
F13009,F12620
F16062,F16035
F4866,F4624
F8867,F8799
F17168,F16933
F9282,F9170
F10903,F10720
F16331,F15985
F13252,F13239
F16753,F16531
F16976,F16645
F14284,F14048
F16142,F15939
F3271,F3270
F13879,F13708
F12659,F12516
F6889,F6661
F5057,F4872
F11440,F11171
F12707,F12354
F16621,F16314
F6810,F6661
F8654,F8344
F9060,F8738
F5344,F5291
F9409,F9341
F3178,F2899
F6829,F6772
F11449,F11179
F8545,F8335
F6513,F6154
F8014,F7653
F16302,F15959
F3459,F3407
F14129,F13802
F4570,F4474
F16434,F16202
F14089,F13860
F3016,F2854
F7602,F7505
F4791,F4551
F11874,F11655
F16433,F16314
F8811,F8512
F15677,F15409
F6399,F6389
F4391,F4238
F8711,F8547
F7576,F7531
F15322,F15186
F17824,F17718
F14571,F14291
F12688,F12639
F4209,F3998
F16709,F16586
F4875,F4518
F17022,F16826
F12655,F12597
F3368,F3245
F14833,F14780
F11767,F11398
F11553,F11288
F11074,F10873
F12186,F11894
F14293,F14085
F14618,F14269
F2789,F2562
F13613,F13460
F17722,F17540
F5501,F5262
F10801,F10665
F3930,F3786
F8001,F7704
F15533,F15348
F13337,F13142
F13217,F13005
F5435,F5172
F15697,F15631
F12627,F12552
F9026,F8770
F16703,F16617
F4714,F4649
F15258,F15244
F3744,F3619
F6320,F6102
F12793,F12544
F9675,F9356
F11903,F11786
F5250,F4875
F11336,F11042
F16757,F16386
F4559,F4273
F9887,F9593
F3794,F3664
F10660,F10273
F11545,F11475
F3771,F3428
F14937,F14829
F2762,F2730
F16283,F16251
F14594,F14320
F9370,F9247
F4275,F4189
F11444,F11211
F17301,F17225
F13444,F13364
F14667,F14292
F14325,F14062
F15819,F15451
F2849,F2802
F17273,F17054
F14887,F14749
F13459,F13419
F5415,F5275
F5222,F5121
F6873,F6593
F14532,F14140
F7311,F7167
F8347,F7953
F17016,F16689
F15284,F15135
F6808,F6465
F5385,F5152
F11211,F11093
F9512,F9148
F9172,F8846
F10872,F10729
F6631,F6346
F11759,F11400
F8919,F8571
F13043,F12941
F6254,F5953
F13824,F13660
F5071,F4905
F7798,F7473
F6881,F6485
F13056,F12859
F12138,F11767
F4475,F4431
F2732,F2390
F3850,F3622
F11416,F11230
F9790,F9780
F14969,F14869
F15429,F15277
F15967,F15623
F12371,F12283
F9203,F8950
F10860,F10802
F4402,F4401
F9540,F9354
F17054,F16886
F7034,F7005
F5426,F5343
F14229,F14211
F10637,F10446
F12499,F12479
F9994,F9679
F14706,F14550
F16100,F16082
F13226,F13027
F4473,F4455
F6308,F6289
F5283,F5242
F9211,F9208
F15877,F15538
F17081,F16766
F12725,F12541
F11648,F11415
F4217,F3979
F13072,F12838
F2820,F2728
F7384,F7223
F10886,F10630
F9522,F9520
F9514,F9488
F6796,F6461
F17239,F17137
F14299,F14045
F3735,F3520
F6685,F6301
F11006,F10970
F15085,F14947
F17441,F17112
F14631,F14532
F10944,F10555
F2765,F2732
F3920,F3751
F9328,F8935
F10670,F10656
F15934,F15604
F9424,F9100
F13246,F12926
F14521,F14482
F16183,F16116
F10829,F10804
F13580,F13382
F7727,F7391
F11814,F11490
F15685,F15468
F17186,F16938
F15206,F14836
F15615,F15438
F13753,F13389
F15296,F15242
F12878,F12618
F4808,F4555
F13288,F12978
F9197,F9102
F2843,F2505
F14587,F14356
F2960,F2777
F6878,F6768
F8294,F7986
F12010,F11876
F4768,F4429
F7043,F6919
F9502,F9405
F13132,F12734
F10559,F10338
F12146,F12005
F7205,F6975
F11111,F10810
F9223,F9162
F12161,F12046
F13042,F12873
F7922,F7639
F17413,F17035
F13759,F13728
F14965,F14828
F4997,F4827
F10677,F10506
F3563,F3324
F14736,F14538
F16464,F16345
F15838,F15574
F5782,F5451
F13337,F13114
F9120,F9002
F12398,F12320
F17424,F17172
F16918,F16692
F16883,F16865
F6813,F6547
F10687,F10542
F12497,F12149
F9256,F9041
F5466,F5222
F8055,F7759
F9213,F9185
F3966,F3875
F9047,F9008
F9147,F9071
F17156,F17085
F12035,F11787
F9136,F9018
F17508,F17305
F11676,F11566
F17725,F17717
F4310,F3939
F14457,F14364
F10026,F9722
F16536,F16506
F15129,F15121
F3696,F3583
F5849,F5540
F6824,F6685
F13656,F13486
F11858,F11625
F12860,F12638
F14402,F14021
F16038,F15658
F16475,F16136
F11072,F10720
F2749,F2616
F6807,F6440
F17499,F17253
F8091,F7997
F3171,F3160
F7688,F7605
F6742,F6730
F4395,F4280
F10165,F10024
F11854,F11468
F16865,F16825
F15782,F15740
F14182,F14022
F4860,F4552
F10923,F10526
F2710,F2340
F6164,F5764
F9312,F9163
F17944,F17819
F3716,F3434
F6559,F6215
F15230,F15055
F5861,F5635
F3171,F3058
F16446,F16374
F17160,F16876
F7722,F7424
F8597,F8368
F13764,F13510
F8761,F8555
F9667,F9283
F9796,F9414
F12301,F12192
F17376,F17134
F15673,F15469
F10104,F9891
F7202,F7137
F7742,F7416
F14466,F14250
F13948,F13596
F8361,F8327
F4915,F4651
F9821,F9567
F17381,F16989
F6209,F6123
F8547,F8202
F8319,F8270
F8089,F8047
F5245,F5158
F12837,F12672
F8626,F8279
F16152,F15957
F12033,F11649
F8451,F8201
F7504,F7233
F12225,F11951
F5288,F5132
F6450,F6420
F5498,F5117
F9074,F8992
F11801,F11664
F6696,F6318
F7726,F7557
F7725,F7442
F13652,F13579
F7836,F7728
F12585,F12214
F11788,F11768
F14768,F14640
F15565,F15278
F8295,F7940
F8924,F8640
F4903,F4874
F11580,F11340
F7153,F6854
F5228,F5020
F6439,F6195
F10259,F10248
F3381,F3213
F14857,F14807
F6313,F6194
F15485,F15131
F10964,F10708
F4405,F4247
F16914,F16866
F9748,F9416
F2829,F2708
F3164,F2768
F14528,F14273
F13944,F13862
F4372,F4230
F14124,F13873
F13500,F13459
F9364,F9221
F4979,F4760
F5520,F5482
F5758,F5466
F3495,F3455
F4824,F4550
F10434,F10080
F7715,F7401
F6416,F6037
F11556,F11411
F14934,F14905
F16767,F16586
F6618,F6569
F12220,F12041
F14579,F14307
F15516,F15404
F9379,F9251
F17598,F17405
F6947,F6685
F3560,F3312
F15254,F15162
F10164,F9850
F16125,F16071
F11135,F11093
F4423,F4264
F3048,F2872
F16564,F16479
F16234,F16202
F14781,F14407
F7199,F7030
F12032,F11679
F14870,F14683
F14643,F14534
F7167,F6913
F2963,F2616
F9697,F9579
F6153,F5954
F15589,F15365
F17130,F16926
F13485,F13278
F9203,F8983
F3767,F3551
F12098,F11905
F3978,F3600
F3884,F3507
F14427,F14293
F7455,F7224
F5651,F5386
F10565,F10556
F15004,F14942
F5184,F5077
F13270,F13080
F17860,F17671
F4377,F4179
F17775,F17511
F12803,F12767
F16525,F16229
F10740,F10484
F11715,F11680
F8501,F8369
F3003,F2933
F4610,F4306
F4293,F3898
F5514,F5182
F14783,F14473
F6828,F6624
F14703,F14483
F8816,F8743
F13578,F13247
F14700,F14672
F17090,F16930
F17823,F17547
F16411,F16153
F16814,F16623
F12163,F12098
F16457,F16292
F17032,F16717
F2858,F2808
F16114,F15879
F5675,F5598
F12504,F12460
F7591,F7310
F8286,F8156
F5737,F5417
F8436,F8099
F8968,F8908
F12536,F12184
F16165,F16069
F4659,F4620
F3689,F3666
F17059,F16889
F5646,F5310
F8277,F8128
F9865,F9648
F6099,F6057
F6980,F6920
F9752,F9473
F5096,F5069
F14388,F14218
F8391,F8170
F8006,F7959
F4541,F4166
F11160,F11044
F4707,F4636
F7537,F7177
F14286,F14189
F11052,F10701
F10863,F10503
F5730,F5609
F9493,F9296
F3533,F3280
F8882,F8742
F17444,F17394
F10112,F9841
F13268,F13078
F13236,F12871
F11224,F11109
F11254,F11240
F10245,F10153
F7531,F7271
F16314,F16095
F3105,F2814
F14896,F14696
F9122,F8915
F5682,F5395
F15267,F15128
F15605,F15343
F12186,F11930
F5578,F5218
F14463,F14361
F6607,F6283
F14756,F14359
F3785,F3729
F5331,F4960
F6438,F6052
F7580,F7308
F9174,F8805
F6856,F6739
F6616,F6316
F15886,F15675
F12426,F12301
F11227,F10870
F6207,F5904
F7129,F6817
F6510,F6251
F4124,F3782
F6694,F6324
F5215,F4819
F9854,F9604
F10732,F10703
F12113,F11952
F8706,F8659
F14412,F14125
F5892,F5566
F12233,F12074
F17900,F17828
F9643,F9396
F15542,F15342
F16176,F16003
F3242,F2939
F8858,F8700
F16122,F15768
F17202,F17005
F11514,F11126
F12562,F12201
F17672,F17388
F16064,F15980
F17852,F17550
F13192,F12975
F8873,F8491
F10562,F10213
F7105,F6772
F5502,F5356
F14432,F14221
F8431,F8238
F12206,F11811
F17658,F17430
F9256,F8859
F12150,F11909
F12957,F12791
F7521,F7396
F17597,F17538
F5536,F5458
F15072,F14803
F10368,F10265
F8393,F8347
F4348,F4209
F8242,F8157
F3049,F2775
F8415,F8220
F13099,F12950
F16126,F16020
F8984,F8872
F13167,F12817
F12199,F12050
F17488,F17262
F5865,F5730
F6235,F6180
F11126,F11121
F2728,F2586
F11133,F10749
F4218,F4019
F7893,F7828
F3899,F3520
F13049,F12812
F17820,F17619
F10948,F10569
F14565,F14552
F5300,F5177
F4384,F4272
F9462,F9383
F9618,F9226
F10332,F10046
F17382,F17190
F9278,F9124
F12461,F12427
F11634,F11503
F14889,F14660
F13151,F12756
F6982,F6744
F9854,F9833
F4090,F3929
F14326,F14264
F5784,F5448
F11076,F10909
F4568,F4426
F14529,F14140
F17249,F17224
F5868,F5540
F5672,F5342
F8556,F8398
F10080,F10028
F10365,F10097
F14563,F14244
F14998,F14606
F4543,F4400
F17694,F17667
F3998,F3850
F8283,F7992
F9858,F9588
F12699,F12591
F3157,F3099
F10881,F10647
F9445,F9367
F10636,F10524
F15040,F15029
F16661,F16426
F13052,F13011
F16949,F16917
F5636,F5307
F9476,F9264
F15548,F15454
F17257,F16964
F13300,F13198
F7642,F7544
F13941,F13798
F10334,F9954
F10601,F10463
F11548,F11413
F7610,F7336
F5813,F5413
F10187,F9951
F16044,F15990
F17047,F16744
F8650,F8261
F6037,F5818
F14845,F14791
F16526,F16165
F10932,F10536
F11489,F11452
F13132,F12876
F5614,F5397
F14310,F14130
F6005,F5747
F11071,F11006
F11397,F11191
F12689,F12670
F15534,F15147
F11588,F11198
F3110,F3095
F2767,F2754
F15562,F15433
F5758,F5551
F13817,F13627
F14392,F14324
F13796,F13618
F9661,F9499
F17628,F17418
F10020,F9824
F3801,F3487
F5490,F5346
F12512,F12244
F13738,F13644
F10218,F10118
F16710,F16394
F6127,F5921
F10026,F10012
F5009,F4832
F11351,F11218
F2702,F2340
F12080,F11733
F3829,F3787
F9085,F8876
F7518,F7227
F9865,F9702
F3212,F3163
F4052,F3840
F4083,F3905
F16538,F16530
F8130,F7763
F8154,F7764
F9641,F9271
F12552,F12514
F6733,F6400
F14207,F13815
F10736,F10609
F17948,F17733
F8386,F8369
F10924,F10689
F15635,F15431
F9308,F9166
F16863,F16843
F11007,F10624
F9041,F8888
F16351,F16137
F11890,F11587
F16986,F16754
F8516,F8427
F17924,F17790
F8147,F7864
F3532,F3142
F17705,F17672
F4453,F4115
F14862,F14697
F8914,F8526
F4665,F4309
F10094,F10064
F13246,F13243
F3876,F3856
F14967,F14831
F6912,F6602
F12333,F12189
F13934,F13539
F10654,F10312
F4347,F4149
F8054,F7764
F2804,F2724
F12372,F12016
F11124,F10975
F6247,F5851
F6265,F6159
F13721,F13462
F8121,F8106
F10616,F10466
F4748,F4541
F9524,F9293
F11917,F11875
F10539,F10447
F16011,F15641
F10076,F9889
F8845,F8697
F9555,F9223
F13793,F13637
F14321,F13949
F7866,F7566
F11475,F11136
F12068,F11783
F10056,F9713
F5948,F5914
F3019,F2690
F3757,F3531
F8979,F8693
F12148,F11830
F3798,F3653
F14222,F14172
F7289,F7067
F15141,F14847
F16022,F15646
F17249,F16894
F12791,F12539
F6173,F6092
F14864,F14797
F17546,F17305
F13414,F13098
F7854,F7504
F9307,F9249
F13663,F13440
F7565,F7536
F12907,F12767
F9930,F9723
F4331,F4023
F13209,F13122
F15845,F15554
F5248,F4850
F16169,F16124
F5860,F5586
F9223,F8893
F10434,F10074
F12625,F12475
F4357,F4050
F11988,F11745
F3919,F3524
F15826,F15470
F8287,F8217
F12888,F12666
F9825,F9723
F14059,F13840
F8642,F8369
F13710,F13405
F8234,F7952
F4072,F4041
F8877,F8848
F17965,F17761
F9414,F9395
F3157,F2844
F9569,F9361
F13073,F12848
F9060,F9050
F5991,F5871
F13128,F12745
F12845,F12827
F17641,F17276
F3235,F3120
F8410,F8217
F7653,F7522
F5375,F5106
F12598,F12417
F6606,F6277
F13374,F13369
F11359,F11281
F5157,F4894
F7419,F7263
F4366,F4276
F6920,F6804
F10009,F9615
F11568,F11532
F3506,F3289
F4196,F3858
F17174,F16981
F12241,F12023
F6066,F5926
F16540,F16224
F12065,F11985
F7990,F7988
F7287,F7248
F10002,F9928
F6788,F6463
F12862,F12859
F8338,F8308
F3066,F2710
F3905,F3718
F5124,F5037
F9204,F9037
F11114,F10821
F13244,F12954
F17834,F17605
F7609,F7433
F16678,F16460
F6697,F6640
F11775,F11467
F9562,F9501
F14418,F14119
F6390,F6138
F6404,F6253
F4629,F4273
F5766,F5549
F3450,F3439
F13723,F13516
F14730,F14567
F15233,F15056
F15667,F15558
F15497,F15368
F17745,F17554
F11850,F11760
F14976,F14793
F11796,F11537
F13728,F13436
F6504,F6418
F12518,F12138
F10634,F10483
F4151,F3792
F8472,F8425
F2960,F2789
F12064,F11756
F14847,F14747
F16529,F16150
F11714,F11676
F12516,F12237
F5294,F4970
F14360,F14242
F5835,F5612
F12697,F12398
F7885,F7549
F16532,F16373
F17554,F17477
F10753,F10596
F14132,F14069
F10979,F10638
F14616,F14228
F4995,F4598
F8192,F7810
F15109,F14723
F11772,F11430
F7304,F7158
F12678,F12371
F8434,F8327
F7410,F7317
F14610,F14472
F13365,F13175
F16675,F16386
F5624,F5336
F13789,F13559
F11593,F11473
F17522,F17181
F11467,F11358
F10815,F10616
F3910,F3908
F8107,F7936
F7063,F6989
F5468,F5083
F16077,F15996
F2730,F2669
F11821,F11682
F7461,F7449
F4566,F4514
F17784,F17398
F7165,F6842
F12453,F12363
F10348,F10303
F11682,F11630
F16053,F15880
F9268,F9198
F16209,F16200
F16315,F16281
F12792,F12400
F5650,F5330
F2710,F2341
F5358,F5116
F16900,F16852
F9832,F9688
F7009,F6834
F6667,F6413
F16911,F16524
F17370,F17094
F13024,F12905
F15909,F15594
F7442,F7044
F14132,F13800
F16540,F16306
F16770,F16705
F8752,F8505
F13717,F13454
F6545,F6492
F3633,F3356
F14613,F14293
F2935,F2631
F10176,F9931
F7771,F7482
F17739,F17340
F6963,F6918
F9328,F9246
F11285,F11045
F17095,F16959
F14766,F14655
F7808,F7605
F14163,F14118
F15124,F14916
F16104,F15942
F16638,F16421
F9150,F9139
F9192,F9061
F17012,F16782
F17805,F17619
F16281,F16086
F17709,F17429
F6877,F6737
F3681,F3634
F11189,F11051
F11530,F11282
F4335,F4243
F5494,F5175
F6897,F6795
F12248,F12196
F8826,F8429
F15365,F15135
F14395,F14037
F11845,F11655
F7120,F6815
F8553,F8252
F5823,F5574
F10491,F10189
F16059,F16003
F6505,F6351
F7944,F7903
F7057,F6909
F12710,F12620
F5200,F4988
F3663,F3582
F8057,F7665
F12389,F12119
F2709,F2408
F17096,F16919
F14363,F14354
F4819,F4687
F5383,F4993
F3008,F2996
F11666,F11472
F3677,F3554
F13353,F13029
F16454,F16322
F14953,F14795
F7769,F7463
F8776,F8669
F15065,F14920
F14771,F14625
F14780,F14509
F11474,F11461
F10863,F10547
F9822,F9451
F15016,F14821
F13050,F12926
F6758,F6563
F3355,F3282
F11166,F10813
F3775,F3696
F10530,F10463
F5271,F4962
F16837,F16472
F5405,F5309
F5716,F5370
F15569,F15334
F15955,F15710
F17771,F17497
F8370,F8130
F5907,F5647
F5206,F5156
F4146,F4116
F2919,F2740
F7604,F7463
F17585,F17477
F10994,F10865
F7323,F7305
F17143,F17123
F7151,F7094
F6964,F6775
F17309,F17208
F2878,F2555
F3991,F3936
F5236,F5039
F6521,F6125
F10239,F10013
F13495,F13423
F4299,F4194
F5230,F4994
F17715,F17676
F14705,F14447
F5906,F5804
F17045,F16754
F15818,F15526
F15765,F15418
F4620,F4287
F11192,F11040
F15719,F15341
F16592,F16380
F8470,F8253
F7588,F7402
F8674,F8519
F16483,F16461
F4572,F4555
F11103,F10740
F11913,F11543
F14160,F13804
F15371,F15348
F8425,F8420
F9030,F8734
F11576,F11392
F7616,F7531
F16780,F16711
F16280,F16098
F7078,F6788
F17040,F16795
F9584,F9507
F10422,F10414
F3320,F3153
F5551,F5514
F5308,F5097
F16588,F16444
F10316,F10014
F2809,F2586
F10581,F10360
F14324,F14100
F6885,F6711
F4295,F4183
F11070,F10978
F8372,F8299
F16626,F16591
F16964,F16693
F13552,F13372
F9647,F9304
F4592,F4590
F3665,F3569
F6489,F6128
F12050,F11950
F3683,F3671
F16086,F15717
F4187,F3911
F13055,F12923
F13933,F13809
F3417,F3118
F8132,F7986
F17908,F17568
F9077,F8849
F7905,F7711
F7089,F6811
F3315,F3145
F9547,F9524
F5379,F5014
F17955,F17770
F11435,F11086
F17460,F17232
F15920,F15537
F3179,F3129
F12071,F11980
F8572,F8496
F12578,F12258
F13772,F13614
F17406,F17119
F3728,F3629
F4589,F4380
F5065,F4882
F2801,F2605
F16136,F15813
F9317,F9069
F4350,F4079
F8420,F8374
F2849,F2656
F14729,F14579
F8469,F8259
F8084,F7933
F5074,F4943
F13656,F13653
F9136,F8871
F11136,F10850
F11176,F11094
F11501,F11473
F12423,F12359
F6042,F5751
F12455,F12172
F11231,F11022
F10342,F9990
F6106,F5919
F13130,F12957
F8689,F8294
F10521,F10427
F15133,F15113
F15510,F15192
F16807,F16630
F3398,F3223
F9289,F9143
F16307,F16119
F3650,F3357
F7546,F7234
F5808,F5408
F7926,F7630
F4359,F4337
F14088,F14003
F3439,F3122
F5446,F5361
F6873,F6544
F9594,F9325
F14512,F14323
F10577,F10334
F14145,F13908
F14017,F13831
F4401,F4068
F10849,F10806
F9903,F9533
F5343,F5322
F15426,F15330
F4300,F4036
F13905,F13598
F11924,F11883
F17211,F17006
F6926,F6575
F7083,F6994
F5722,F5425
F15859,F15857
F4083,F3794
F7303,F7283
F5589,F5351
F10734,F10721
F6235,F6010
F9745,F9729
F14113,F14034
F16012,F15632
F13250,F13185
F16162,F16056
F13454,F13092
F5589,F5397
F4167,F3865
F15837,F15440
F4728,F4710
F9889,F9878
F13952,F13567
F14370,F14165
F6687,F6515
F10822,F10699
F4339,F4028
F6156,F6144
F7204,F6933
F5110,F4902
F11507,F11384
F16193,F16072
F7416,F7248
F14543,F14487
F7572,F7535
F15872,F15734
F13345,F13162
F15426,F15241
F6736,F6664
F15163,F14766
F11817,F11497
F4706,F4441
F7484,F7470
F10775,F10597
F8020,F7674
F6768,F6469
F14656,F14344
F8027,F7694
F14628,F14412
F17739,F17625
F3118,F2998
F11638,F11410
F15240,F15038
F7163,F6778
F8144,F7977
F14283,F14037
F17485,F17445
F16422,F16263
F11542,F11391
F17949,F17923
F9099,F8963
F16923,F16723
F14524,F14415
F8615,F8501
F10656,F10292
F5016,F4933
F4534,F4473
F10798,F10659
F4252,F4205
F11277,F11269
F14480,F14475
F8812,F8519
F9859,F9567
F7559,F7252
F5031,F4700
F14687,F14514
F14257,F14131
F3113,F3053
F5885,F5798
F13388,F13035
F8469,F8104
F12175,F11801
F4559,F4190
F3932,F3748
F14206,F13926
F2914,F2808
F12838,F12546
F17345,F17029
F4205,F4102
F12704,F12350
F13558,F13521
F14186,F13923
F6519,F6446
F16444,F16411
F11499,F11134
F9703,F9407
F4499,F4462
F15596,F15410
F11589,F11568
F5668,F5424
F6047,F5863
F13589,F13208
F13900,F13544
F9981,F9972
F13805,F13532
F3050,F2685
F14872,F14589
F4487,F4170
F9063,F8749
F9985,F9904
F7727,F7678
F14573,F14264
F17025,F16900
F9211,F8845
F14411,F14058
F4457,F4303
F14225,F14142
F16480,F16101
F6792,F6601
F11602,F11382
F4537,F4445
F8509,F8117
F8548,F8385
F11134,F10784
F17365,F17106
F5598,F5267
F17858,F17697
F7720,F7687
F15927,F15679
F10107,F9873
F12211,F11954
F7173,F7148
F11532,F11241
F15055,F14934
F14372,F14011
F14521,F14135
F8637,F8429
F10843,F10684
F17677,F17649
F7218,F6908
F4505,F4358
F11513,F11138
F10559,F10358
F6111,F5711
F5843,F5545
F6627,F6413
F14591,F14263
F14231,F14027
F9571,F9302
F17549,F17546
F15012,F14697
F4987,F4741
F8000,F7884
F3645,F3388
F7859,F7539
F8727,F8578
F2904,F2678
F17153,F17039
F10345,F10132
F17036,F16842
F14090,F13703
F17658,F17332
F5930,F5829
F11629,F11519
F4504,F4345
F4201,F3838
F8663,F8616
F3048,F2695
F14968,F14944
F13646,F13334
F3053,F2731
F10765,F10756
F16583,F16284
F4513,F4190
F13143,F13096
F16832,F16495
F6753,F6435
F10863,F10711
F8288,F8209
F10628,F10624
F13213,F13158
F10717,F10498
F14030,F14026
F17116,F16832
F3139,F2933
F13257,F13196
F6433,F6241
F3720,F3649
F5092,F4793
F17213,F17123
F12256,F12242
F10238,F10013
F4744,F4742
F3232,F3074
F11431,F11167
F13694,F13609
F12171,F11857
F13128,F12993
F3380,F3041
F15192,F14941
F3970,F3618
F8971,F8859
F4243,F3952
F14121,F13811
F4204,F3966
F3338,F3021
F16917,F16801
F7517,F7434
F16058,F15969
F9341,F9293
F12777,F12640
F15616,F15384
F5959,F5676
F6778,F6660
F15395,F15107
F4833,F4801
F14965,F14837
F12606,F12374
F9225,F8875
F2998,F2768
F13602,F13387
F3453,F3159
F4236,F3979
F13219,F13021
F14760,F14499
F9600,F9285
F10742,F10442
F2722,F2627
F8551,F8155
F3192,F2907
F14917,F14604
F11094,F10715
F8475,F8410
F3187,F2794
F12119,F11830
F3595,F3497
F9632,F9443
F6527,F6259
F10303,F9937
F6436,F6135
F9593,F9210
F12384,F12316
F4330,F3935
F4588,F4372
F12329,F12025
F2913,F2676
F9530,F9415
F11413,F11215
F16117,F15946
F6748,F6401
F7456,F7455
F6840,F6701
F15546,F15523
F7098,F6913
F10519,F10157
F9208,F9097
F8416,F8036
F8611,F8459
F12844,F12709
F5748,F5698
F4821,F4519
F7819,F7749
F9366,F9128
F16627,F16448
F12977,F12664
F11885,F11656
F5564,F5430
F16094,F15982
F8022,F7805
F8930,F8653
F14103,F14063
F6739,F6494
F8071,F7715
F11893,F11708
F11940,F11616
F12398,F12189
F3750,F3414
F3928,F3731
F3028,F2876
F14524,F14353
F8535,F8137
F14290,F14105
F15716,F15550
F11417,F11150
F4487,F4387
F16766,F16389
F5742,F5398
F14823,F14427
F4084,F3704
F5058,F4986
F15076,F14863
F4502,F4404
F17921,F17786
F14058,F14032
F10911,F10716
F14529,F14401
F17058,F16923
F5183,F5063
F6248,F6199
F10584,F10203
F6268,F6023
F7396,F7072
F10335,F10249
F7639,F7547
F11735,F11434
F16630,F16296
F11884,F11840
F6398,F6297
F3875,F3674
F4207,F3869
F5542,F5182
F11204,F10816
F10104,F9968
F11352,F11321
F10506,F10116
F2983,F2780
F8665,F8315
F5977,F5764
F8567,F8178
F9882,F9747
F9707,F9383
F14531,F14405
F17780,F17397
F15055,F14663
F14255,F14114
F16990,F16797
F6853,F6841
F12274,F12265
F4531,F4385
F6638,F6264
F10833,F10679
F13273,F13225
F17915,F17900
F15261,F15242
F15060,F14882
F8879,F8762
F14177,F13940
F6295,F6242
F10525,F10430
F16099,F15906
F13099,F13011
F14814,F14680
F3718,F3646
F11887,F11557
F15376,F15233
F4976,F4747
F5837,F5831
F12750,F12622
F3540,F3221
F12458,F12383
F7260,F6897
F8891,F8562
F16869,F16609
F15954,F15826
F8126,F8059
F11741,F11569
F12452,F12379
F9820,F9579
F8586,F8190
F13757,F13381
F11248,F10994
F9333,F9208
F9753,F9515
F14817,F14602
F15238,F14952
F11696,F11495
F5791,F5489
F16414,F16039
F8806,F8775
F15412,F15167
F15364,F15294
F15026,F14727
F12879,F12791
F5289,F5286
F15728,F15543
F7219,F6924
F4356,F4297
F3490,F3487
F4512,F4347
F4281,F3895
F5964,F5849
F16007,F15801
F16328,F16197
F6054,F5913
F15297,F14918
F8133,F7952
F11947,F11605
F16825,F16472
F10939,F10639
F11255,F10911
F7376,F7131
F4317,F3924
F12183,F11919
F5899,F5621
F8963,F8680
F17998,F17621
F3805,F3647
F7107,F6924
F6713,F6710
F3708,F3565
F6279,F6153
F3989,F3958
F10381,F10314
F13895,F13526
F4607,F4470
F8253,F8184
F4354,F4185
F6349,F6245
F15968,F15568
F16544,F16530
F3863,F3466
F7857,F7696
F12068,F11902
F3413,F3234
F5519,F5274
F6136,F5784
F2917,F2599
F8340,F8005
F12880,F12825
F4129,F3937
F9582,F9396
F17714,F17618
F5685,F5436
F8035,F7832
F9374,F9061
F16704,F16662
F14225,F13868
F11710,F11355
F5434,F5325
F17391,F16993
F5031,F4731
F3672,F3671
F6171,F5892
F17267,F16912
F9008,F8904
F7361,F7075
F8053,F7883
F14309,F14142
F6596,F6492
F11148,F10821
F16389,F16293
F15696,F15573
F7177,F6962
F14032,F13782
F12973,F12942
F4386,F4256
F8848,F8647
F17750,F17513
F9769,F9693
F5622,F5475
F13653,F13312
F7712,F7696
F8608,F8222
F7458,F7225
F11770,F11432
F15172,F14783
F13514,F13176
F7467,F7225
F15703,F15413
F13388,F13129
F17521,F17151
F7128,F6838
F14922,F14547
F16881,F16707
F3622,F3323
F4245,F4156
F3748,F3712
F8183,F8094
F11675,F11622
F15028,F14758
F9263,F9255
F4980,F4845
F17286,F17108
F16735,F16492
F11874,F11580
F8019,F7687
F10103,F9884
F11349,F11090
F12918,F12538
F2731,F2584
F3700,F3656
F16399,F16323
F13220,F13027
F10274,F10251
F15680,F15422
F11166,F10997
F7320,F7115
F3874,F3790
F6666,F6317
F17056,F16975
F16150,F15836
F7058,F6658
F3133,F3055
F5418,F5344
F13908,F13754
F17720,F17643
F15306,F15014
F5342,F5010
F14918,F14750
F5107,F5099
F15031,F14881
F4106,F3965
F8254,F8027
F14129,F13885
F2779,F2415
F17893,F17696
F6319,F6168
F15740,F15480
F5298,F5103
F8653,F8440
F17182,F17036
F13586,F13317
F13807,F13722
F11407,F11335
F15758,F15697
F12049,F11983
F16332,F15980
F9279,F9024
F11824,F11757
F4029,F3862
F6583,F6400
F5922,F5616
F8016,F7670
F5275,F5106
F3486,F3363
F7933,F7598
F10701,F10688
F3589,F3428
F13402,F13125
F16338,F15964
F14949,F14601
F8789,F8754
F5875,F5700
F16133,F16110
F8557,F8489
F7966,F7886
F8933,F8592
F15740,F15443
F6708,F6372
F14641,F14356
F10487,F10432
F5215,F5129
F4362,F4034
F17664,F17588
F13212,F12895
F10969,F10631
F11715,F11431
F3778,F3516
F15781,F15714
F15685,F15663
F6977,F6653
F15489,F15089
F6645,F6357
F5726,F5331
F14118,F13829
F10828,F10536
F4387,F4038
F9108,F9041
F14433,F14401
F12619,F12335
F17635,F17391
F13343,F13032
F2924,F2792
F6735,F6571
F12055,F11808
F5315,F5060
F2980,F2861
F8304,F8199
F8851,F8506
F15885,F15815
F9400,F9133
F9769,F9392
F14021,F13836
F8561,F8531
F4213,F4110
F11639,F11615
F10242,F10139
F11880,F11879
F6256,F6070
F3338,F3211
F7317,F7101
F6999,F6800
F5266,F4929
F15377,F15334
F11848,F11725
F14452,F14056
F16321,F16196
F13389,F13172
F17267,F16930
F5879,F5492
F5956,F5941
F10649,F10276
F9000,F8889
F10473,F10471
F13648,F13358
F12299,F11939
F17121,F16724
F15239,F15083
F7349,F7221
F7746,F7571
F15603,F15301
F16716,F16565
F8320,F8200
F15978,F15923
F11209,F10996
F13529,F13420
F4551,F4446
F7615,F7305
F12685,F12579
F8541,F8401
F15149,F15123
F3959,F3894
F7231,F6860
F12685,F12305
F13330,F13132
F6724,F6653
F10651,F10285
F16665,F16448
F4631,F4567
F3690,F3517
F6808,F6505
F13610,F13278
F15452,F15281
F6883,F6839
F13016,F12926
F15779,F15602
F4677,F4581
F4661,F4493
F6652,F6263
F17193,F17188
F13258,F13089
F6458,F6332
F16255,F15895
F3783,F3597
F10258,F10101
F2796,F2778
F3078,F2893
F10045,F9820
F15450,F15353
F14892,F14552
F16808,F16782
F9412,F9302
F9908,F9508
F11192,F10793
F12182,F11941
F14167,F13893
F12964,F12790
F14270,F14126
F17929,F17627
F2779,F2601
F14068,F13704
F3734,F3674
F12337,F12275
F11892,F11823
F5798,F5772
F13183,F12811
F6616,F6357
F14832,F14777
F6840,F6564
F7543,F7214
F14819,F14703
F17787,F17759
F14349,F14345
F12889,F12519
F16803,F16710
F3649,F3359
F12504,F12244
F16060,F15765
F11271,F11206
F6917,F6648
F17712,F17642
F12549,F12158
F6166,F6080
F9979,F9690
F11665,F11584
F13746,F13406
F16438,F16102
F10132,F9831
F14218,F13967
F17531,F17220
F13361,F13156
F7940,F7865
F4787,F4590
F9649,F9543
F11297,F10909
F15135,F14770
F5440,F5384
F13305,F12989
F14347,F14026
F11657,F11622
F15955,F15607
F5934,F5705
F5471,F5214
F11639,F11562
F4798,F4719
F12842,F12485
F14632,F14593
F6831,F6531
F13149,F13085
F13192,F13091
F5810,F5697
F15403,F15331
F14531,F14493
F7717,F7560
F4261,F4147
F12193,F11819
F16860,F16618
F15717,F15532
F5265,F4962
F6586,F6570
F4249,F3992
F15869,F15741
F13473,F13141
F7375,F7253
F17858,F17687
F7076,F6678
F11418,F11084
F4802,F4798
F9251,F9110
F4230,F4143
F14165,F13945
F13729,F13503
F4457,F4345
F7739,F7613
F16531,F16176
F10324,F10259
F2999,F2613
F10381,F10159
F3104,F3022
F15537,F15215
F5416,F5393
F15452,F15398
F10696,F10664
F13094,F12735
F13679,F13493
F16415,F16248
F7296,F7112
F8122,F7807
F6523,F6125
F5239,F5007
F7209,F6853
F6299,F6279
F11768,F11482
F12598,F12570
F3931,F3691
F7148,F7105
F12077,F11866
F7659,F7441
F2706,F2307
F17051,F16802
F11752,F11409
F16247,F16068
F5086,F4729
F11751,F11479
F3213,F3190
F6207,F5907
F7020,F6797
F7802,F7536
F13650,F13325
F8939,F8736
F11241,F10976
F3725,F3590
F15645,F15525
F9273,F9092
F13317,F13153
F17220,F16878
F5008,F4877
F13009,F12642
F12449,F12192
F6388,F6038
F13836,F13472
F16355,F15962
F16554,F16495
F14657,F14399
F11456,F11142
F6964,F6701
F13635,F13539
F7555,F7199
F10339,F10251
F15519,F15269
F2882,F2762
F14413,F14219
F10869,F10852
F8129,F8038
F5111,F4947
F12436,F12160
F14105,F13815
F4985,F4951
F13392,F13278
F7241,F7069
F6180,F5833
F9371,F9037
F10200,F9951
F12502,F12350
F10612,F10501
F10076,F9841
F9408,F9235
F4897,F4661
F4148,F3878
F3158,F2934
F9035,F8748
F3907,F3781
F14630,F14503
F16048,F15867
F16708,F16459
F13293,F13005
F15011,F14863
F5234,F4892
F17558,F17342
F17378,F17348
F6322,F6112
F4286,F4083
F10105,F9970
F6339,F6020
F9835,F9664
F9487,F9205
F10604,F10351
F8493,F8259
F4234,F4147
F15619,F15436
F11040,F10818
F9381,F9046
F2889,F2888
F2909,F2670
F17752,F17391
F16437,F16138
F7438,F7276
F3586,F3401
F9808,F9715
F10946,F10880
F17241,F16848
F7243,F7192
F10648,F10272
F13639,F13555
F9614,F9319
F12399,F12167
F4567,F4395
F16515,F16444
F3965,F3662
F12257,F11986
F14817,F14657
F4503,F4128
F4272,F4081
F3316,F2990
F5919,F5524
F5182,F4959
F7467,F7128
F10171,F10157
F10537,F10513
F12715,F12556
F13039,F12744
F14858,F14658
F12135,F12009
F12902,F12552
F11042,F10909
F15401,F15323
F2849,F2553
F10420,F10034
F4265,F3987
F14530,F14297
F10966,F10699
F10035,F9847
F13315,F13126
F13343,F13128
F4176,F3820
F16114,F15880
F6945,F6652
F9259,F9042
F7356,F6967
F10501,F10352
F4219,F3974
F7830,F7570
F14407,F14175
F11777,F11611
F8038,F7657
F14892,F14806
F5025,F4794
F16415,F16148
F14159,F14082
F8027,F7894
F13356,F13096
F16517,F16396
F15002,F14734
F10233,F10195
F3382,F3356
F9821,F9629
F9163,F9055
F9610,F9479
F10987,F10863
F14126,F14009
F13280,F12896
F6723,F6474
F5148,F4961
F9997,F9669
F16784,F16666
F8060,F7757
F16413,F16381
F15886,F15818
F4111,F3718
F6560,F6535
F13889,F13850
F12539,F12422
F4965,F4689
F12419,F12088
F2832,F2497
F9282,F9018
F8072,F8051
F16483,F16160
F14948,F14630
F14770,F14454
F6545,F6456
F4652,F4617
F3704,F3378
F15219,F14889
F8542,F8237
F16184,F16057
F17409,F17048
F12818,F12810
F3576,F3355
F6898,F6732
F12641,F12502
F7599,F7464
F12693,F12316
F16071,F15976
F8986,F8615
F6543,F6353
F14786,F14499
F10139,F9811
F11661,F11425
F15731,F15709
F16593,F16434
F12836,F12675
F3079,F3005
F14601,F14301
F4163,F3889
F11360,F11175
F7794,F7734
F14376,F14227
F5859,F5656
F15666,F15632
F8023,F7791
F9205,F9068
F13032,F12834
F8495,F8428
F9564,F9529
F6137,F5942
F9519,F9156
F6823,F6529
F10417,F10383
F2893,F2663
F14063,F13710
F14978,F14766
F4837,F4801
F5501,F5227
F12504,F12229
F7744,F7714
F7932,F7670
F7166,F6847
F6393,F6070
F6642,F6256
F16743,F16390
F17039,F16815
F14229,F13955
F12810,F12459
F16330,F16174
F17454,F17068
F11128,F10887
F8994,F8914
F6928,F6636
F6020,F5963
F3153,F2756
F14384,F14073
F15493,F15310
F16323,F16074
F4487,F4148
F10041,F9748
F15742,F15535
F6605,F6435
F9758,F9430
F11798,F11427
F8601,F8337
F10807,F10486
F13829,F13537
F2861,F2568
F15188,F15159
F17899,F17863
F5850,F5837
F6166,F5969
F13964,F13669
F9587,F9464
F9539,F9509
F5530,F5450
F14249,F13906
F7009,F6829
F8861,F8527
F6658,F6290
F10294,F10043
F9548,F9180
F7603,F7300
F3299,F3236
F9474,F9451
F12617,F12550
F5330,F5255
F9602,F9491
F14450,F14339
F17520,F17475
F15439,F15234
F12698,F12414
F7999,F7969
F5349,F5279
F9089,F8913
F5187,F4891
F17578,F17271
F7732,F7728
F16998,F16598
F11704,F11675
F9852,F9718
F8865,F8713
F17334,F17218
F17010,F16683
F13630,F13519
F9769,F9397
F5543,F5505
F9942,F9677
F5241,F5129
F6377,F6082
F7062,F6876
F11385,F11092
F16144,F16077
F8680,F8283
F17139,F16826
F8519,F8234
F9374,F9083
F14545,F14217
F13110,F13067
F5554,F5538
F13261,F13168
F15806,F15746
F4794,F4442
F11015,F10951
F5435,F5432
F9270,F9099
F13972,F13962
F17079,F16697
F12407,F12016
F3978,F3747
F9477,F9303
F5317,F4948
F3603,F3541
F3622,F3248
F13935,F13685
F4599,F4334
F8839,F8682
F8390,F8249
F10322,F10124
F5926,F5653
F17563,F17373
F6143,F6086
F16542,F16158
F13501,F13493
F10304,F10008
F13260,F12863
F16710,F16321
F6094,F5855
F8652,F8546
F6168,F6145
F7991,F7749
F13388,F13372
F11278,F11245
F16200,F15934
F14893,F14735
F13930,F13891
F11520,F11217
F10551,F10204
F16306,F16289
F2874,F2595
F14769,F14737
F7872,F7631
F6354,F6148
F6160,F5810
F7607,F7265
F5048,F4733
F12869,F12781
F8792,F8488
F17184,F17034
F2759,F2662
F11048,F11012
F8964,F8643
F4781,F4524
F3512,F3500
F8246,F8009
F10934,F10549
F17158,F16954
F6726,F6555
F3518,F3127
F8854,F8655
F6623,F6427
F5185,F4826
F15293,F14898
F11830,F11779
F3842,F3791
F16602,F16585
F2734,F2633
F17518,F17426
F13506,F13253
F10430,F10112
F6012,F5728
F5557,F5329
F13231,F12905
F9239,F8974
F8080,F7767
F4224,F4188
F15637,F15244
F7435,F7202
F6191,F5907
F16983,F16654
F14281,F14051
F6570,F6263
F12984,F12960
F7048,F6843
F15421,F15407
F14721,F14489
F7051,F6850
F16042,F15713
F10825,F10636
F10881,F10741
F8693,F8566
F4535,F4525
F13163,F12867
F2958,F2559
F10521,F10359
F16377,F16260
F6643,F6407
F8525,F8340
F3427,F3209
F16960,F16930
F8705,F8474
F7566,F7366
F4453,F4095
F6925,F6906
F17211,F16856
F7773,F7462
F13057,F13030
F15561,F15484
F14748,F14370
F3593,F3356
F13055,F12805
F5079,F5045
F4530,F4287
F11752,F11741
F4978,F4823
F9732,F9439
F6451,F6158
F7585,F7553
F14617,F14524
F7064,F6937
F9579,F9373
F13526,F13157
F7441,F7231
F8394,F8374
F4461,F4182
F3275,F3118
F8218,F8212
F12463,F12423
F15694,F15544
F5257,F5205
F16450,F16447
F10691,F10515
F3198,F2813
F17318,F16954
F14162,F13941
F5335,F5147
F6215,F6156
F17922,F17847
F16310,F16204
F10116,F9914
F16143,F15955
F17744,F17733
F10642,F10321
F4758,F4498
F16927,F16776
F13314,F13170
F3993,F3742
F7824,F7448
F6987,F6644
F16626,F16404
F3930,F3740
F14352,F14317
F10560,F10248
F4636,F4245
F8252,F7899
F16695,F16318
F3259,F3253
F8716,F8423
F17724,F17441
F16541,F16513
F13987,F13869
F16492,F16413
F5912,F5658
F6843,F6457
F4299,F4143
F17000,F16697
F12164,F11923
F15767,F15726
F8941,F8898
F10137,F10029
F11508,F11249
F11780,F11758
F8967,F8603
F10827,F10684
F5077,F4923
F15227,F14907
F4303,F3976
F8295,F7975
F3406,F3206
F17534,F17359
F14673,F14306
F5852,F5579
F6675,F6430
F14974,F14728
F4154,F3950
F5317,F5130
F12659,F12334
F12300,F11905
F14351,F14291
F12762,F12734
F3981,F3617
F8160,F7844
F10315,F10101
F16576,F16389
F5117,F4926
F13159,F12824
F16960,F16585
F17179,F16816
F16449,F16061
F13427,F13273
F17042,F17000
F6965,F6718
F13838,F13815
F16594,F16376
F8037,F7763
F14348,F14288
F13000,F12739
F9720,F9648
F16139,F16121
F4415,F4225
F6205,F5945
F11736,F11513
F4277,F4119
F5392,F5379
F2982,F2723
F9014,F8880
F15912,F15833
F17727,F17491
F12363,F12058
F15211,F14842
F15909,F15905
F7472,F7162
F14670,F14285
F2711,F2608
F4921,F4835
F9244,F8895
F5621,F5449
F6244,F6041
F4211,F3894
F5607,F5536
F11097,F10850
F6239,F5986
F17044,F16663
F8214,F8122
F6510,F6394
F15799,F15585
F10599,F10472
F11647,F11477
F17224,F17160
F7377,F7327
F16517,F16342
F15417,F15216
F14458,F14083
F13448,F13403
F5721,F5356
F8774,F8414
F8161,F8114
F12914,F12755
F4815,F4465
F9379,F9211
F8678,F8466
F15498,F15399
F3728,F3568
F12151,F11847
F7167,F6857
F9727,F9639
F11788,F11485
F5185,F4832
F7583,F7220
F15916,F15821
F14519,F14430
F4201,F4089
F14345,F14172
F9382,F9067
F2822,F2505
F10702,F10562
F14669,F14432
F16969,F16697
F4317,F4056
F5643,F5468
F7959,F7602
F16275,F15878
F11199,F10836
F12093,F11744
F17794,F17423
F10173,F10172
F10780,F10700
F5941,F5594
F17797,F17472
F9147,F8842
F7960,F7746
F7874,F7738
F11929,F11564
F15268,F15196
F4489,F4462
F15898,F15566
F16932,F16739
F13930,F13671
F9190,F8964
F15256,F15047
F4178,F4177
F7211,F6906
F10537,F10257
F15253,F15071
F5098,F5046
F6482,F6406
F7802,F7418
F15495,F15132
F12443,F12154
F11296,F11173
F6091,F5749
F3256,F2958
F9639,F9418
F7366,F7336
F8956,F8908
F17338,F17232
F12917,F12533
F17880,F17557
F3035,F2661
F7920,F7861
F16480,F16380
F2961,F2656
F14703,F14662
F16013,F15784
F9877,F9530
F7373,F7266
F9336,F8988
F17829,F17770
F10218,F10114
F7348,F7160
F17334,F17068
F2895,F2791
F7024,F6814
F13303,F13239
F14898,F14503
F5164,F4870
F6680,F6635
F10028,F9901
F8006,F7971
F9787,F9613
F14765,F14437
F4692,F4489
F13648,F13455
F13467,F13308
F8487,F8245
F16803,F16732
F5262,F5215
F17947,F17724
F6476,F6235
F6625,F6587
F13571,F13317
F12861,F12595
F11359,F11063
F15290,F14914
F5633,F5463
F7968,F7892
F13144,F12761
F9243,F8859
F9915,F9677
F6785,F6612
F9743,F9664
F4912,F4872
F5686,F5288
F4089,F3704
F16320,F16276
F16958,F16889
F16532,F16184
F6937,F6736
F5457,F5140
F9876,F9723
F2909,F2719
F4585,F4203
F9442,F9061
F8458,F8078
F17874,F17523
F16127,F15792
F16340,F16228
F4740,F4394
F12027,F11998
F6756,F6416
F8667,F8430
F8669,F8523
F12566,F12554
F5112,F4942
F4633,F4265
F7534,F7409
F14383,F14298
F16185,F16053
F16740,F16530
F10457,F10077
F14544,F14149
F15621,F15279
F17711,F17421
F8420,F8188
F17099,F17042
F9828,F9434
F13081,F12926
F11468,F11368
F14095,F14063
F7838,F7787
F8552,F8499
F6696,F6516
F4319,F4237
F17800,F17670
F5552,F5480
F14950,F14880
F11941,F11871
F15478,F15204
F12502,F12251
F3499,F3363
F13026,F12677
F10008,F9746
F15600,F15469
F16825,F16463
F7455,F7435
F4937,F4933
F7979,F7737
F11908,F11671
F7308,F7059
F8142,F7936
F9959,F9904
F12859,F12822
F15712,F15559
F5268,F5185
F9813,F9692
F17039,F16723
F4354,F4353
F16650,F16563
F8343,F8141
F9938,F9781
F6437,F6208
F14068,F14008
F14172,F13925
F9951,F9564
F6418,F6072
F13147,F13115
F16708,F16450
F13456,F13135
F5490,F5237
F17716,F17551
F15186,F14880
F17516,F17159
F6184,F5954
F14803,F14633
F7706,F7704
F7248,F7089
F12717,F12412
F16995,F16847
F6441,F6197
F12881,F12544
F12966,F12676
F7666,F7462
F11364,F11123
F14974,F14717
F7950,F7740
F8080,F8047
F9409,F9206
F7805,F7542
F11165,F11036
F7320,F6931
F14159,F14040
F13275,F12930
F16768,F16529
F10679,F10292
F12979,F12580
F15726,F15704
F7494,F7195
F5393,F5093
F6029,F5781
F16006,F15741
F16437,F16234
F5488,F5393
F6069,F5833
F12388,F12061
F12202,F11824
F14256,F13952
F3880,F3697
F15127,F14937
F17037,F16936
F5152,F5087
F6107,F5796
F11080,F11057
F8666,F8289
F12033,F11789
F16804,F16570
F13628,F13600
F13162,F13049
F9063,F9049
F4624,F4445
F9910,F9518
F11312,F11001
F14658,F14416
F8604,F8283
F12976,F12766
F11643,F11249
F10655,F10642
F8333,F8193
F8135,F8068
F3926,F3619
F2767,F2689
F10421,F10395
F15206,F15115
F16303,F16183
F10230,F10000
F7371,F7354
F10948,F10707
F13840,F13818
F16958,F16824
F14930,F14835
F6829,F6642
F6672,F6377
F10288,F10133
F17191,F16857
F16259,F15955
F4875,F4611
F13233,F13206
F13620,F13462
F16032,F15763
F9215,F9109
F4824,F4615
F8972,F8708
F16268,F16005
F12808,F12436
F4595,F4557
F11375,F11161
F5104,F4882
F5371,F5303
F15580,F15383
F4617,F4514
F10070,F10042
F10885,F10870
F16878,F16537
F4179,F4152
F11024,F10938
F3737,F3533
F14026,F13954
F15936,F15881
F9187,F9166
F11039,F10702
F14403,F14335
F11284,F10936
F4672,F4473
F13496,F13144
F8806,F8586
F14035,F13798
F8909,F8511
F17933,F17883
F4138,F3813
F6633,F6331
F12197,F12103
F4917,F4608
F6464,F6433
F15070,F14832
F14228,F14041
F15694,F15305
F11874,F11634
F15029,F14832
F15442,F15167
F9244,F8917
F10536,F10219
F17189,F16910
F7309,F7040
F6446,F6407
F9497,F9307
F4324,F4166
F7294,F7265
F4564,F4450
F17511,F17484
F3037,F2783
F10732,F10601
F3171,F3141
F12659,F12331
F8030,F7972
F8403,F8005
F13892,F13582
F15530,F15183
F14082,F13904
F11125,F11124
F4859,F4677
F13830,F13582
F3126,F2843
F10067,F9867
F10483,F10256
F12278,F11995
F15674,F15277
F7336,F7145
F8276,F8187
F7068,F6796
F16452,F16075
F10639,F10386
F7840,F7741
F3627,F3306
F4233,F3839
F4931,F4916
F9227,F9166
F8103,F7733
F10988,F10617
F15781,F15461
F8852,F8586
F16634,F16247
F5169,F4816
F4157,F4046
F11309,F11101
F6348,F6066
F8762,F8570
F2943,F2876
F7829,F7468
F5055,F4657
F14652,F14567
F14979,F14794
F15305,F14930
F13450,F13259
F11180,F11038
F16674,F16617
F3522,F3129
F11586,F11335
F12859,F12566
F9682,F9585
F11351,F11236
F15787,F15666
F8543,F8291
F5257,F5112
F14056,F13869
F11794,F11645
F12162,F12067
F15837,F15560
F5342,F5126
F13124,F12944
F4064,F3975
F5817,F5768
F16908,F16818
F9879,F9840
F10028,F9975
F15082,F14912
F3055,F3015
F11616,F11534
F8349,F8154
F17646,F17292
F9602,F9320
F16156,F16005
F9780,F9446
F8217,F7863
F12024,F11659
F8700,F8633
F6519,F6422
F5543,F5410
F10900,F10617
F8483,F8117
F5060,F4863
F9253,F9202
F15678,F15303
F13667,F13447
F10011,F9968
F15168,F15085
F12469,F12374
F3039,F2945
F4881,F4562
F4855,F4465
F3731,F3649
F8396,F8219
F11383,F11070
F11932,F11609
F4509,F4443
F3556,F3504
F7592,F7381
F14879,F14852
F16735,F16647
F17681,F17503
F3287,F3103
F16287,F15993
F15852,F15498
F8828,F8684
F5661,F5461
F4074,F3706
F12070,F11789
F12925,F12745
F5602,F5209
F17689,F17374
F10689,F10421
F12666,F12481
F6037,F5979
F11461,F11140
F5227,F5028
F14884,F14521
F6038,F5657
F8976,F8893
F14460,F14344
F4945,F4712
F16213,F15863
F6817,F6765
F5712,F5637
F4564,F4523
F11843,F11835
F7560,F7431
F7651,F7473
F8310,F8013
F16128,F15776
F4130,F4051
F12456,F12283
F12881,F12595
F16760,F16592
F15104,F14768
F11312,F11242
F10424,F10160
F13945,F13762
F8882,F8618
F14611,F14366
F15645,F15311
F5180,F5032
F7094,F6844
F9156,F8919
F3644,F3449
F14138,F13914
F8094,F8001
F5644,F5474
F6358,F6148
F11579,F11482
F9600,F9477
F14432,F14144
F11539,F11186
F4750,F4520
F7901,F7690
F8139,F7750
F8843,F8622
F13209,F13184
F2999,F2625
F13570,F13406
F14704,F14308
F10488,F10391
F2997,F2780
F9246,F9054
F5850,F5698
F12549,F12377
F9799,F9433
F14040,F13939
F10615,F10267
F17210,F16872
F11855,F11529
F8925,F8829
F11438,F11227
F4517,F4241
F11705,F11497
F17679,F17362
F3164,F2902
F15208,F15193
F16827,F16764
F10339,F10028
F4091,F4062
F12730,F12494
F15473,F15350
F11785,F11592
F7270,F7202
F4584,F4551
F5648,F5467
F12150,F11979
F17347,F17157
F15205,F15104
F4116,F3754
F9856,F9784
F4138,F3885
F10261,F10260
F10068,F9942
F2823,F2714
F8934,F8773
F11869,F11512
F2787,F2711
F7025,F6705
F16322,F16156
F14289,F13990
F11777,F11767
F10930,F10781
F9532,F9261
F11792,F11577
F3884,F3855
F11256,F11148
F8257,F7903
F9983,F9584
F13817,F13764
F4265,F3879
F13798,F13491
F4913,F4562
F9641,F9289
F6486,F6451
F15092,F14710
F12266,F12026
F5645,F5377
F5044,F5023
F3516,F3195
F11400,F11179
F8221,F8078
F9023,F8837
F16618,F16571
F12990,F12774
F17505,F17132
F15654,F15436
F5857,F5558
F9713,F9691
F12152,F11876
F12246,F12066
F15086,F14713
F14317,F14315
F8929,F8566
F6117,F5943
F15503,F15225
F7568,F7226
F14540,F14472
F8209,F8014
F4347,F4344
F15675,F15515
F5068,F4843
F13608,F13231
F14698,F14347
F13512,F13307
F2894,F2663
F11068,F10977
F4670,F4462
F16156,F16021
F6242,F6034
F9868,F9762
F15440,F15379
F12552,F12245
F10079,F9745
F15818,F15610
F11366,F11091
F5806,F5460
F17430,F17128
F10978,F10757
F4744,F4523
F14198,F14173
F9006,F8989
F5900,F5744
F11166,F10953
F7240,F7062
F9539,F9187
F10176,F9854
F10247,F9904
F10515,F10154
F15116,F15008
F4673,F4507
F8238,F8132
F11957,F11821
F9183,F8924
F5509,F5162
F14152,F13836
F12882,F12713
F7896,F7646
F7986,F7943
F5031,F4834
F7724,F7575
F10988,F10753
F6615,F6572
F10561,F10210
F11265,F10970
F13498,F13352
F17665,F17659
F5954,F5582
F2867,F2648
F3621,F3245
F11298,F10978
F12525,F12523
F7693,F7342
F15526,F15523
F11073,F11026
F8318,F8117
F11633,F11569
F4860,F4788
F6970,F6713
F14187,F13883
F14470,F14454
F8568,F8178
F5576,F5484
F15044,F14855
F10063,F9912
F9426,F9082
F3787,F3712
F8343,F8236
F10106,F9722
F16314,F15939
F12261,F12184
F15955,F15608
F9847,F9537
F15307,F15161
F14604,F14280
F8675,F8472
F5339,F5004
F11439,F11218
F16160,F15843
F3551,F3320
F8577,F8291
F11690,F11625
F13712,F13421
F11770,F11462
F17348,F17300
F7510,F7359
F10811,F10748
F14159,F13759
F8916,F8850
F16366,F16134
F3959,F3649
F14078,F13974
F13382,F13283
F4592,F4399
F12596,F12290
F7796,F7500
F9625,F9318
F10758,F10404
F17166,F17007
F4955,F4618
F8804,F8505
F11377,F11026
F14755,F14404
F15518,F15214
F15989,F15918
F11614,F11399
F3756,F3420
F8582,F8463
F2745,F2459
F10568,F10323
F14534,F14157
F14665,F14432
F15198,F15044
F15457,F15239
F17178,F16966
F16391,F16172
F11017,F10801
F3948,F3859
F8569,F8193
F11658,F11492
F15877,F15810
F4744,F4662
F12248,F11862
F14210,F14112
F11523,F11179
F11532,F11178
F6309,F6063
F5484,F5153
F3374,F3128
F2925,F2768
F13388,F13171
F14472,F14344
F12671,F12428
F6651,F6277
F3005,F2799
F14567,F14378
F13710,F13415
F4622,F4348
F16824,F16432
F6380,F6208
F15559,F15395
F11354,F11190
F5943,F5940
F16562,F16342
F7992,F7637
F13996,F13655
F11083,F10908
F11315,F11151
F17671,F17507
F9024,F8660
F8422,F8075
F17166,F17114
F12451,F12302
F5025,F5011
F4807,F4539
F6761,F6605
F6404,F6015
F13077,F12887
F5708,F5353
F9130,F8949
F13315,F13254
F14960,F14851
F3622,F3613
F10251,F10213
F11237,F10856
F12135,F11949
F4509,F4112
F15580,F15214
F15007,F14840
F14702,F14695
F3091,F3085
F3185,F2971
F12117,F12115
F5647,F5535
F7015,F6626
F5971,F5630
F12502,F12151
F14688,F14510
F14230,F14184
F12017,F11902
F10996,F10892
F8442,F8425
F13305,F13260
F12975,F12756
F9597,F9539
F17568,F17316
F9781,F9506
F11975,F11803
F13560,F13394
F15830,F15570
F4001,F3947
F13470,F13227
F14701,F14417
F15018,F15016
F13111,F13095
F6024,F5980
F11568,F11300
F8296,F8077
F16366,F15985
F6992,F6821
F17191,F17177
F12904,F12643
F5053,F5039
F10567,F10395
F15052,F14928
F15418,F15088
F3571,F3563
F6116,F5800
F9545,F9279
F4625,F4460
F7429,F7350
F3150,F2752
F10877,F10509
F4232,F3836
F13636,F13372
F12460,F12247
F2890,F2652
F5729,F5535
F13599,F13413
F7279,F7108
F16826,F16778
F7622,F7344
F17067,F16744
F15933,F15853
F11020,F10723
F13101,F13019
F12551,F12536
F16121,F16104
F12589,F12363
F9289,F9130
F10808,F10686
F10599,F10547
F10815,F10514
F14813,F14631
F16725,F16629
F16790,F16430
F5099,F4742
F5973,F5860
F11922,F11532
F4863,F4784
F3684,F3393
F8634,F8568
F4369,F4134
F4108,F3903
F11677,F11466
F10128,F9855
F5035,F4822
F17028,F17024
F7913,F7543
F11670,F11431
F13314,F13098
F4156,F4069
F5373,F5032
F10295,F10175
F13690,F13639
F17153,F17002
F8313,F8253
F17032,F17010
F7638,F7578
F7202,F6889
F9572,F9318
F11168,F11040
F8009,F7768
F11926,F11558
F7989,F7721
F10230,F10109
F10861,F10830
F10810,F10490
F12971,F12574
F13045,F12970
F12583,F12535
F10568,F10483
F4347,F4022
F13713,F13514
F9331,F9130
F15793,F15589
F15949,F15941
F5722,F5478
F15042,F14970
F8650,F8360
F14969,F14890
F15725,F15337
F8839,F8798
F11931,F11813
F15392,F15294
F15881,F15824
F11578,F11374
F8627,F8518
F4637,F4556
F14980,F14608
F9335,F9075
F6281,F6232
F12288,F12176
F10533,F10497
F11647,F11359
F6239,F6147
F7281,F7218
F17173,F17023
F16286,F15993
F16580,F16430
F8680,F8286
F12192,F12111
F9967,F9912
F17676,F17421
F11828,F11697
F15112,F14989
F4590,F4497
F15591,F15510
F6740,F6356
F10841,F10647
F4548,F4190
F13629,F13314
F14052,F13978
F2864,F2573
F10543,F10383
F3893,F3617
F5758,F5516
F15071,F14746
F17999,F17815
F16848,F16511
F5076,F4801
F8963,F8685
F10229,F10080
F4245,F4143
F16713,F16624
F16753,F16384
F6160,F6047
F10159,F9874
F13620,F13280
F9403,F9051
F3387,F3193
F4557,F4166
F5729,F5380
F8888,F8506
F5927,F5721
F15168,F14823
F3637,F3580
F8460,F8393
F10958,F10819
F3122,F2970
F7323,F7077
F7790,F7446
F5343,F4984
F9663,F9546
F7046,F7034
F10381,F10245
F12560,F12424
F14381,F14092
F3794,F3416
F5718,F5539
F15059,F15030
F5951,F5831
F4144,F4059
F5932,F5831
F10106,F9741
F3243,F3210
F12705,F12439
F17847,F17832
F14292,F14011
F10774,F10610
F5760,F5396
F10720,F10533
F8354,F8147
F5213,F5018
F12605,F12260
F16081,F15762
F9479,F9350
F14579,F14483
F9526,F9476
F9792,F9717
F15186,F15165
F13702,F13639
F3115,F3093
F2939,F2666
F10271,F10134
F17662,F17618
F16376,F16256
F17692,F17648
F15063,F14924
F10466,F10280
F16230,F15907
F4541,F4418
F12678,F12661
F16168,F16017
F8641,F8350
F14018,F14008
F16925,F16918
F7561,F7204
F12675,F12665
F3957,F3584
F6820,F6482
F2947,F2800
F7811,F7689
F15099,F14935
F17366,F17199
F10621,F10402
F5866,F5539
F14670,F14297
F14952,F14931
F7161,F6772
F11177,F10917
F3448,F3064
F9605,F9364
F14332,F14266
F11754,F11696
F14758,F14408
F3524,F3454
F9821,F9819
F14543,F14493
F5730,F5630
F4389,F4383
F7383,F7233
F17152,F16822
F5792,F5564
F13354,F13168
F14392,F14264
F5565,F5303
F15639,F15399
F12596,F12390
F13873,F13512
F15714,F15615
F15851,F15480
F13357,F13150
F2873,F2577
F15605,F15258
F16503,F16302
F4414,F4286
F9399,F9147
F7131,F6814
F12863,F12842
F17896,F17631
F12961,F12823
F3360,F3226
F14420,F14202
F9249,F8901
F4859,F4739
F12817,F12541
F14536,F14193
F15543,F15275
F12451,F12256
F7215,F6841
F14071,F13856
F11555,F11281
F16797,F16665
F12211,F11957
F8026,F7635
F11149,F10931
F12743,F12447
F16557,F16304
F8150,F7789
F11316,F11298
F15051,F14943
F17129,F17009
F4272,F4006
F13779,F13602
F8140,F7976
F11054,F10670
F16457,F16392
F6457,F6121
F6539,F6341
F14173,F14111
F15745,F15420
F5005,F4805
F7010,F6747
F14764,F14490
F17192,F17114
F8829,F8648
F16349,F16227
F4346,F4288
F9986,F9748
F3857,F3574
F14855,F14773
F13244,F12894
F8670,F8560
F9157,F9053
F15844,F15655
F14411,F14258
F2872,F2698
F14922,F14568
F15965,F15651
F4445,F4133
F16636,F16573
F9111,F9024
F4033,F3655
F12355,F12310
F11442,F11404
F14563,F14467
F4269,F4149
F14002,F13711
F16678,F16423
F2835,F2629
F5383,F5334
F3772,F3770
F7056,F6784
F9355,F9246
F13970,F13643
F9798,F9549
F15501,F15228
F4273,F3980
F5123,F4766
F9291,F9155
F9195,F9049
F14408,F14347
F10726,F10490
F3387,F3141
F6606,F6594
F6526,F6207
F13941,F13699
F6316,F6004
F12164,F11785
F9650,F9610
F7964,F7700
F13682,F13437
F6070,F5699
F16018,F15696
F7173,F7057
F9157,F9056
F5808,F5652
F13454,F13297
F17387,F17135
F15801,F15647
F7739,F7670
F4186,F3996
F17895,F17676
F4456,F4339
F5749,F5733
F14893,F14813
F17535,F17377
F11683,F11613
F14534,F14488
F7745,F7490
F10151,F9953
F16105,F15912
F3975,F3843
F3419,F3080
F12748,F12683
F13656,F13444
F14126,F14098
F7160,F6929
F17108,F16951
F6355,F6132
F13823,F13698
F13180,F12960
F4817,F4686
F12567,F12481
F13373,F13139
F9446,F9175
F7314,F7053
F9388,F9092
F7371,F7068
F4361,F4084
F10971,F10918
F16357,F16158
F12068,F11816
F11067,F10929
F14640,F14627
F15196,F14965
F16129,F15857
F15357,F15235
F5078,F4691
F4149,F3871
F8290,F7985
F4656,F4628
F9155,F9020
F4076,F3789
F10670,F10286
F16364,F16309
F7109,F6816
F17333,F17162
F13662,F13616
F4318,F3973
F13060,F12866
F4212,F3989
F9089,F8744
F17153,F17017
F12050,F11757
F6561,F6246
F5801,F5583
F11810,F11596
F10507,F10473
F4558,F4536
F8308,F8282
F4947,F4785
F4156,F3970
F5173,F4983
F13748,F13556
F8577,F8474
F15011,F14695
F14592,F14484
F10006,F9657
F3777,F3497
F11198,F11189
F4790,F4461
F3144,F2759
F11356,F10974
F16754,F16644
F5397,F5169
F11050,F10698
F12030,F11983
F12698,F12621
F16271,F16172
F6276,F6227
F15233,F14988
F15781,F15445
F17219,F16967
F16608,F16551
F10180,F10054
F8718,F8604
F15790,F15498
F10741,F10503
F14446,F14255
F16522,F16411
F9170,F8782
F7162,F6939
F10085,F9710
F16419,F16129
F10977,F10849
F14251,F14082
F6353,F5974
F5099,F4853
F17038,F16842
F14320,F14205
F5668,F5634
F4929,F4724
F14787,F14502
F16255,F15914
F10815,F10667
F14031,F13650
F11715,F11527
F3186,F3098
F4073,F3900
F4912,F4633
F7769,F7676
F4666,F4295
F17674,F17451
F3497,F3260
F15466,F15412
F3573,F3517
F4914,F4806
F4038,F3839
F9320,F8931
F17901,F17535
F3405,F3317
F14030,F13749
F10639,F10270
F4944,F4720
F10609,F10516
F12691,F12428
F16462,F16067
F13611,F13317
F4857,F4489
F5071,F5069
F5915,F5575
F17587,F17410
F15246,F15224
F6178,F5844
F14929,F14906
F12294,F12180
F12740,F12571
F13556,F13201
F13639,F13296
F7103,F6895
F3089,F3082
F10764,F10413
F14006,F13667
F10305,F10036
F5163,F4842
F2839,F2678
F5261,F5150
F5268,F4996
F17911,F17565
F15850,F15810
F3054,F2822
F6740,F6603
F7695,F7432
F8195,F7831
F9482,F9454
F4458,F4449
F10566,F10269
F7966,F7761
F7392,F7137
F12716,F12586
F7490,F7479
F14183,F14017
F7973,F7642
F10749,F10501
F16241,F15932
F8844,F8498
F3297,F3279
F7376,F7217
F15950,F15892
F14378,F14150
F17350,F17029
F17974,F17933
F17653,F17457
F14080,F13849
F12593,F12457
F8307,F8223
F7620,F7477
F11999,F11622
F5392,F5275
F13242,F12885
F7249,F7170
F6415,F6154
F6524,F6197
F16343,F16301
F5623,F5316
F6866,F6521
F7958,F7731
F6775,F6435
F5510,F5151
F14348,F14321
F13960,F13900
F13484,F13162
F4184,F4065
F12272,F12084
F14399,F14165
F11921,F11689
F13802,F13483
F7766,F7653
F17769,F17634
F6538,F6504
F2939,F2610
F8802,F8701
F8923,F8735
F8740,F8482
F16714,F16621
F14163,F13921
F14630,F14351
F17187,F16876
F3921,F3801
F12476,F12234
F10988,F10732
F10146,F10075
F5149,F5039
F11316,F11132
F6584,F6251
F12120,F11815
F5444,F5250
F13452,F13165
F17568,F17343
F3516,F3205
F11973,F11864
F5921,F5796
F17943,F17897
F4463,F4295
F6697,F6665
F4717,F4681
F11464,F11388
F10561,F10273
F12590,F12245
F10034,F9809
F14468,F14264
F9692,F9328
F8375,F8202
F10871,F10724
F9308,F9255
F9663,F9274
F2863,F2642
F13563,F13455
F12847,F12661
F12654,F12271
F8004,F7672
F13894,F13697
F15449,F15094
F9791,F9484
F13800,F13593
F15596,F15342
F13468,F13340
F9489,F9487
F17265,F16999
F5007,F4810
F13038,F12808
F15966,F15871
F11356,F10973
F10997,F10627
F15847,F15492
F17946,F17631
F16574,F16418
F5268,F5248
F4338,F4336
F16194,F16049
F2800,F2545
F16337,F16182
F8724,F8691
F11747,F11618
F15276,F15149
F8180,F8043
F3864,F3762
F3128,F3073
F11195,F11155
F16360,F16220
F4979,F4716
F15417,F15057
F15676,F15337
F3246,F3244
F8657,F8368
F4627,F4463
F4617,F4224
F16622,F16461
F16110,F15971
F9722,F9501
F15529,F15366
F15916,F15676
F17643,F17381
F9782,F9563
F17414,F17037
F15309,F15160
F15578,F15480
F4152,F3907
F12233,F11939
F17529,F17302
F4993,F4917
F5651,F5644
F8619,F8287
F13383,F13106
F8273,F8149
F15287,F15051
F4324,F4107
F5024,F4893
F6089,F6084
F15052,F14696
F16978,F16740
F8857,F8580
F5525,F5280
F8171,F7792
F5255,F5040
F6333,F6242
F5736,F5635
F6066,F6041
F8798,F8520
F10109,F10010
F8147,F8056
F13005,F12627
F8329,F8271
F4548,F4374
F9534,F9224
F16624,F16473
F15403,F15207
F7143,F7090
F16128,F16039
F5322,F5012
F10048,F10017
F5909,F5570
F12806,F12501
F8739,F8559
F16722,F16379
F16237,F16146
F13523,F13495
F8520,F8436
F14389,F14373
F3240,F2918
F8794,F8542
F6671,F6527
F17495,F17241
F9462,F9077
F7245,F7103
F6391,F6009
F10023,F9976
F11271,F10932
F9687,F9591
F5968,F5580
F14990,F14862
F4691,F4526
F15389,F15320
F3413,F3146
F16009,F15917
F13348,F13250
F13538,F13504
F12675,F12537
F16352,F16160
F12018,F11998
F8985,F8826
F2860,F2822
F3587,F3581
F7703,F7636
F11644,F11562
F16317,F16199
F4320,F3960
F7183,F6935
F10728,F10451
F14914,F14837
F17971,F17793
F15326,F15299
F2871,F2537
F5943,F5789
F13129,F13072
F14160,F13932
F6979,F6781
F5132,F5122
F5768,F5632
F11409,F11132
F8152,F8012
F5711,F5706
F6259,F5949
F5367,F5240
F15483,F15335
F15637,F15274
F8681,F8359
F3237,F2911
F14584,F14362
F8129,F7783
F3850,F3503
F6876,F6644
F14613,F14612
F17985,F17866
F6546,F6304
F10218,F9908
F14514,F14328
F4851,F4557
F9728,F9559
F10593,F10408
F13278,F12895
F17402,F17292
F8095,F7837
F10317,F10266
F15021,F14670
F7453,F7225
F16294,F16054
F12419,F12162
F12609,F12341
F10448,F10382
F17667,F17423
F15657,F15292
F4780,F4747
F16359,F16286
F8212,F7956
F8452,F8113
F5797,F5409
F9373,F9091
F9383,F9377
F12614,F12598
F17167,F16784
F13718,F13467
F13937,F13803
F5162,F4836
F8844,F8746
F10323,F10299
F13604,F13443
F15019,F14939
F8692,F8512
F8250,F8236
F9862,F9512
F10930,F10715
F11487,F11406
F9081,F8764
F14691,F14516
F6451,F6083
F16698,F16653
F3528,F3140
F5994,F5956
F10806,F10652
F11141,F10929
F8433,F8040
F9696,F9354
F13234,F13010
F16408,F16230
F17803,F17730
F7719,F7576
F14711,F14483
F11264,F11210
F2961,F2599
F3286,F3103
F4641,F4432
F13555,F13188
F13881,F13801
F5511,F5279
F10459,F10362
F3564,F3263
F13391,F13147
F14983,F14646
F8096,F7763
F8082,F7770
F15066,F14855
F15315,F15125
F9365,F9207
F10956,F10889
F14789,F14595
F15450,F15429
F15546,F15475
F13534,F13228
F13318,F12958
F14055,F14022
F8435,F8316
F9902,F9668
F15894,F15705
F17677,F17673
F9643,F9614
F15722,F15491
F2747,F2561
F11845,F11744
F11008,F10770
F10340,F10065
F8734,F8638
F5914,F5835
F12841,F12480
F11168,F10793
F5449,F5275
F3305,F3099
F4383,F4167
F15630,F15508
F5742,F5617
F8595,F8466
F14219,F14088
F8130,F7745
F3329,F3300
F6304,F5962
F13354,F13115
F10152,F9810
F15856,F15572
F12919,F12909
F13035,F12712
F7327,F7003
F17826,F17723
F6072,F5813
F8658,F8445
F3248,F3067
F4981,F4830
F13695,F13331
F3858,F3459
F12662,F12547
F4055,F3714
F17423,F17243
F6130,F6017
F13555,F13526
F9535,F9516
F7410,F7298
F13152,F12835
F13369,F13022
F14834,F14537
F3343,F2978
F7649,F7548
F8330,F7960
F6948,F6639
F12536,F12508
F9697,F9555
F3429,F3161
F5699,F5420
F16415,F16244
F13232,F12845
F3256,F2981
F12771,F12543
F12772,F12547
F15565,F15298
F14646,F14586
F14009,F13957
F15329,F15275
F7061,F7055
F11526,F11465
F13803,F13576
F9193,F8956
F13240,F12874
F4524,F4146
F5222,F5018
F11401,F11303
F15976,F15716
F4935,F4599
F3988,F3614
F5212,F4969
F10034,F9908
F6042,F5915
F9025,F8939
F7341,F7146
F6432,F6178
F10205,F10182
F4032,F3750
F7517,F7325
F4973,F4575
F6682,F6532
F7688,F7374
F6481,F6270
F10999,F10894
F14333,F14316
F15245,F14914
F17519,F17216
F12562,F12466
F4089,F3782
F8717,F8405
F9311,F9124
F16697,F16432
F15644,F15463
F8827,F8609
F17164,F16950
F16570,F16366
F8940,F8922
F7042,F6943
F4797,F4479
F11672,F11447
F17177,F16804
F11247,F11085
F12890,F12838
F6146,F5825
F14957,F14809
F13778,F13762
F16182,F16110
F15259,F15233
F5082,F4835
F14848,F14545
F10231,F10000
F16741,F16657
F6620,F6399
F9574,F9230
F9736,F9351
F4226,F3944
F4056,F4003
F11943,F11575
F14542,F14530
F4662,F4526
F5762,F5639
F14480,F14134
F6838,F6605
F4308,F4020
F10310,F9910
F4622,F4255
F15948,F15835
F16512,F16201
F3642,F3296
F4294,F4062
F10955,F10918
F12117,F11987
F17105,F16940
F4351,F4298
F16347,F15997
F4659,F4504
F3820,F3614
F10481,F10157
F14222,F13937
F12484,F12283
F12724,F12722
F6592,F6253
F11240,F10872
F11444,F11128
F7242,F7114
F7804,F7516
F9115,F9101
F10356,F10227
F5557,F5444
F3393,F3218
F14814,F14464
F17726,F17506
F13870,F13610
F3470,F3179
F12092,F12036
F4488,F4438
F8180,F8066
F5135,F5069
F17350,F16953
F15127,F14893
F14002,F13678
F12146,F11912
F3542,F3279
F16717,F16350
F14619,F14302
F7988,F7944
F6492,F6245
F17555,F17377
F17458,F17430
F7251,F7239
F12012,F11675
F11393,F11079
F16290,F16210
F7535,F7289
F12727,F12612
F14975,F14744
F13260,F13259
F3969,F3791
F6864,F6644
F10816,F10589
F16574,F16283
F8934,F8827
F5533,F5387
F17501,F17210
F17423,F17267
F13998,F13795
F8254,F8211
F6452,F6248
F6332,F5959
F10821,F10429
F13645,F13486
F7621,F7228
F9450,F9382
F16404,F16354
F5821,F5445
F5063,F4678
F16405,F16181
F15309,F15280
F15872,F15820
F5659,F5299
F9902,F9746
F7974,F7756
F15186,F15158
F17215,F16846
F3315,F3194
F6790,F6680
F8423,F8071
F11651,F11459
F13488,F13358
F12387,F12181
F5339,F5198
F6309,F6113
F12634,F12319
F12026,F11678
F5831,F5495
F3843,F3604
F8362,F8075
F4426,F4331
F9457,F9135
F13348,F13272
F6942,F6854
F9939,F9841
F7208,F6994
F17013,F16926
F17591,F17498
F4954,F4561
F2784,F2657
F15405,F15190
F4811,F4808
F12459,F12408
F11105,F10714
F15465,F15464
F5460,F5392
F5536,F5225
F5191,F5017
F2889,F2817
F10973,F10948
F6583,F6258
F17704,F17455
F14859,F14475
F10900,F10717
F8787,F8510
F3918,F3847
F7889,F7761
F9904,F9828
F14181,F13805
F14070,F13992
F15090,F14830
F4000,F3983
F16439,F16294
F5980,F5908
F10392,F10044
F9694,F9443
F11491,F11142
F10065,F9705
F14905,F14671
F15337,F15005
F10389,F10386
F16029,F15642
F16995,F16958
F6525,F6464
F15326,F15258
F3346,F3095
F7778,F7385
F16674,F16337
F3837,F3437
F11880,F11728
F3182,F2910
F12713,F12593
F5965,F5681
F14511,F14168
F3037,F2872
F13294,F13178
F6052,F5678
F9206,F8923
F13419,F13027
F9173,F9091
F3771,F3536
F7967,F7660
F17261,F16873
F12158,F12099
F17213,F17158
F16268,F16224
F5837,F5545
F6942,F6767
F16385,F16284
F14886,F14800
F8199,F7840
F3505,F3255
F4511,F4508
F3583,F3461
F7279,F7038
F12620,F12557
F9177,F9047
F5943,F5617
F12947,F12608
F5284,F5233
F4938,F4877
F8244,F8048
F16918,F16836
F4894,F4575
F15937,F15802
F4651,F4549
F9448,F9055
F13536,F13447
F13165,F12859
F12160,F12143
F17285,F17136
F14500,F14420
F15349,F15195
F4898,F4563
F12368,F12030
F4474,F4200
F9114,F8785
F9398,F9365
F7653,F7578
F6825,F6466
F5346,F5068
F5556,F5461
F6464,F6428
F2997,F2853
F3565,F3188
F8931,F8766
F10293,F10152
F8754,F8659
F6212,F5956
F5619,F5261
F15897,F15616
F8894,F8647
F8141,F7822
F17435,F17168
F17258,F17152
F3237,F3009
F15219,F15040
F16355,F16200
F9703,F9306
F16131,F16055
F17060,F16883
F7047,F6914
F11578,F11243
F6185,F6023
F16694,F16569
F15747,F15606
F6416,F6222
F13843,F13459
F6397,F6053
F12871,F12573
F4498,F4179
F16786,F16500
F8090,F7869
F9947,F9846
F6455,F6085
F8654,F8522
F15607,F15299
F2958,F2903
F5138,F5019
F10492,F10461
F9961,F9727
F7780,F7597
F15133,F14802
F17938,F17571
F11117,F10939
F13677,F13501
F4571,F4513
F6251,F6246
F16282,F16055
F11317,F10997
F7364,F7083
F15284,F15088
F4890,F4650
F6694,F6572
F6245,F6111
F7921,F7548
F15426,F15401
F9357,F9306
F14235,F14197
F13140,F13052
F5692,F5360
F14441,F14354
F14315,F14030
F12335,F12011
F4679,F4304
F8256,F7936
F13951,F13892
F12454,F12294
F2807,F2445
F2807,F2483
F17537,F17324
F14754,F14442
F15720,F15668
F7201,F6933
F16640,F16272
F16025,F15906
F13613,F13359
F7188,F7171
F4831,F4693
F7237,F6936
F9029,F8676
F15208,F14900
F3084,F2983
F4255,F3946
F10233,F10206
F15425,F15211
F9422,F9396
F16455,F16139
F17464,F17138
F9959,F9568
F3820,F3507
F4096,F3905
F6278,F6067
F7159,F6864
F11226,F11225
F7372,F6990
F6653,F6382
F15823,F15721
F10813,F10500
F8005,F7793
F9096,F8993
F9795,F9761
F15327,F15151
F4517,F4339
F2751,F2496
F15308,F15299
F7418,F7252
F10769,F10403
F3917,F3752
F8753,F8698
F16730,F16607
F17807,F17409
F14810,F14676
F16774,F16607
F16809,F16589
F16309,F16141
F7193,F6845
F12870,F12860
F11434,F11303
F4704,F4388
F4245,F4005
F6618,F6513
F17629,F17520
F9760,F9473
F5063,F4763
F16491,F16432
F17347,F17009
F9557,F9326
F8109,F7916
F11820,F11768
F4759,F4597
F3702,F3629
F8387,F8266
F4729,F4576
F3066,F3047
F15086,F14758
F9387,F9048
F17598,F17585
F13222,F12905
F10012,F9659
F13073,F12886
F12396,F12287
F13410,F13040
F13493,F13198
F10971,F10824
F4146,F4005
F3640,F3365
F3256,F3201
F5165,F4838
F6693,F6421
F7071,F6984
F4699,F4629
F8190,F7949
F15025,F14825
F17351,F17154
F11290,F10958
F12644,F12313
F14871,F14809
F12857,F12839
F12190,F12047
F13524,F13282
F14414,F14207
F12445,F12319
F5123,F4777
F5189,F4885
F5859,F5678
F4009,F3755
F7130,F6787
F16251,F15853
F8162,F7780
F15333,F15201
F9185,F8799
F9655,F9558
F13005,F12708
F11986,F11784
F4679,F4633
F9302,F9222
F16423,F16186
F15772,F15505
F15227,F15186
F5813,F5704
F10889,F10661
F16848,F16731
F6197,F5988
F17117,F16989
F12636,F12560
F17904,F17895
F4947,F4695
F5917,F5914
F12061,F11880
F7256,F7051
F10300,F9937
F13350,F13302
F10661,F10578
F8249,F7957
F14394,F14215
F12723,F12653
F14811,F14796
F6406,F6226
F9188,F8955
F13013,F12717
F17832,F17735
F12158,F11933
F10313,F10075
F15235,F15137
F8293,F8105
F6985,F6818
F4084,F3965
F6729,F6365
F7018,F6885
F7790,F7723
F15255,F15181
F4090,F3776
F17605,F17526
F10486,F10322
F7187,F6999
F15157,F15004
F17723,F17507
F16831,F16733
F16468,F16446
F6895,F6856
F15028,F14981
F3387,F3160
F5171,F4882
F16889,F16561
F8733,F8514
F8692,F8307
F6640,F6272
F15870,F15795
F17266,F17064
F9604,F9307
F7242,F7140
F17470,F17368
F6020,F5987
F3317,F3301
F13835,F13825
F4363,F4157
F6995,F6840
F16499,F16360
F8159,F8118
F12134,F11956
F17857,F17695
F17395,F17325
F3421,F3150
F12359,F12289
F11914,F11739
F14708,F14544
F16704,F16381
F15131,F14965
F17715,F17641
F3226,F2859
F4635,F4455
F8659,F8470
F5761,F5436
F4480,F4187
F3670,F3289
F6460,F6393
F12875,F12776
F13013,F12685
F14249,F14124
F5756,F5710
F10481,F10477
F3088,F2822
F3677,F3470
F14977,F14807
F16088,F15712
F10564,F10482
F16100,F15889
F15340,F15161
F14017,F13954
F16309,F16049
F7546,F7481
F15574,F15545
F12367,F12006
F15465,F15210
F11980,F11673
F2825,F2493
F13488,F13412
F11968,F11579
F5200,F5148
F10765,F10681
F17116,F17005
F8564,F8373
F4501,F4393
F10162,F10054
F15421,F15090
F11651,F11592
F14682,F14368
F8379,F8269
F14264,F14089
F14485,F14464
F6503,F6127
F13141,F12945
F17764,F17419
F6707,F6314
F5558,F5484
F10646,F10629
F11833,F11629
F3938,F3665
F8156,F7801
F7900,F7592
F7885,F7521
F14272,F13911
F17250,F17024
F13333,F12995
F4399,F4038
F15332,F14960
F10266,F10128
F5807,F5587
F13403,F13079
F14850,F14705
F16265,F15936
F14922,F14872
F13831,F13609
F17969,F17745
F5897,F5591
F3063,F2720
F9912,F9679
F16145,F16018
F16735,F16441
F4818,F4739
F4895,F4679
F9397,F9369
F15721,F15567
F11968,F11856
F9333,F9297
F9930,F9593
F3735,F3699
F16588,F16290
F5313,F5147
F8975,F8865
F16080,F15843
F5591,F5233
F15719,F15336
F13147,F12871
F7286,F7224
F5217,F4902
F6406,F6170
F12242,F12025
F9915,F9669
F17074,F16758
F16391,F16073
F7355,F7084
F9554,F9313
F11601,F11450
F9683,F9480
F11908,F11761
F11323,F11236
F5550,F5338
F5446,F5257
F17944,F17745
F4038,F3977
F12304,F12025
F16392,F16288
F8615,F8297
F12023,F11823
F11088,F11020
F5810,F5442
F5227,F5142
F9483,F9359
F14588,F14373
F3172,F2962
F11463,F11299
F17203,F17112
F10051,F9952
F15376,F15095
F6378,F6235
F14254,F14174
F5605,F5502
F17406,F17055
F10016,F10004
F7494,F7191
F2724,F2533
F9761,F9710
F3404,F3194
F8003,F7644
F16409,F16384
F14931,F14531
F3440,F3212
F6390,F6028
F17079,F16795
F3173,F2795
F14776,F14394
F17586,F17318
F16775,F16629
F12728,F12384
F13961,F13728
F9876,F9685
F13211,F13095
F16529,F16515
F10054,F9792
F9787,F9434
F7814,F7653
F7003,F6849
F3791,F3597
F11212,F10850
F16475,F16096
F10853,F10781
F14020,F13695
F3801,F3548
F11662,F11562
F17042,F17001
F10121,F9948
F17311,F17148
F4316,F4308
F5601,F5240
F10989,F10756
F9156,F8866
F9739,F9443
F8895,F8739
F14359,F14208
F7297,F7068
F7208,F7042
F14383,F14354
F6089,F5975
F14222,F14117
F10050,F9713
F6365,F5998
F11809,F11587
F3923,F3663
F13047,F12921
F13112,F12938
F15352,F15039
F6064,F5674
F5061,F4866
F4405,F4223
F9431,F9405
F11933,F11789
F12988,F12748
F14590,F14242
F10163,F10046
F7873,F7835
F8822,F8439
F8854,F8625
F11329,F10973
F13150,F12887
F10325,F10149
F4325,F4190
F17927,F17842
F7252,F7060
F12680,F12422
F6192,F5852
F9640,F9349
F16429,F16047
F10368,F10035
F9025,F8892
F3830,F3688
F8946,F8750
F9280,F9089
F7487,F7322
F8765,F8554
F6517,F6329
F9559,F9235
F11960,F11591
F9295,F9234
F16742,F16700
F11166,F10936
F5442,F5297
F13646,F13492
F3610,F3367
F15312,F14968
F15701,F15608
F8634,F8261
F15172,F15000
F15887,F15521
F12946,F12602
F12045,F12040
F9501,F9274
F9154,F8848
F8840,F8499
F2890,F2733
F10091,F10017
F4702,F4573
F15254,F15043
F2940,F2801
F15768,F15736
F13836,F13703
F3879,F3868
F5257,F5116
F4472,F4407
F12017,F11886
F10345,F10123
F5673,F5494
F14124,F14011
F16136,F16040
F8110,F7845
F11019,F10888
F11951,F11821
F17315,F17052
F10087,F10064
F17110,F16934
F16792,F16679
F4889,F4698
F4689,F4540
F14143,F13761
F5615,F5269
F11494,F11432
F14793,F14449
F4017,F3718
F7799,F7597
F15655,F15333
F10701,F10329
F17958,F17664
F3493,F3299
F13687,F13534
F4825,F4562
F3566,F3366
F6017,F5624
F7231,F7157
F5302,F5245
F10308,F10237
F3527,F3243
F3527,F3240
F16501,F16404
F5246,F4953
F11961,F11759
F11225,F11039
F12292,F12242
F7334,F7106
F10563,F10238
F2768,F2418
F16825,F16528
F10589,F10347
F11932,F11761
F4850,F4589
F5675,F5485
F11070,F10812
F11774,F11717
F12619,F12542
F11911,F11682
F7315,F6952
F4330,F4208
F15539,F15244
F5211,F5199
F3103,F2860
F11648,F11491
F13262,F13066
F3525,F3292
F8376,F8193
F16193,F15906
F3998,F3939
F14309,F14306
F4224,F3981
F5531,F5460
F16018,F15662
F2936,F2679
F7686,F7556
F3335,F3097
F17776,F17640
F4246,F3870
F10047,F9775
F11311,F11241
F8154,F7995
F15820,F15803
F2918,F2527
F9258,F9133
F8946,F8640
F7815,F7656
F3467,F3395
F17877,F17659
F16543,F16249
F4147,F3889
F10955,F10741
F9420,F9193
F8237,F8228
F13360,F13161
F17355,F16962
F15250,F14888
F8892,F8778
F16701,F16388
F8334,F8030
F3174,F2812
F6576,F6567
F9335,F9069
F3157,F3064
F14259,F14134
F7036,F6969
F2977,F2841
F13239,F13123
F8504,F8473
F13509,F13343
F4644,F4628
F17640,F17278
F11323,F11017
F14631,F14240
F7284,F7141
F3689,F3684
F4494,F4279
F8269,F8031
F7352,F7244
F16865,F16682
F5877,F5858
F8904,F8826
F4949,F4683
F5751,F5458
F9542,F9174
F10479,F10349
F2922,F2536
F2894,F2735
F10793,F10578
F17370,F17297
F11814,F11551
F8651,F8527
F10027,F10012
F14944,F14937
F16921,F16856
F8194,F8182
F5710,F5709
F5750,F5544
F2997,F2796
F8616,F8393
F17815,F17595
F10255,F9995
F16585,F16297
F6417,F6291
F13791,F13568
F16925,F16742
F12587,F12227
F14325,F14320
F7869,F7513
F5259,F4905
F17758,F17618
F11586,F11241
F17736,F17577
F13235,F13087
F17248,F17134
F10199,F10020
F13752,F13439
F9162,F8919
F5959,F5882
F17540,F17182
F7535,F7456
F17200,F17022
F10443,F10203
F14291,F14141
F16184,F16111
F11928,F11628
F6851,F6639
F12248,F12099
F17625,F17354
F4463,F4266
F8088,F7958
F11567,F11466
F16065,F15917
F8186,F7820
F12203,F12168
F17100,F16861
F5969,F5850
F16864,F16571
F10583,F10531
F7336,F7044
F12521,F12493
F5807,F5628
F10670,F10282
F4618,F4326
F17689,F17545
F3195,F2947
F12866,F12682
F17603,F17231
F10472,F10426
F9644,F9396
F11233,F11002
F10784,F10755
F9558,F9168
F13794,F13579
F4474,F4268
F4096,F3953
F5687,F5683
F7623,F7584
F17359,F17211
F8229,F8168
F12981,F12704
F16834,F16675
F4833,F4622
F14466,F14151
F15709,F15398
F11414,F11145
F10956,F10585
F11177,F10918
F15265,F14898
F4675,F4472
F5067,F4818
F6829,F6749
F7426,F7386
F13866,F13820
F7735,F7366
F11264,F11122
F10957,F10871
F14021,F13759
F6257,F6187
F13733,F13536
F15403,F15073
F3144,F2987
F9314,F9091
F16745,F16538
F9211,F9020
F12082,F12004
F13307,F13271
F17480,F17426
F14818,F14665
F3161,F3015
F13674,F13280
F16618,F16274
F5658,F5371
F9171,F9140
F8521,F8273
F8773,F8406
F15762,F15503
F16257,F15977
F4461,F4393
F10137,F9779
F4013,F3624
F13866,F13744
F5475,F5260
F12439,F12109
F12486,F12162
F15530,F15301
F13527,F13209
F4726,F4621
F14727,F14445
F9078,F8977
F17918,F17824
F8440,F8040
F8384,F8181
F10624,F10614
F10523,F10391
F11873,F11652
F4745,F4724
F15715,F15632
F7156,F6891
F6425,F6281
F6472,F6122
F16468,F16102
F12201,F12045
F17283,F17110
F5568,F5410
F8731,F8510
F12942,F12778
F8745,F8554
F13254,F13157
F6888,F6611
F3484,F3282
F3076,F2948
F8204,F7959
F6625,F6305
F14447,F14446
F9929,F9913
F13915,F13913
F4672,F4608
F11575,F11467
F15392,F15011
F3302,F2994
F9274,F8877
F5754,F5641
F16189,F16106
F5830,F5817
F6391,F6302
F4445,F4318
F5503,F5310
F7125,F6807
F4602,F4580
F4298,F4004
F7781,F7543
F12039,F11867
F4996,F4926
F13430,F13197
F16344,F16124
F9236,F9114
F17782,F17756
F4277,F4256
F12958,F12768
F6971,F6677
F8983,F8823
F9651,F9470
F12425,F12119
F4495,F4107
F13255,F12903
F14161,F13836
F6258,F5884
F9884,F9655
F13006,F12899
F11480,F11366
F13429,F13212
F5174,F4846
F3585,F3549
F3631,F3618
F7842,F7581
F15225,F15118
F12731,F12654
F17326,F17324
F9207,F8869
F15538,F15365
F15995,F15837
F9668,F9349
F11194,F10948
F4175,F3961
F6226,F5828
F9799,F9679
F8413,F8242
F8524,F8246
F5410,F5216
F5828,F5606
F11614,F11557
F13188,F13131
F17763,F17737
F12599,F12468
F17285,F17222
F6769,F6455
F16719,F16588
F12280,F12213
F4839,F4832
F8493,F8128
F9907,F9570
F3160,F3003
F10222,F9935
F14054,F13829
F16790,F16478
F10355,F10344
F13419,F13412
F14521,F14212
F16499,F16340
F12274,F11913
F11333,F11179
F7817,F7519
F17890,F17556
F16374,F16173
F3002,F2882
F3276,F3154
F6324,F6059
F13507,F13411
F16330,F16152
F17946,F17900
F5969,F5927
F9491,F9399
F9988,F9650
F17075,F17067
F3957,F3850
F9159,F9024
F12953,F12909
F15280,F14885
F4936,F4543
F3175,F3172
F4649,F4461
F8462,F8455
F11032,F10639
F8508,F8228
F14941,F14725
F5638,F5250
F9048,F8933
F17302,F16986
F7037,F6731
F13455,F13372
F8850,F8644
F6762,F6399
F17783,F17488
F10385,F10239
F7468,F7330
F10022,F9914
F13840,F13596
F13182,F13114
F16539,F16169
F4467,F4438
F6476,F6258
F6911,F6837
F6920,F6897
F12216,F11992
F10735,F10456
F5237,F5001
F11369,F11131
F11607,F11305
F11680,F11667
F16859,F16567
F2919,F2774
F9275,F9235
F17111,F17014
F12132,F11863
F4275,F3918
F11522,F11135
F6051,F5873
F4890,F4843
F3409,F3184
F7226,F7063
F9291,F8922
F17606,F17332
F16413,F16292
F8323,F7966
F17063,F16848
F8771,F8458
F3618,F3414
F14332,F14013
F6263,F6094
F16326,F16250
F12003,F11620
F8522,F8312
F12551,F12224
F15335,F15019
F9612,F9554
F5039,F4896
F9362,F9211
F7880,F7533
F11320,F11126
F9179,F8834
F16549,F16288
F11408,F11139
F9550,F9257
F5829,F5487
F9969,F9693
F13408,F13337
F4137,F3884
F6302,F6273
F14967,F14708
F2931,F2795
F3498,F3172
F4182,F4036
F15825,F15562
F9226,F9119
F11678,F11586
F16504,F16303
F11485,F11202
F13250,F13242
F5223,F5070
F2831,F2674
F16105,F15802
F9561,F9298
F9274,F9085
F11064,F10950
F15153,F14763
F13245,F13004
F12351,F11972
F8849,F8777
F10576,F10211
F5118,F5111
F17944,F17586
F3559,F3276
F10013,F9963
F10612,F10534
F13622,F13278
F16971,F16703
F10115,F9807
F8166,F8101
F16195,F15953
F15118,F14831
F15200,F15167
F14863,F14535
F13308,F13194
F14665,F14478
F8026,F7710
F12637,F12251
F5594,F5261
F15772,F15556
F16724,F16716
F7381,F6985
F5728,F5417
F3059,F3037
F10469,F10124
F14484,F14215
F14877,F14631
F10701,F10584
F16651,F16497
F12582,F12419
F6999,F6988
F14532,F14135
F5623,F5554
F7018,F6667
F15073,F15050
F10739,F10567
F11603,F11360
F17779,F17389
F10344,F10098
F13903,F13687
F9036,F8929
F12567,F12468
F3407,F3142
F15015,F14788
F8181,F7794
F15479,F15274
F12521,F12424
F13686,F13608
F14571,F14458
F4831,F4752
F8749,F8587
F4520,F4210
F9812,F9503
F15369,F15043
F3565,F3487
F7493,F7205
F5596,F5364
F14921,F14521
F16251,F16154
F6704,F6547
F7147,F6837
F7767,F7373
F10513,F10325
F6659,F6269
F17634,F17529
F4880,F4510
F4854,F4681
F14928,F14627
F4668,F4279
F4977,F4858
F2833,F2667
F17386,F17134
F12800,F12768
F5140,F5115
F6031,F5822
F11877,F11630
F10282,F10123
F12575,F12219
F13455,F13380
F3548,F3428
F9855,F9766
F7176,F7111
F13414,F13233
F14270,F13975
F13313,F13151
F13014,F12700
F13169,F13003
F5919,F5606
F4328,F3987
F7620,F7230
F10755,F10685
F16545,F16454
F12968,F12616
F17107,F17041
F7475,F7160
F5619,F5292
F17727,F17569
F14820,F14692
F15162,F15043
F6078,F5953
F5667,F5585
F14238,F13976
F13536,F13221
F13673,F13533
F7470,F7334
F14736,F14364
F4082,F4078
F5386,F5320
F5003,F4825
F3036,F2792
F12371,F12369
F3237,F3232
F9572,F9320
F3233,F2973
F13067,F12706
F13225,F12943
F14966,F14571
F17576,F17253
F3333,F2965
F8834,F8529
F15477,F15226
F8199,F7827
F10597,F10572
F12603,F12404
F16373,F16205
F15269,F15234
F12161,F11868
F12444,F12165
F11896,F11710
F4011,F3998
F13731,F13722
F8332,F7941
F8191,F7793
F13776,F13774
F15271,F15164
F7803,F7622
F5741,F5734
F12029,F12000
F4046,F3863
F3494,F3458
F7205,F7065
F14079,F13698
F7567,F7563
F11575,F11462
F17632,F17445
F12669,F12644
F8886,F8822
F3125,F2992
F13267,F13172
F8863,F8669
F11030,F10838
F3565,F3279
F4821,F4507
F8353,F8048
F11438,F11387
F5545,F5224
F17300,F17036
F5066,F4738
F8612,F8454
F9678,F9407
F17620,F17539
F16618,F16456
F4242,F4171
F3871,F3863
F15318,F15036
F5842,F5530
F15922,F15875
F3625,F3613
F9373,F9130
F13567,F13365
F8267,F8246
F10373,F10095
F13500,F13458
F17337,F17234
F6239,F6108
F11957,F11693
F12099,F11947
F10215,F10191
F4482,F4087
F3847,F3785
F12013,F11891
F4366,F4084
F14585,F14283
F12676,F12589
F15862,F15491
F10085,F9903
F8208,F7937
F15284,F15200
F12757,F12440
F12246,F12055
F5618,F5362
F14671,F14628
F5814,F5592
F12727,F12416
F10005,F9860
F7752,F7492
F6178,F5972
F5465,F5374
F12400,F12275
F16268,F16220
F4853,F4724
F5813,F5467
F2944,F2554
F11325,F11159
F12311,F12053
F13929,F13562
F12209,F11865
F7539,F7147
F13820,F13579
F11175,F11138
F15968,F15636
F15025,F14668
F10968,F10789
F6286,F5931
F7777,F7550
F7855,F7693
F6913,F6578
F3753,F3368
F16355,F16050
F10352,F10228
F9734,F9585
F12724,F12608
F12706,F12488
F11628,F11266
F13228,F12941
F13096,F12771
F4619,F4500
F5223,F4829
F4649,F4616
F14551,F14412
F4904,F4764
F13167,F13006
F10755,F10381
F12906,F12678
F17360,F17240
F4980,F4769
F10369,F10135
F13618,F13595
F11164,F11108
F14247,F14208
F11406,F11182
F2818,F2531
F10324,F10143
F7861,F7764
F14434,F14262
F10223,F9846
F14709,F14461
F11557,F11259
F13641,F13304
F10921,F10525
F16143,F15762
F2993,F2913
F8235,F8070
F5118,F5017
F13750,F13474
F4998,F4659
F14652,F14335
F6544,F6517
F12346,F12327
F13809,F13429
F3572,F3241
F17202,F17007
F6836,F6653
F4549,F4194
F9072,F9042
F13680,F13581
F4165,F3957
F6402,F6094
F15309,F15096
F6726,F6620
F15780,F15456
F12139,F12105
F8466,F8169
F5788,F5418
F13242,F12920
F16610,F16322
F8308,F8023
F14330,F13947
F11711,F11597
F4948,F4686
F5972,F5788
F13887,F13535
F6743,F6700
F17344,F17093
F2725,F2521
F5827,F5549
F11130,F10972
F6600,F6284
F3543,F3328
F13720,F13443
F4062,F3768
F3975,F3577
F9873,F9752
F9590,F9500
F13316,F12929
F15053,F14895
F16569,F16241
F4598,F4487
F17320,F17278
F17792,F17466
F6223,F6098
F3799,F3406
F16913,F16873
F13267,F13152
F6718,F6584
F17667,F17636
F10744,F10539
F11696,F11340
F5520,F5180
F13568,F13241
F2820,F2725
F12554,F12159
F15242,F14856
F3232,F3127
F5845,F5570
F4847,F4825
F16827,F16518
F11914,F11612
F12877,F12836
F6025,F5662
F15889,F15562
F6164,F6089
F10154,F9969
F5020,F4903
F12503,F12353
F12748,F12660
F14554,F14423
F16138,F15856
F12254,F11901
F11472,F11084
F13412,F13157
F12289,F12039
F17545,F17213
F4666,F4638
F7149,F7139
F6096,F5876
F6935,F6883
F13877,F13488
F11929,F11870
F6655,F6351
F3277,F3034
F10947,F10873
F5288,F5129
F2938,F2693
F3229,F2915
F12766,F12446
F10299,F10084
F14664,F14285
F16937,F16688
F6807,F6676
F3835,F3580
F15187,F15065
F8324,F7988
F4990,F4691
F17433,F17062
F12125,F11740
F15254,F14919
F15891,F15784
F7080,F6721
F11199,F11181
F14097,F13727
F4063,F3763
F5669,F5300
F11320,F11313
F6619,F6297
F3243,F2851
F5752,F5618
F9231,F9165
F3637,F3473
F7869,F7637
F10858,F10645
F15639,F15265
F10090,F9850
F8522,F8491
F13547,F13217
F10158,F9867
F16009,F15638
F17046,F16650
F8932,F8891
F13897,F13860
F3131,F2770
F11950,F11784
F17022,F16641
F2791,F2701
F12465,F12131
F9021,F8972
F15509,F15390
F11903,F11885
F6638,F6371
F10365,F10002
F13087,F12720
F17305,F17166
F4107,F4029
F4221,F4071
F7412,F7270
F9837,F9523
F13672,F13644
F3358,F3175
F11819,F11433
F10829,F10655
F3848,F3606
F9881,F9857
F8391,F8013
F17865,F17532
F6488,F6368
F11219,F10902
F10186,F9816
F12433,F12379
F11523,F11261
F11704,F11339
F17792,F17545
F6778,F6648
F3626,F3410
F12224,F11824
F14651,F14380
F6664,F6402
F5737,F5634
F16959,F16635
F4960,F4630
F12036,F11952
F8395,F8278
F7820,F7485
F10870,F10538
F8689,F8326
F12794,F12681
F12988,F12588
F7926,F7845
F16410,F16069
F3497,F3392
F11388,F11209
F17412,F17393
F15483,F15101
F9983,F9744
F10901,F10577
F4804,F4640
F14345,F14314
F3817,F3674
F12932,F12576
F7631,F7236
F14235,F14075
F4402,F4334
F5140,F4946
F16165,F15779
F5316,F5244
F5677,F5341
F8615,F8377
F14311,F14056
F7189,F6882
F8299,F8239
F3851,F3451
F13413,F13297
F6119,F5886
F6997,F6841
F14645,F14515
F12197,F11989
F3833,F3709
F6614,F6439
F13653,F13424
F14145,F13983
F10698,F10466
F7319,F6980
F11160,F11144
F9520,F9365
F3863,F3801
F4621,F4595
F13677,F13486
F8222,F8205
F4006,F3998
F15530,F15272
F17856,F17811
F10111,F9886
F16484,F16203
F3415,F3358
F7981,F7742
F15050,F14784
F17584,F17300
F17286,F17135
F3870,F3631
F16163,F15764
F10332,F10075
F4199,F3975
F9212,F9132
F9917,F9606
F11315,F11087
F13944,F13890
F9912,F9660
F17714,F17685
F9196,F9061
F3273,F2932
F4869,F4834
F7325,F7324
F5678,F5594
F15932,F15592
F16560,F16478
F17415,F17356
F9446,F9404
F8804,F8422
F9238,F8875
F9843,F9588
F4291,F3962
F6869,F6548
F14828,F14820
F11433,F11391
F2919,F2717
F5040,F5023
F9420,F9291
F5861,F5529
F6220,F5950
F9668,F9534
F9702,F9662
F13614,F13417
F2824,F2798
F14758,F14749
F7449,F7289
F3581,F3494
F14425,F14105
F3872,F3529
F12427,F12320
F15558,F15231
F10309,F10160
F15510,F15179
F17837,F17454
F12898,F12748
F3740,F3651
F5526,F5354
F13321,F13039
F17888,F17704
F14053,F13812
F6402,F6208
F4676,F4484
F3668,F3582
F3055,F2959
F10750,F10361
F5323,F5209
F16754,F16581
F9102,F8777
F3057,F3012
F7574,F7444
F9347,F9249
F14151,F14053
F9872,F9739
F13438,F13213
F4030,F3998
F11658,F11357
F8555,F8553
F9453,F9233
F6695,F6669
F14904,F14719
F14922,F14781
F13476,F13183
F3974,F3668
F8542,F8462
F16333,F15945
F8482,F8393
F5626,F5599
F8256,F8079
F3154,F2848
F15858,F15660
F6620,F6551
F9542,F9415
F3562,F3488
F17584,F17364
F12116,F11952
F11721,F11386
F8108,F7750
F10018,F9629
F9083,F8977
F3404,F3064
F7415,F7315
F12589,F12477
F3814,F3720
F8064,F7853
F10683,F10662
F12379,F12010
F4938,F4632
F15306,F15217
F7426,F7272
F8460,F8216
F3044,F2968
F3477,F3136
F11919,F11615
F3998,F3807
F13198,F12997
F17407,F17166
F5585,F5303
F6564,F6201
F5047,F5038
F13303,F13198
F3616,F3431
F15264,F14871
F15016,F14916
F2707,F2361
F6302,F6041
F11493,F11292
F6379,F6370
F8594,F8434
F14894,F14684
F14031,F14022
F17635,F17456
F12819,F12554
F12450,F12329
F7208,F6892
F13190,F12808
F9030,F8857
F10303,F10220
F9039,F8861
F16320,F15960
F10219,F10001
F11656,F11314
F17471,F17120
F6549,F6343
F16776,F16619
F10600,F10585
F11124,F10731
F13009,F12919
F10072,F9874
F6528,F6181
F4302,F4289
F8174,F7915
F8456,F8072
F3442,F3155
F8499,F8439
F8683,F8419
F16957,F16667
F4530,F4528
F10134,F9907
F7740,F7573
F14314,F14225
F4436,F4271
F7173,F6782
F12514,F12329
F13030,F12847
F16051,F15722
F4359,F4334
F5998,F5924
F10837,F10511
F7457,F7316
F4981,F4686
F16092,F15815
F17255,F17052
F6764,F6650
F9001,F8899
F4190,F3886
F11255,F11237
F8099,F7836
F9578,F9359
F9119,F8850
F3111,F2817
F13044,F12727
F13072,F12979
F16628,F16263
F13916,F13865
F16751,F16683
F2911,F2731
F4956,F4904
F17654,F17337
F9792,F9646
F11833,F11772
F14946,F14751
F9157,F8891
F12547,F12238
F3448,F3054
F14577,F14316
F14994,F14847
F8985,F8747
F10686,F10357
F5094,F4760
F17513,F17160
F11727,F11386
F4024,F3796
F6853,F6586
F11036,F10664
F12728,F12576
F14035,F13835
F16743,F16571
F13648,F13509
F3419,F3079
F6839,F6770
F8148,F8109
F14306,F13917
F10755,F10589
F8370,F8198
F16004,F15973
F11844,F11653
F13181,F12959
F3073,F2984
F8665,F8551
F10880,F10501
F10409,F10261
F14998,F14800
F17914,F17805
F17867,F17711
F8046,F7905
F16737,F16482
F2893,F2599
F4394,F4347
F17017,F16867
F10436,F10192
F10330,F10054
F10916,F10659
F8532,F8144
F8575,F8512
F6986,F6685
F11904,F11632
F17579,F17265
F6430,F6154
F10216,F10141
F15052,F14698
F7663,F7289
F12920,F12675
F6461,F6117
F3583,F3411
F10416,F10255
F15690,F15519
F12397,F12125
F4974,F4935
F9588,F9248
F9957,F9687
F8066,F7693
F3351,F3218
F14353,F14127
F3423,F3381
F4544,F4188
F6793,F6783
F3385,F3235
F11145,F10887
F12731,F12552
F6247,F6118
F12792,F12707
F17662,F17274
F13340,F12962
F8373,F8095
F8232,F8158
F4642,F4426
F17975,F17909
F10888,F10559
F14039,F13700
F4552,F4182
F4159,F3874
F9861,F9634
F16221,F16007
F11403,F11016
F7622,F7362
F10535,F10425
F7326,F7268
F13418,F13051
F17246,F16904
F8658,F8472
F9124,F8915
F4142,F3856
F5887,F5559
F8984,F8606
F12285,F11952
F15365,F15270
F15427,F15037
F17307,F17214
F15175,F14873
F14104,F13810
F12978,F12652
F3385,F3242
F16926,F16840
F14800,F14433
F9462,F9390
F8275,F8270
F2960,F2723
F14904,F14781
F5321,F5137
F6728,F6421
F7555,F7325
F17215,F16943
F13046,F12649
F3714,F3638
F4932,F4554
F2931,F2721
F12991,F12957
F7927,F7925
F17791,F17736
F10270,F10104
F3449,F3104
F15524,F15137
F16673,F16605
F15384,F15142
F7601,F7478
F7688,F7321
F9927,F9812
F9302,F9238
F9292,F9068
F10290,F10227
F16830,F16760
F12419,F12202
F15713,F15429
F10284,F9945
F2758,F2553
F10991,F10797
F6648,F6537
F4056,F3766
F13809,F13624
F14046,F13797
F10568,F10349
F14666,F14362
F6672,F6428
F7842,F7568
F5984,F5852
F3362,F3191
F5894,F5640
F11866,F11468
F4060,F3938
F17232,F17053
F10839,F10623
F8161,F7925
F11537,F11434
F14131,F13774
F9464,F9230
F3120,F2751
F2828,F2576
F13149,F13032
F15611,F15477
F7793,F7593
F15826,F15428
F9347,F8995
F10036,F9966
F17923,F17753
F4324,F4050
F17932,F17538
F9504,F9428
F10789,F10436
F5294,F5140
F9330,F9031
F13308,F13087
F3703,F3544
F6339,F6014
F14777,F14766
F12993,F12773
F9824,F9528
F4774,F4703
F7053,F6896
F4223,F4080
F4785,F4616
F13510,F13119
F13717,F13707
F17877,F17611
F10191,F9908
F4202,F3836
F3376,F3091
F11006,F10846
F15411,F15073
F3378,F3315
F13649,F13354
F10660,F10564
F7786,F7593
F12469,F12252
F12716,F12698
F17603,F17423
F3701,F3391
F16905,F16719
F11897,F11551
F16644,F16318
F11766,F11680
F2860,F2814
F12574,F12224
F14808,F14455
F11142,F11107
F10551,F10220
F15032,F14869
F15205,F15162
F16632,F16598
F3455,F3392
F8060,F8000
F10216,F10010
F12563,F12370
F13080,F12711
F17797,F17409
F11201,F10973
F9027,F8973
F14581,F14271
F8036,F7684
F3676,F3526
F3870,F3588
F15218,F14887
F7068,F6786
F17752,F17654
F6028,F5676
F11687,F11568
F11886,F11500
F7321,F7046
F7925,F7545
F17724,F17443
F11819,F11473
F4460,F4382
F4969,F4635
F5800,F5475
F5199,F5072
F13861,F13714
F14342,F14336
F5793,F5520
F14962,F14645
F15207,F15095
F4200,F3999
F14058,F13983
F9407,F9379
F6514,F6355
F11540,F11194
F5907,F5769
F14384,F14003
F10386,F10137
F9614,F9314
F4380,F4363
F14608,F14586
F10587,F10329
F3347,F3312
F9975,F9753
F11289,F10889
F3004,F2935
F5675,F5395
F7279,F6924
F13476,F13194
F17200,F17183
F8341,F8225
F5473,F5289
F17341,F17281
F9943,F9727
F15242,F15155
F17329,F17324
F13851,F13662
F6757,F6529
F14096,F13898
F2721,F2564
F11060,F10695
F11168,F10992
F8640,F8592
F16219,F15926
F17055,F16974
F11075,F10891
F12890,F12691
F5888,F5818
F7979,F7822
F3235,F2926
F7969,F7606
F6738,F6626
F2962,F2792
F6891,F6616
F16916,F16888
F17455,F17439
F10441,F10197
F12538,F12471
F16624,F16285
F17383,F17170
F15818,F15710
F6397,F6370
F9682,F9426
F12473,F12082
F3429,F3228
F12086,F12060
F8594,F8521
F6085,F6068
F11308,F11133
F11332,F11150
F12386,F12212
F17283,F16937
F8707,F8430
F4189,F3951
F4524,F4475
F4158,F4116
F4538,F4189
F14390,F14214
F10809,F10752
F16294,F16053
F6539,F6442
F13707,F13471
F3330,F3128
F11893,F11827
F16242,F16042
F5991,F5682
F7883,F7830
F17050,F16975
F13232,F13171
F7535,F7197
F16172,F15797
F3215,F3163
F14907,F14571
F6585,F6293
F15765,F15446
F9230,F9062
F12561,F12438
F3425,F3154
F3949,F3678
F10231,F9918
F12961,F12679
F16851,F16728
F10295,F9973
F9942,F9825
F5131,F4829
F8874,F8715
F15849,F15582
F9458,F9212
F14142,F14016
F14218,F14071
F9122,F8824
F17948,F17789
F9202,F9076
F8389,F8123
F11758,F11594
F8181,F7856
F10570,F10185
F5673,F5371
F15029,F14871
F13655,F13537
F5275,F5120
F4419,F4223
F7659,F7583
F5419,F5304
F17229,F16994
F6522,F6414
F13765,F13717
F6445,F6342
F8101,F8065
F10312,F10125
F16891,F16611
F6769,F6375
F8278,F8266
F9032,F8795
F16061,F15865
F13946,F13720
F4386,F4052
F11227,F10930
F17437,F17282
F5563,F5178
F9319,F9032
F12006,F11671
F4684,F4572
F17166,F17121
F5838,F5738
F8536,F8322
F7755,F7549
F11203,F10869
F12801,F12409
F11559,F11353
F9830,F9533
F4350,F3961
F3503,F3433
F5682,F5510
F12602,F12365
F8621,F8305
F14451,F14219
F15431,F15034
F13367,F13109
F4749,F4712
F11154,F11072
F13251,F12915
F9622,F9251
F14213,F13946
F17079,F16828
F7313,F7188
F9922,F9678
F17017,F16776
F14242,F13970
F10543,F10155
F3023,F2628
F13285,F12961
F6813,F6638
F3877,F3696
F2799,F2599
F13093,F13039
F13909,F13837
F13426,F13264
F17662,F17496
F17131,F17091
F11361,F11218
F17561,F17186
F5234,F4893
F3798,F3444
F4478,F4248
F4822,F4819
F13504,F13228
F17801,F17782
F5312,F5182
F13239,F13207
F17180,F16808
F17594,F17278
F16584,F16237
F10753,F10521
F17203,F16982
F3436,F3395
F8143,F8024
F5011,F4968
F7117,F6843
F7868,F7707
F12534,F12530
F9546,F9180
F13701,F13675
F5334,F5265
F4310,F3960
F16863,F16772
F5862,F5704
F5867,F5638
F7382,F7084
F3560,F3529
F2876,F2769
F9690,F9626
F16516,F16392
F6118,F6059
F3648,F3311
F5041,F4975
F5523,F5464
F7095,F7054
F4490,F4239
F13955,F13793
F16921,F16539
F4467,F4389
F5082,F4730
F3304,F3128
F6647,F6270
F12967,F12856
F8457,F8386
F15777,F15676
F16537,F16164
F5013,F4795
F14986,F14959
F4768,F4729
F11344,F11197
F10124,F9865
F13140,F12934
F16769,F16518
F11572,F11447
F4219,F4003
F17839,F17630
F7319,F7123
F11061,F10702
F10394,F10117
F14244,F14228
F7579,F7294
F4443,F4354
F5831,F5503
F6409,F6241
F5391,F5104
F14640,F14488
F7739,F7382
F3642,F3422
F7770,F7603
F12428,F12154
F9173,F8895
F12733,F12412
F16760,F16407
F16766,F16396
F11268,F11194
F10525,F10443
F17594,F17230
F16940,F16745
F15125,F14780
F6640,F6348
F17392,F17257
F10779,F10495
F7474,F7356
F11461,F11261
F13692,F13685
F14086,F13856
F10342,F10200
F6210,F5819
F14873,F14869
F14026,F13916
F9233,F8874
F10936,F10768
F12792,F12508
F8322,F8168
F6941,F6614
F8821,F8814
F8861,F8613
F16401,F16046
F15447,F15386
F7073,F7025
F13806,F13649
F14861,F14735
F5096,F4738
F13651,F13647
F13118,F12758
F14030,F13720
F15280,F15138
F10402,F10383
F9373,F9218
F6784,F6596
F8886,F8518
F8812,F8756
F14239,F13932
F7989,F7978
F6511,F6395
F9204,F8821
F10101,F9865
F3948,F3815
F16534,F16461
F13285,F13263
F16281,F16242
F4527,F4184
F15738,F15523
F10375,F10151
F11698,F11358
F3584,F3214
F8821,F8691
F10565,F10382
F8723,F8523
F10987,F10774
F9645,F9604
F15553,F15236
F14027,F14025
F17641,F17372
F3820,F3660
F9318,F9057
F8673,F8609
F16714,F16641
F6622,F6350
F10779,F10546
F7627,F7614
F9837,F9819
F4937,F4686
F4287,F3956
F15032,F14819
F5188,F5060
F14948,F14852
F10744,F10729
F15987,F15797
F5610,F5352
F17002,F16962
F12145,F12031
F15216,F14989
F13052,F12747
F8172,F7802
F9045,F8986
F13252,F13018
F4523,F4345
F6485,F6293
F17150,F17130
F10850,F10845
F6776,F6719
F8111,F8032
F17121,F17053
F11793,F11722
F15920,F15536
F5233,F4939
F5643,F5291
F10695,F10444
F10196,F10183
F8907,F8795
F10586,F10392
F17894,F17875
F12255,F11940
F5954,F5881
F3045,F2786
F12126,F11815
F9757,F9597
F14665,F14277
F14611,F14559
F4697,F4582
F6772,F6714
F3904,F3867
F14402,F14336
F12194,F11842
F3927,F3844
F7048,F7046
F11575,F11569
F5221,F5158
F8414,F8050
F4760,F4400
F8453,F8281
F7172,F7149
F15163,F15095
F7425,F7388
F16618,F16568
F6450,F6433
F13282,F13216
F5858,F5786
F14682,F14403
F4452,F4299
F16701,F16534
F11193,F11029
F3928,F3776
F11909,F11608
F16643,F16333
F8830,F8527
F14639,F14531
F9259,F8964
F14361,F14129
F15321,F15137
F5019,F4736
F17187,F17016
F10147,F10146
F13815,F13570
F14335,F14151
F6039,F5722
F17746,F17470
F9552,F9548
F11782,F11637
F9570,F9299
F17897,F17623
F7459,F7201
F6314,F6022
F9305,F9120
F17839,F17756
F10498,F10252
F8292,F8172
F3029,F2649
F4143,F3959
F9502,F9427
F7555,F7249
F15235,F15227
F4113,F3775
F15078,F14695
F4239,F4154
F10601,F10503
F4151,F3927
F3176,F2793
F7464,F7324
F15048,F14835
F5012,F4762
F8379,F8366
F14097,F13887
F16982,F16609
F7906,F7688
F12260,F12075
F9538,F9415
F16273,F15997
F4655,F4493
F12653,F12302
F13895,F13624
F4999,F4915
F12404,F12181
F17682,F17343
F16799,F16408
F7230,F6912
F16520,F16253
F15346,F15271
F13381,F13241
F13523,F13160
F9529,F9442
F2920,F2583
F16682,F16345
F3721,F3492
F11387,F11386
F8459,F8101
F16996,F16966
F3315,F3310
F6513,F6126
F12881,F12850
F5189,F4990
F4229,F4075
F4690,F4594
F8783,F8436
F5188,F5109
F3398,F3114
F16562,F16338
F5237,F4946
F5427,F5289
F13936,F13541
F3503,F3502
F11047,F10916
F15725,F15495
F7748,F7352
F7055,F6859
F16438,F16256
F8282,F8100
F9384,F9190
F3602,F3348
F17013,F16854
F14945,F14657
F7872,F7813
F3740,F3627
F15976,F15962
F17188,F16903
F17754,F17356
F11521,F11497
F3257,F3107
F5566,F5481
F5880,F5803
F4761,F4364
F9420,F9199
F3120,F2910
F15078,F14952
F11862,F11852
F17675,F17595
F8625,F8314
F15535,F15249
F14605,F14332
F15678,F15457
F3335,F3261
F9449,F9132
F8861,F8515
F4361,F4038
F14971,F14794
F8360,F8092
F4383,F4293
F7154,F6956
F7766,F7406
F10370,F10201
F14161,F14117
F6746,F6554
F12650,F12262
F15928,F15862
F3067,F2951
F7715,F7496
F12570,F12273
F14851,F14559
F9517,F9413
F16092,F15698
F15519,F15343
F5030,F4851
F17218,F17038
F17575,F17304
F10037,F9819
F11508,F11390
F16642,F16640
F13003,F12734
F7040,F6892
F17151,F16865
F2789,F2672
F10269,F9967
F16638,F16515
F14091,F13883
F16117,F15826
F7115,F6924
F17295,F17266
F4052,F3798
F8540,F8247
F3724,F3467
F10921,F10795
F15464,F15318
F10258,F9860
F8503,F8204
F15476,F15238
F6078,F6026
F5777,F5475
F17212,F16869
F7649,F7356
F14232,F14199
F16777,F16591
F15081,F14827
F11375,F11004
F15730,F15447
F4075,F3867
F5027,F4819
F10770,F10612
F14540,F14500
F3184,F2900
F9476,F9431
F12060,F12027
F12841,F12612
F16992,F16783
F7968,F7762
F8675,F8409
F6823,F6804
F8042,F7735
F14409,F14273
F8385,F8310
F17110,F16788
F16239,F16070
F5018,F4969
F17142,F16905
F8387,F8031
F11038,F10679
F4006,F3714
F16167,F15771
F5073,F4925
F10002,F9745
F6170,F5873
F14650,F14320
F15629,F15311
F2882,F2788
F12314,F12105
F16838,F16610
F6255,F5916
F15144,F14765
F10131,F9783
F3180,F3015
F17254,F16974
F16303,F16007
F12660,F12409
F14681,F14668
F3526,F3425
F14484,F14279
F15431,F15047
F4944,F4605
F6106,F5771
F7619,F7268
F8890,F8748
F7918,F7901
F15780,F15609
F17083,F16769
F17608,F17382
F2708,F2452
F5300,F5016
F3821,F3818
F7125,F6800
F5208,F5165
F3942,F3670
F9971,F9959
F17346,F17094
F9376,F9147
F17339,F17024
F13155,F12944
F6518,F6259
F7221,F7192
F10303,F10233
F5973,F5615
F7783,F7723
F14822,F14798
F17389,F17304
F6083,F5808
F10840,F10459
F5640,F5608
F11659,F11293
F4369,F4293
F11067,F10869
F3369,F3150
F7679,F7400
F8204,F7918
F6737,F6643
F7247,F7129
F15096,F14925
F15777,F15642
F3342,F3254
F16417,F16058
F12934,F12632
F13908,F13610
F13179,F12955
F4841,F4535
F3140,F3086
F11231,F10986
F7276,F6902
F15223,F14987
F9856,F9591
F6771,F6647
F15027,F14768
F8163,F8154
F4408,F4049
F12965,F12825
F17768,F17454
F8845,F8571
F7849,F7782
F3002,F2682
F9973,F9931
F3971,F3896
F8570,F8398
F8032,F7909
F4412,F4336
F12867,F12630
F14822,F14568
F7707,F7357
F10252,F10124
F15079,F15041
F9753,F9475
F12519,F12281
F14658,F14526
F8197,F8027
F13046,F12700
F4877,F4795
F10996,F10812
F9945,F9566
F10643,F10360
F15484,F15445
F13380,F13146
F8550,F8347
F13029,F12743
F17254,F17093
F9784,F9534
F13146,F12823
F9298,F9211
F4433,F4120
F12223,F12129
F17850,F17600
F11122,F10744
F3788,F3667
F11682,F11432
F8422,F8282
F5027,F4686
F4726,F4614
F7409,F7188
F6340,F6200
F10751,F10672
F10077,F9773
F9538,F9147
F17605,F17281
F14369,F14057
F16490,F16164
F13352,F13114
F8231,F8184
F7881,F7666
F7361,F7114
F16764,F16464
F12185,F12171
F5704,F5618
F11024,F10682
F16386,F16274
F7210,F7029
F14964,F14945
F9446,F9309
F5253,F5134
F13407,F13064
F10609,F10217
F5595,F5526
F13400,F13252
F12276,F12254
F16741,F16351
F6751,F6406
F3095,F2745
F13136,F12947
F13384,F13149
F7119,F6986
F11104,F11010
F10309,F9941
F5429,F5336
F6756,F6512
F7000,F6916
F14631,F14246
F4265,F4222
F16404,F16364
F7844,F7746
F11946,F11687
F3905,F3536
F6691,F6292
F16071,F15992
F17362,F17216
F10204,F10048
F14619,F14296
F7883,F7675
F12551,F12365
F9876,F9662
F7784,F7680
F3464,F3258
F4653,F4535
F10476,F10347
F10830,F10663
F3487,F3253
F14103,F13946
F13898,F13823
F7047,F6853
F10176,F9840
F10374,F10010
F8926,F8922
F13501,F13420
F7621,F7260
F9506,F9370
F13893,F13718
F12626,F12552
F5982,F5790
F17147,F16958
F15043,F14770
F8158,F8079
F14744,F14413
F14194,F14041
F7239,F6895
F5753,F5519
F12935,F12851
F15999,F15702
F8574,F8192
F6050,F5823
F5076,F4782
F7813,F7478
F9473,F9262
F8144,F7781
F3013,F3007
F11847,F11494
F4172,F4024
F11873,F11533
F9071,F8956
F7520,F7506
F8762,F8579
F17035,F16645
F4881,F4737
F4680,F4676
F9125,F8930
F13221,F13147
F4937,F4731
F16071,F16058
F14830,F14580
F7448,F7391
F9628,F9569
F9977,F9823
F11918,F11577
F12872,F12727
F16923,F16676
F6030,F5682
F9151,F8829
F13706,F13645
F14699,F14684
F16679,F16673
F10282,F10181
F12899,F12684
F4043,F3712
F6075,F5846
F17754,F17379
F11509,F11120
F10038,F9974
F4209,F4107
F17621,F17592
F17291,F17166
F7055,F6919
F13905,F13734
F6544,F6153
F6357,F6044
F17595,F17349
F8549,F8480
F10447,F10149
F15823,F15718
F12187,F12020
F10422,F10233
F11778,F11500
F5606,F5548
F6973,F6777
F8355,F8151
F9352,F9065
F3985,F3852
F11528,F11440
F13094,F12984
F11281,F10907
F9964,F9805
F11272,F11142
F4550,F4186
F8005,F7962
F14557,F14501
F9006,F8866
F7676,F7350
F7918,F7604
F14578,F14297
F11011,F10794
F3510,F3239
F13551,F13371
F8189,F8006
F5406,F5191
F3658,F3592
F4848,F4743
F14381,F14319
F15031,F14989
F16038,F15772
F7581,F7388
F16500,F16467
F6855,F6828
F13295,F13191
F16836,F16547
F17502,F17460
F11830,F11718
F10631,F10303
F12459,F12286
F14409,F14237
F6397,F6188
F2749,F2513
F11584,F11428
F16357,F16126
F14282,F13997
F11671,F11425
F3038,F2983
F16381,F16351
F17401,F17090
F9044,F9037
F3275,F2933
F8437,F8089
F16336,F16245
F13249,F13124
F14568,F14309
F9754,F9415
F16948,F16814
F12654,F12489
F6655,F6569
F8633,F8233
F10637,F10578
F9688,F9522
F5825,F5621
F4920,F4598
F5919,F5631
F4435,F4126
F4934,F4602
F7774,F7544
F14826,F14640
F3695,F3393
F16665,F16617
F14275,F14221
F17809,F17591
F17766,F17442
F11686,F11649
F17633,F17497
F16091,F16032
F8831,F8660
F13568,F13490
F9631,F9530
F8623,F8513
F16691,F16586
F8196,F8174
F5935,F5684
F6000,F5653
F6729,F6650
F4383,F3995
F14297,F14157
F16561,F16508
F5515,F5450
F10548,F10391
F13738,F13464
F8444,F8089
F9776,F9550
F14224,F14156
F16458,F16211
F7764,F7605
F13141,F12860
F12390,F12033
F10591,F10204
F6969,F6792
F2743,F2702
F12109,F11932
F6389,F6113
F11207,F10807
F10185,F9867
F3732,F3445
F9699,F9457
F17802,F17593
F11407,F11307
F7836,F7480
F10302,F10259
F7267,F7110
F11362,F11130
F13837,F13670
F14693,F14368
F14088,F13804
F10318,F9939
F15111,F14998
F17384,F17029
F7654,F7304
F15628,F15501
F16761,F16458
F9384,F9085
F13137,F13098
F13157,F13154
F12549,F12420
F3451,F3388
F3289,F2999
F17211,F17105
F8112,F7965
F4562,F4203
F11019,F10680
F4049,F4048
F9054,F8665
F6227,F6111
F16917,F16735
F7014,F6665
F8406,F8370
F11702,F11654
F16299,F16231
F12901,F12590
F14938,F14773
F3174,F3087
F6520,F6419
F12309,F12116
F6827,F6478
F9290,F9076
F5894,F5540
F7146,F6926
F4700,F4348
F16946,F16898
F14546,F14377
F9443,F9065
F9520,F9161
F12787,F12502
F15055,F14921
F7721,F7670
F5069,F5045
F4686,F4440
F12067,F12000
F11292,F11180
F16348,F15962
F7030,F6837
F11823,F11452
F13859,F13461
F12721,F12573
F7645,F7555
F10747,F10698
F7892,F7721
F16596,F16279
F15784,F15478
F11844,F11647
F16277,F16016
F6021,F5871
F9454,F9305
F10216,F10083
F13782,F13533
F9031,F8940
F4300,F4213
F5240,F5029
F6308,F6004
F10753,F10635
F10852,F10688
F12465,F12455
F12686,F12360
F7657,F7423
F13019,F12741
F7262,F7006
F11693,F11358
F10631,F10247
F4414,F4158
F17841,F17499
F16386,F16357
F7493,F7299
F13159,F13118
F10029,F9730
F4895,F4591
F12527,F12470
F13815,F13506
F2720,F2426
F15917,F15854
F14334,F14146
F11341,F11119
F16671,F16589
F11638,F11448
F14003,F13830
F3966,F3846
F4431,F4132
F7333,F7307
F15323,F15146
F3811,F3799
F14158,F13954
F13661,F13645
F11427,F11163
F15375,F15173
F16579,F16189
F2901,F2881
F10474,F10272
F11645,F11376
F14117,F14056
F11664,F11609
F4743,F4552
F10695,F10483
F9049,F8891
F13114,F13078
F8910,F8696
F14337,F14145
F8592,F8350
F11467,F11326
F15454,F15427
F17076,F16863
F17707,F17399
F5939,F5767
F6896,F6628
F4353,F4016
F16823,F16537
F6538,F6509
F12130,F12025
F17082,F17059
F8266,F8102
F6026,F5898
F4128,F3889
F11573,F11492
F16690,F16351
F3248,F2993
F7728,F7654
F9606,F9426
F14998,F14616
F13193,F12840
F15553,F15531
F9620,F9455
F5206,F4993
F16572,F16265
F7332,F6967
F8810,F8551
F16626,F16240
F14705,F14694
F11446,F11407
F10771,F10497
F5170,F4980
F13651,F13547
F6485,F6476
F5789,F5487
F8925,F8655
F14925,F14682
F7586,F7522
F9185,F8977
F8535,F8503
F9668,F9425
F16779,F16629
F16281,F15975
F7595,F7348
F15457,F15347
F2757,F2689
F12719,F12386
F6960,F6804
F10037,F9640
F7953,F7873
F14809,F14486
F7232,F6855
F13251,F12979
F14713,F14658
F17503,F17429
F3624,F3531
F13174,F12810
F15247,F14852
F7864,F7825
F12624,F12261
F9508,F9451
F7949,F7783
F10579,F10440
F3114,F2720
F14397,F14370
F13969,F13853
F14368,F14088
F6431,F6409
F14050,F13898
F3990,F3914
F3767,F3724
F7935,F7702
F15212,F15162
F10659,F10539
F3357,F2982
F4342,F4004
F15841,F15731
F13023,F12973
F8837,F8587
F11061,F10937
F4837,F4454
F14290,F13894
F7095,F7018
F5018,F4677
F4963,F4584
F15389,F15260
F8823,F8545
F15635,F15451
F14355,F14270
F7614,F7490
F11107,F10890
F4942,F4868
F5510,F5456
F13805,F13776
F15281,F15136
F17770,F17686
F13319,F12984
F10585,F10305
F6147,F5955
F7879,F7831
F16427,F16268
F8403,F8362
F4455,F4075
F6408,F6297
F9627,F9381
F13328,F13062
F15956,F15765
F7184,F7036
F7845,F7478
F15969,F15929
F9788,F9777
F14911,F14731
F7003,F6635
F3661,F3399
F12696,F12619
F7289,F7127
F7932,F7857
F10875,F10760
F9562,F9548
F3485,F3147
F3883,F3837
F16205,F16179
F16466,F16092
F14314,F14143
F12711,F12614
F17618,F17507
F7882,F7866
F17787,F17596
F7278,F6962
F12994,F12683
F13213,F12894
F2885,F2704
F9733,F9421
F13687,F13297
F12831,F12605
F15298,F15051
F7311,F7204
F16109,F15970
F7253,F7224
F14482,F14284
F12798,F12402
F11609,F11516
F8869,F8728
F5651,F5598
F10007,F9976
F16730,F16409
F7474,F7111
F15372,F15238
F17228,F16984
F17986,F17883
F12045,F11800
F11041,F10919
F5880,F5550
F9819,F9789
F8577,F8187
F14197,F13975
F9662,F9457
F9465,F9362
F4878,F4791
F17394,F17205
F15902,F15643
F13217,F12923
F10330,F10010
F9264,F9001
F8532,F8527
F11929,F11642
F15345,F15341
F9772,F9372
F9519,F9272
F11932,F11887
F3851,F3609
F12474,F12415
F15359,F15328
F13966,F13956
F8568,F8170
F15032,F14707
F15009,F14956
F6432,F6296
F6203,F6046
F12104,F11986
F17994,F17645
F7507,F7488
F17173,F16869
F8160,F8047
F7276,F6895
F4670,F4372
F3209,F2836
F7828,F7448
F4900,F4603
F15183,F15042
F16069,F15930
F4294,F3962
F17063,F16992
F16220,F16139
F11734,F11558
F11864,F11475
F16903,F16858
F3735,F3413
F15611,F15442
F3543,F3531
F17365,F17040
F14797,F14478
F13143,F12989
F9296,F9109
F4776,F4521
F7551,F7454
F11071,F10783
F9560,F9363
F4263,F4028
F16502,F16407
F9896,F9745
F6415,F6208
F5052,F4911
F3829,F3519
F14411,F14268
F3094,F3057
F4997,F4710
F14558,F14376
F12403,F12033
F4433,F4130
F8536,F8151
F12772,F12392
F3337,F3062
F15907,F15533
F17385,F17096
F9787,F9695
F8032,F7844
F14219,F13921
F13148,F13125
F17396,F17024
F3209,F2901
F5143,F4764
F6220,F6082
F13543,F13364
F14585,F14236
F14748,F14634
F13240,F12907
F17771,F17377
F13509,F13425
F3938,F3691
F14149,F13905
F6006,F5669
F5785,F5478
F13103,F13063
F14213,F14109
F12281,F11988
F8179,F7838
F10991,F10831
F10598,F10241
F8869,F8793
F13027,F12730
F15330,F15269
F7754,F7393
F7345,F7301
F17466,F17301
F8639,F8524
F3827,F3773
F11378,F11044
F17484,F17113
F8151,F7851
F4772,F4678
F14403,F14095
F5073,F4673
F15215,F15086
F14450,F14130
F7810,F7807
F5022,F4824
F7153,F7031
F15063,F14668
F14527,F14144
F17429,F17097
F5586,F5243
F14752,F14537
F2825,F2579
F17623,F17381
F12598,F12320
F12247,F12017
F2903,F2807
F16928,F16540
F9092,F8983
F10886,F10725
F7675,F7406
F14503,F14309
F4424,F4334
F4388,F4384
F7529,F7238
F3029,F2634
F10394,F10297
F9529,F9246
F10788,F10740
F6314,F6117
F11273,F11183
F12900,F12510
F10012,F9829
F8077,F7797
F3511,F3393
F4834,F4459
F15785,F15466
F3469,F3208
F15828,F15476
F3752,F3746
F16695,F16333
F3546,F3525
F17733,F17538
F15911,F15687
F15982,F15958
F4762,F4610
F17354,F17113
F4349,F4001
F4833,F4809
F9098,F8706
F2890,F2687
F11015,F10632
F4607,F4287
F3170,F2812
F13921,F13787
F16894,F16839
F14586,F14436
F14049,F13903
F14584,F14398
F11567,F11516
F3958,F3744
F11266,F10971
F13884,F13488
F7183,F7066
F13774,F13721
F16617,F16375
F13199,F12922
F4355,F4125
F11577,F11507
F12018,F11719
F6328,F6014
F16511,F16377
F5115,F4778
F9057,F8685
F12410,F12115
F9314,F9218
F4112,F4109
F15174,F14979
F4123,F3795
F11612,F11476
F4400,F4087
F14546,F14466
F17191,F16818
F12208,F11924
F6596,F6235
F5771,F5769
F4439,F4208
F11108,F11039
F3152,F2947
F9075,F8889
F14250,F13941
F13351,F13053
F13554,F13418
F7037,F6948
F7222,F7187
F11766,F11412
F17413,F17287
F11515,F11505
F17144,F16951
F13012,F12965
F6508,F6373
F3864,F3615
F10884,F10796
F17928,F17591
F8471,F8207
F10237,F9969
F3372,F3086
F14497,F14204
F6277,F6008
F16702,F16653
F17850,F17468
F9108,F9089
F17631,F17426
F6732,F6549
F7403,F7308
F15437,F15131
F10873,F10741
F8162,F8076
F2838,F2640
F15677,F15381
F13094,F12866
F5344,F5116
F14981,F14590
F14696,F14452
F9448,F9150
F4496,F4105
F9735,F9589
F2767,F2748
F15455,F15168
F3821,F3550
F3947,F3864
F11994,F11617
F9670,F9593
F17425,F17186
F5012,F4632
F7799,F7442
F7316,F7135
F4969,F4942
F11143,F10802
F6509,F6126
F5172,F4780
F17544,F17302
F7048,F6931
F12916,F12795
F16163,F15951
F7923,F7823
F8676,F8449
F7054,F6807
F11635,F11586
F4001,F3911
F10829,F10590
F14277,F13889
F16612,F16242
F14369,F14008
F6301,F6134
F4008,F3660
F10628,F10620
F9589,F9317
F17090,F16756
F8109,F8002
F9327,F9085
F13539,F13406
F14692,F14638
F8057,F7865
F7661,F7608
F12861,F12702
F3730,F3721
F16431,F16328
F17890,F17536
F3451,F3327
F6205,F6168
F4559,F4249
F8747,F8380
F10502,F10175
F10754,F10670
F2849,F2479
F16221,F15841
F6129,F5737
F6596,F6570
F11110,F10862
F16558,F16339
F14920,F14682
F12355,F12017
F3962,F3935
F10420,F10322
F4162,F3775
F12673,F12407
F4723,F4351
F9808,F9787
F11988,F11604
F10669,F10416
F14464,F14082
F15659,F15501
F5809,F5807
F14945,F14879
F4560,F4538
F12619,F12470
F5321,F5102
F11111,F10903
F10532,F10320
F13991,F13923
F14720,F14682
F17781,F17497
F7479,F7260
F12923,F12691
F12588,F12401
F8134,F8101
F4139,F3844
F10990,F10598
F4305,F4233
F17868,F17759
F7515,F7176
F10990,F10814
F9494,F9370
F8707,F8449
F11116,F11107
F4153,F3774
F16194,F16169
F14224,F13891
F3124,F3085
F13760,F13410
F14019,F13723
F16841,F16765
F13466,F13125
F9953,F9816
F13563,F13190
F11065,F10912
F10552,F10450
F17665,F17595
F8918,F8883
F3449,F3349
F4573,F4228
F10458,F10310
F12960,F12823
F13976,F13670
F6494,F6414
F4240,F3844
F3592,F3303
F6254,F5920
F12970,F12699
F3960,F3689
F6088,F5717
F13631,F13324
F8753,F8747
F5045,F4820
F11570,F11238
F12122,F11872
F3615,F3464
F4211,F3846
F6940,F6905
F9814,F9517
F3573,F3521
F14658,F14385
F15924,F15838
F3661,F3437
F4109,F4036
F9464,F9316
F5547,F5414
F8437,F8113
F8617,F8251
F4681,F4597
F16714,F16688
F7179,F6809
F4341,F3960
F5769,F5400
F9085,F8910
F6766,F6713
F11620,F11287
F12896,F12738
F10062,F9739
F4751,F4446
F11763,F11532
F13377,F13090
F4169,F4122
F6863,F6464
F8500,F8461
F14448,F14432
F8442,F8257
F5918,F5836
F3909,F3789
F17021,F16675
F7272,F7023
F15924,F15735
F17837,F17589
F17290,F17102
F13766,F13447
F7431,F7130
F9113,F8909
F7899,F7649
F4322,F4084
F10919,F10727
F14099,F13916
F11943,F11879
F15947,F15803
F3980,F3723
F13946,F13787
F12412,F12374
F17137,F17058
F10223,F10008
F12301,F12118
F6089,F5878
F4385,F4189
F17645,F17507
F7373,F7084
F10090,F9864
F15659,F15409
F2927,F2801
F8994,F8932
F9019,F8655
F16405,F16345
F10134,F9734
F16925,F16782
F10395,F10313
F14210,F14166
F17718,F17337
F17404,F17171
F17530,F17429
F13385,F13060
F3770,F3386
F13425,F13249
F11082,F10959
F3074,F3001
F3490,F3296
F14398,F14277
F14936,F14894
F12651,F12344
F4457,F4168
F7140,F7138
F12567,F12379
F14447,F14211
F10268,F10094
F14973,F14576
F15001,F14946
F10854,F10812
F10375,F10034
F13523,F13378
F11766,F11710
F11216,F10934
F12332,F11950
F13210,F13006
F5816,F5499
F16024,F15893
F7926,F7732
F6034,F5834
F6957,F6663
F9937,F9920
F6001,F5912
F8219,F7872
F6613,F6382
F15014,F15011
F10540,F10253
F14690,F14472
F10357,F10191
F14286,F13897
F6069,F5890
F14474,F14326
F13037,F13032
F5780,F5526
F3378,F3285
F17839,F17751
F8496,F8227
F4049,F3678
F16116,F15799
F10898,F10675
F14876,F14672
F16680,F16315
F5144,F5085
F8078,F7783
F6434,F6287
F7266,F6914
F6182,F5886
F8849,F8595
F17386,F17273
F8193,F7911
F6174,F5908
F17905,F17707
F11043,F10853
F16033,F15763
F9127,F8883
F15488,F15478
F14396,F14064
F16328,F15956
F6877,F6683
F8519,F8124
F14415,F14294
F8737,F8364
F11802,F11515
F15101,F15041
F8039,F7646
F14361,F14192
F12646,F12311
F6944,F6886
F9601,F9253
F12311,F12203
F16975,F16763
F6183,F6037
F11805,F11508
F12046,F11709
F3951,F3666
F8217,F7978
F13400,F13388
F16569,F16478
F4630,F4514
F5220,F5159
F11578,F11556
F11374,F11245
F3184,F3002
F13992,F13973
F17255,F16989
F8601,F8325
F16409,F16271
F12254,F11870
F4807,F4602
F17977,F17869
F12840,F12697
F6064,F5860
F9744,F9660
F9571,F9229
F10231,F9934
F15838,F15671
F5635,F5458
F9198,F8883
F10178,F9910
F16744,F16428
F4017,F3867
F11412,F11259
F4713,F4575
F5905,F5690
F5195,F4914
F14254,F14159
F10206,F10078
F10962,F10922
F17140,F17057
F17268,F16883
F5960,F5614
F8181,F8003
F14530,F14165
F10192,F9969
F5663,F5619
F5866,F5505
F13494,F13150
F7768,F7393
F13030,F12923
F9043,F8731
F15427,F15168
F4123,F3969
F17955,F17850
F13778,F13602
F14794,F14555
F12006,F11853
F8912,F8654
F11658,F11276
F9758,F9694
F14524,F14416
F7436,F7054
F11187,F11101
F13109,F12967
F17457,F17070
F10053,F9768
F15476,F15180
F17810,F17492
F6292,F6073
F8989,F8778
F10181,F9822
F5233,F5098
F7840,F7503
F16538,F16441
F4032,F3976
F17661,F17467
F15198,F15104
F17999,F17946
F11262,F10968
F3682,F3474
F14514,F14155
F14709,F14644
F3069,F2940
F13386,F13334
F13166,F12926
F7486,F7437
F15634,F15500
F4554,F4456
F10437,F10255
F3597,F3514
F4152,F4063
F13783,F13481
F8447,F8159
F7646,F7469
F8395,F8340
F13017,F12882
F14475,F14419
F12549,F12525
F16276,F16164
F12459,F12333
F9038,F8733
F4450,F4434
F8021,F7850
F8444,F8311
F3879,F3637
F4378,F4170
F8889,F8517
F13018,F12983
F7266,F7091
F15474,F15080
F15406,F15361
F9726,F9483
F8079,F7831
F8775,F8732
F12955,F12627
F13146,F12938
F11329,F10947
F16209,F15968
F9905,F9557
F9299,F9070
F3685,F3564
F12418,F12300
F15513,F15286
F6986,F6753
F15444,F15375
F11622,F11589
F6530,F6360
F5152,F5041
F6929,F6639
F10423,F10314
F9124,F8813
F9659,F9450
F12195,F12186
F10017,F9878
F17815,F17722
F11211,F10867
F4462,F4148
F17698,F17676
F2756,F2528
F8190,F8078
F15619,F15288
F12112,F11830
F12970,F12649
F15309,F15173
F6107,F5834
F10163,F10109
F14977,F14905
F13946,F13747
F8401,F8138
F7908,F7831
F8126,F7895
F9793,F9722
F14403,F14264
F5545,F5350
F15799,F15789
F17838,F17799
F10733,F10355
F15472,F15469
F16313,F16150
F10110,F9761
F8785,F8587
F6919,F6765
F15412,F15164
F4390,F4238
F7960,F7797
F16085,F15962
F13979,F13618
F9283,F9135
F5661,F5396
F12034,F11847
F5870,F5541
F6815,F6752
F11758,F11718
F8207,F7876
F13622,F13235
F4644,F4427
F10167,F9902
F11447,F11122
F9383,F9304
F17361,F17348
F17177,F17073
F5282,F5230
F6649,F6275
F6398,F6232
F5080,F4895
F5375,F5251
F3790,F3762
F15049,F15031
F5266,F5223
F5346,F5136
F12204,F12040
F15761,F15683
F16365,F16137
F4341,F3943
F4188,F4105
F5741,F5555
F13646,F13311
F2750,F2416
F17252,F16936
F14982,F14737
F7482,F7231
F12317,F12166
F9686,F9334
F8263,F8228
F17761,F17644
F16968,F16938
F15143,F14854
F7481,F7121
F12517,F12332
F6150,F5772
F3285,F2981
F3464,F3358
F15994,F15615
F7134,F7110
F15746,F15552
F17180,F17111
F12613,F12480
F6445,F6217
F13580,F13513
F9191,F8928
F9843,F9632
F14472,F14334
F3690,F3536
F16711,F16690
F4149,F4050
F10235,F10178
F12663,F12328
F16307,F16216
F15876,F15846
F11135,F11017
F10258,F10083
F8965,F8705
F13581,F13469
F12708,F12349
F15161,F15149
F4228,F4131
F7333,F7219
F8326,F8037
F14970,F14570
F8255,F8108
F5095,F4877
F9390,F9059
F8971,F8840
F15689,F15376
F2787,F2437
F6744,F6452
F16587,F16349
F4255,F4246
F7825,F7697
F10206,F9981
F6227,F5969
F7145,F6979
F7332,F7317
F11181,F10954
F14960,F14734
F5841,F5532
F5201,F4826
F6031,F5866
F8642,F8515
F4040,F3644
F10710,F10429
F17910,F17544
F17512,F17349
F15384,F15129
F6265,F6230
F12275,F11939
F3032,F2840
F8959,F8634
F11485,F11196
F7057,F6784
F11904,F11710
F9907,F9669
F8031,F8010
F4746,F4384
F16289,F15911
F15613,F15460
F16631,F16590
F14182,F14120
F6364,F6095
F10412,F10246
F15071,F15053
F11496,F11275
F5798,F5448
F13688,F13627
F4000,F3716
F10186,F9921
F12529,F12313
F10850,F10552
F16463,F16317
F14626,F14448
F7871,F7850
F11369,F11294
F11500,F11192
F13594,F13394
F6488,F6133
F15763,F15742
F16166,F15962
F12489,F12259
F5576,F5270
F15007,F14718
F5176,F5022
F17068,F16841
F4674,F4538
F5582,F5427
F10783,F10781
F14317,F14092
F16244,F15883
F5957,F5871
F11917,F11708
F4654,F4607
F13907,F13889
F14195,F13853
F7417,F7174
F10190,F10089
F14832,F14623
F8679,F8292
F7742,F7586
F16663,F16661
F3459,F3185
F6740,F6477
F12883,F12725
F12408,F12080
F3587,F3288
F5625,F5481
F6202,F5987
F10417,F10072
F9026,F8899
F3410,F3122
F10222,F9874
F3929,F3706
F14954,F14928
F17551,F17403
F6824,F6573
F13643,F13414
F5951,F5600
F11214,F11144
F9701,F9675
F4114,F3952
F3532,F3264
F16431,F16420
F6584,F6496
F9034,F8926
F7583,F7375
F7573,F7474
F15517,F15510
F13984,F13603
F12429,F12326
F9644,F9272
F5541,F5251
F15652,F15377
F11943,F11612
F10651,F10360
F2710,F2572
F2880,F2864
F8451,F8362
F10500,F10341
F6154,F5864
F7648,F7253
F8023,F7639
F13035,F12868
F12537,F12338
F8765,F8461
F12434,F12227
F4805,F4574
F17304,F16913
F2957,F2884
F6428,F6358
F16596,F16413
F7235,F7078
F13482,F13190
F4574,F4498
F3745,F3700
F9428,F9106
F6188,F6131
F15152,F14868
F12851,F12477
F14760,F14595
F17477,F17455
F4808,F4627
F9591,F9337
F11783,F11765
F8611,F8413
F11206,F11146
F6762,F6429
F3102,F2870
F7965,F7886
F17753,F17674
F15357,F15062
F12673,F12354
F17417,F17411
F10798,F10693
F5405,F5110
F4869,F4606
F10467,F10125
F14214,F14210
F11469,F11338
F11458,F11403
F17478,F17079
F7459,F7120
F13175,F12945
F9509,F9435
F8728,F8574
F7880,F7505
F8207,F7971
F12278,F12123
F11776,F11771
F17755,F17745
F7924,F7805
F9316,F9211
F13760,F13480
F4323,F4088
F10618,F10532
F14288,F14165
F3533,F3252
F13735,F13567
F6474,F6255
F14943,F14805
F15360,F15055
F7842,F7590
F13739,F13353
F9384,F9378
F5818,F5435
F11059,F10717
F8102,F8099
F5270,F5253
F4900,F4886
F14857,F14834
F14945,F14610
F16029,F15753
F8471,F8096
F11870,F11854
F9113,F8730
F15914,F15870
F15404,F15054
F17885,F17556
F11484,F11353
F5439,F5263
F4470,F4221
F11237,F11234
F13633,F13338
F11155,F10987
F9850,F9595
F14537,F14148
F16367,F16013
F17803,F17590
F12384,F12203
F9862,F9478
F11844,F11648
F2791,F2790
F14610,F14479
F15816,F15674
F3561,F3510
F8590,F8483
F4781,F4511
F3272,F2987
F7515,F7249
F13367,F13173
F14200,F13856
F12702,F12453
F6750,F6350
F4903,F4609
F9939,F9818
F9784,F9425
F3620,F3577
F11923,F11555
F8635,F8432
F13609,F13504
F6900,F6805
F3747,F3644
F9168,F9153
F11022,F10798
F10112,F10057
F3125,F3111
F14435,F14153
F17488,F17225
F14329,F14092
F13984,F13797
F7839,F7640
F12689,F12335
F15827,F15433
F9621,F9419
F3440,F3386
F3045,F3012
F16944,F16594
F3343,F3165
F17396,F17167
F4840,F4513
F12028,F11791
F6206,F5936
F12839,F12562
F8268,F7945
F15412,F15211
F10894,F10754
F11679,F11598
F9558,F9476
F6461,F6111
F11297,F11192
F12143,F12000
F6069,F5916
F7405,F7116
F11380,F10994
F9477,F9215
F4640,F4478
F8361,F8220
F14696,F14650
F4936,F4867
F4653,F4305
F6239,F6023
F8758,F8729
F17490,F17101
F5653,F5403
F16671,F16422
F10171,F10094
F14282,F14064
F9612,F9316
F17130,F17092
F6299,F6135
F12735,F12612
F10857,F10571
F4627,F4604
F13921,F13526
F5384,F5143
F14707,F14676
F17949,F17868
F6295,F6149
F8613,F8563
F7939,F7711
F5582,F5525
F14957,F14711
F2793,F2679
F13465,F13410
F5385,F5237
F3821,F3603
F11994,F11882
F16158,F16022
F13096,F12849
F5332,F5098
F4910,F4694
F16958,F16779
F3956,F3850
F13030,F12783
F14208,F14104
F9429,F9308
F6370,F6330
F11711,F11539
F9443,F9127
F17108,F16714
F15300,F15168
F17330,F17109
F16395,F16084
F13478,F13222
F17561,F17171
F9793,F9616
F7572,F7272
F8603,F8560
F6713,F6542
F6928,F6729
F17543,F17470
F15401,F15099
F17942,F17583
F8097,F7860
F10432,F10382
F3523,F3139
F11218,F10829
F5849,F5595
F2718,F2542
F15996,F15697
F9400,F9232
F15441,F15061
F10961,F10835
F7028,F6640
F13257,F12977
F14229,F14101
F16452,F16269
F9041,F8949
F14560,F14209
F13462,F13423
F17205,F16830
F15272,F14907
F4412,F4150
F16931,F16700
F5962,F5905
F2720,F2362
F5004,F4877
F8014,F7623
F12500,F12348
F6400,F6005
F8865,F8514
F15685,F15459
F17135,F16952
F14362,F14176
F17853,F17789
F11527,F11418
F4296,F3906
F7595,F7391
F11093,F10764
F9156,F8912
F10081,F10018
F17627,F17312
F9215,F9133
F12173,F12162
F11057,F11034
F6478,F6086
F6149,F5841
F3749,F3684
F2817,F2738
F3858,F3542
F5350,F5346
F8854,F8542
F13859,F13628
F17655,F17603
F14636,F14605
F2949,F2649
F4788,F4413
F17800,F17625
F4386,F4057
F15814,F15805
F8541,F8420
F14948,F14797
F7043,F6645
F9585,F9403
F9194,F8972
F7174,F6900
F16640,F16590
F3540,F3533
F11738,F11533
F10534,F10314
F9541,F9147
F2843,F2798
F7123,F7084
F6289,F6064
F12618,F12247
F15929,F15856
F14909,F14859
F13947,F13917
F11999,F11626
F15118,F14821
F10607,F10592
F11778,F11466
F6240,F5879
F7552,F7167
F4906,F4562
F10493,F10421
F7985,F7793
F5124,F5053
F13397,F13035
F13789,F13577
F14093,F14009
F15302,F15270
F15979,F15818
F9387,F9121
F6206,F5852
F3098,F2773
F3873,F3763
F8216,F8035
F16178,F15813
F8162,F8054
F11003,F10649
F10343,F10311
F16338,F16210
F9638,F9402
F8915,F8763
F6537,F6515
F6146,F5802
F11726,F11720
F13438,F13354
F6653,F6332
F13937,F13846
F10720,F10704
F17586,F17288
F5105,F4893
F10960,F10887
F6581,F6508
F13401,F13230
F5847,F5608
F5727,F5575
F13045,F12709
F3079,F3002
F10676,F10512
F10026,F9991
F12613,F12396
F16757,F16631
F17748,F17439
F12644,F12496
F4278,F4080
F14949,F14929
F16986,F16737
F6409,F6196
F6435,F6070
F3751,F3478
F3967,F3567
F16628,F16296
F4714,F4514
F14473,F14184
F4595,F4216
F11799,F11595
F12467,F12447
F4314,F4108
F5654,F5519
F2772,F2462
F5517,F5233
F12228,F12213
F3034,F2822
F6878,F6785
F10563,F10455
F10489,F10104
F6403,F6359
F5582,F5358
F9117,F8833
F4214,F4072
F3296,F3083
F13026,F12804
F13562,F13551
F16143,F15819
F12049,F11995
F3269,F3002
F12874,F12843
F12546,F12192
F3648,F3529
F4660,F4534
F6522,F6481
F4043,F3840
F4250,F4089
F16781,F16519
F17310,F17043
F15083,F15034
F13678,F13441
F12504,F12298
F5567,F5271
F13376,F13267
F17102,F16707
F17457,F17089
F9730,F9670
F10114,F10031
F10168,F9775
F12553,F12550
F5989,F5981
F10395,F10329
F14582,F14480
F10757,F10431
F9538,F9522
F7779,F7725
F6428,F6229
F2980,F2640
F7156,F6876
F3031,F2963
F17701,F17694
F6077,F5692
F6280,F6119
F12043,F11846
F16885,F16674
F3215,F2947
F16161,F16144
F7124,F6867
F15348,F14977
F6624,F6406
F12244,F12071
F6764,F6371
F9369,F9062
F14198,F13850
F13736,F13361
F13812,F13765
F11117,F10918
F7914,F7739
F10882,F10524
F16103,F15746
F5783,F5662
F9879,F9800
F7957,F7828
F4765,F4698
F6664,F6400
F15302,F15077
F5521,F5201
F9096,F9019
F4425,F4329
F4519,F4322
F8231,F7842
F2725,F2570
F6701,F6557
F17239,F17095
F12484,F12393
F12964,F12840
F5320,F5005
F14574,F14467
F15999,F15729
F6692,F6532
F16971,F16746
F8764,F8420
F11274,F11229
F8941,F8828
F3367,F3014
F2722,F2677
F14558,F14316
F15194,F15044
F17045,F16987
F13957,F13644
F6181,F5807
F13425,F13206
F4539,F4145
F10138,F10026
F6565,F6443
F11554,F11297
F9500,F9257
F11143,F11110
F12113,F11987
F14060,F13880
F15575,F15346
F3260,F3174
F11175,F10918
F11625,F11338
F3901,F3739
F12839,F12453
F10976,F10831
F9704,F9503
F15655,F15284
F3352,F3194
F5378,F5059
F8464,F8132
F10680,F10458
F3261,F3059
F13185,F13031
F4949,F4575
F17311,F17203
F11838,F11649
F8654,F8339
F16856,F16548
F17873,F17817
F9220,F9084
F14200,F13815
F9924,F9739
F13963,F13679
F3177,F2900
F16581,F16302
F2858,F2603
F14747,F14552
F11923,F11812
F9625,F9597
F5618,F5410
F14940,F14763
F17037,F16899
F16326,F16049
F7675,F7632
F6638,F6506
F4305,F4234
F3293,F3047
F6269,F5932
F14211,F13820
F4290,F4074
F5225,F4896
F8223,F8210
F9666,F9512
F4424,F4354
F8852,F8688
F9918,F9874
F3590,F3336
F3777,F3567
F3803,F3761
F4307,F4276
F6522,F6343
F7601,F7289
F11975,F11581
F9083,F8762
F6860,F6517
F5904,F5684
F12888,F12641
F2816,F2761
F15515,F15244
F10884,F10580
F5664,F5466
F8421,F8407
F17531,F17525
F9138,F9034
F16672,F16373
F6710,F6569
F8390,F8174
F17831,F17682
F4281,F4061
F7422,F7066
F4541,F4277
F9470,F9405
F10228,F9899
F11051,F11027
F13094,F12861
F17008,F16769
F13879,F13820
F8752,F8653
F6527,F6497
F4780,F4521
F17616,F17322
F5227,F4902
F13116,F13086
F11487,F11395
F8421,F8319
F10235,F10014
F15319,F15120
F12695,F12649
F8312,F8231
F3558,F3158
F17978,F17843
F15727,F15367
F17299,F17004
F12133,F11750
F4938,F4548
F9877,F9854
F6610,F6521
F5603,F5375
F15544,F15412
F10652,F10547
F13844,F13548
F4185,F4072
F7063,F6903
F7361,F7305
F8211,F7867
F6010,F5822
F13119,F12865
F4791,F4634
F16800,F16692
F8115,F7772
F17136,F17080
F13523,F13148
F15650,F15559
F15206,F15039
F4916,F4882
F8842,F8609
F10832,F10703
F3630,F3321
F7785,F7421
F7018,F6823
F13532,F13210
F4921,F4713
F10005,F9993
F4160,F4071
F5043,F4728
F12114,F11948
F15945,F15828
F7444,F7309
F9915,F9578
F17898,F17774
F2960,F2758
F5561,F5310
F6656,F6316
F4414,F4122
F11382,F11285
F4437,F4192
F8715,F8691
F12676,F12386
F12813,F12416
F17390,F17267
F6923,F6703
F8827,F8687
F4972,F4805
F11293,F11144
F16968,F16848
F9435,F9191
F8905,F8695
F15167,F15079
F2741,F2487
F3059,F2824
F15332,F15242
F6765,F6490
F3971,F3575
F4164,F3983
F7108,F6900
F11002,F10617
F14779,F14712
F7183,F7001
F5678,F5533
F6515,F6360
F16720,F16662
F4028,F3648
F8503,F8450
F4568,F4284
F7097,F7054
F6279,F6184
F16485,F16433
F17706,F17693
F5111,F4956
F10669,F10583
F4159,F3958
F17559,F17173
F14062,F13992
F4467,F4201
F7536,F7303
F12116,F11967
F3446,F3285
F16770,F16613
F6657,F6575
F4052,F3666
F5449,F5131
F10975,F10943
F11169,F10979
F7781,F7761
F10019,F9880
F16841,F16691
F5315,F4936
F17968,F17624
F6513,F6304
F3630,F3261
F11591,F11432
F11824,F11535
F3278,F3223
F10558,F10478
F13689,F13363
F7897,F7552
F10478,F10176
F11458,F11089
F6282,F6230
F2820,F2496
F7729,F7374
F17813,F17416
F5274,F5141
F5986,F5722
F6981,F6774
F13385,F13354
F10189,F10087
F17195,F16892
F10022,F9852
F13711,F13484
F13493,F13162
F2798,F2562
F6756,F6463
F11635,F11478
F8766,F8509
F5681,F5322
F11911,F11606
F10446,F10272
F10874,F10545
F4385,F4080
F10521,F10229
F4623,F4554
F11069,F10921
F12267,F12141
F5364,F4979
F17175,F16979
F6175,F6164
F12791,F12517
F14410,F14397
F2801,F2719
F7646,F7482
F12558,F12316
F4664,F4554
F3519,F3286
F13061,F12677
F13511,F13485
F7262,F6961
F14092,F13702
F9925,F9761
F12431,F12058
F8593,F8565
F17862,F17702
F5046,F4862
F12078,F11737
F3253,F3105
F15138,F15015
F8224,F7919
F6783,F6694
F8255,F8068
F11959,F11711
F12657,F12516
F2745,F2697
F8459,F8102
F14136,F13985
F8360,F8346
F9112,F8825
F12626,F12402
F11969,F11801
F13986,F13881
F16489,F16404
F7028,F7007
F4681,F4585
F12076,F11922
F15337,F15283
F9770,F9567
F4077,F3757
F12777,F12482
F13853,F13783
F14752,F14713
F10912,F10765
F4497,F4421
F5019,F4688
F11589,F11375
F8452,F8282
F6969,F6952
F10289,F10122
F11284,F11054
F11579,F11401
F11379,F11092
F11202,F11129
F6470,F6309
F13059,F12698
F10285,F10089
F15277,F14960
F17468,F17351
F12214,F12212
F3504,F3394
F10250,F10002
F12011,F11699
F17190,F17013
F2971,F2693
F3336,F3118
F7960,F7649
F13293,F13000
F12273,F12227
F16061,F15878
F15323,F15286
F2954,F2758
F15814,F15660
F5005,F4992
F3715,F3666
F10735,F10384
F17096,F16856
F3709,F3693
F6576,F6528
F5175,F4857
F12821,F12771
F16796,F16718
F2783,F2687
F10185,F9785
F14610,F14211
F12368,F12021
F13354,F13303
F5560,F5447
F5877,F5556
F10996,F10867
F13864,F13518
F15734,F15544
F14563,F14181
F6186,F6116
F11005,F10657
F10819,F10485
F13390,F13361
F14536,F14465
F4289,F4008
F2707,F2507
F11740,F11543
F2987,F2961
F14668,F14463
F15073,F14878
F4632,F4623
F8876,F8820
F5088,F4925
F14214,F14040
F9798,F9575
F11942,F11919
F6951,F6852
F8559,F8335
F10423,F10115
F4777,F4688
F10248,F10141
F6646,F6344
F8341,F8263
F5538,F5523
F3423,F3191
F10209,F9980
F13589,F13465
F12357,F12071
F12405,F12233
F12962,F12626
F16532,F16376
F14520,F14365
F5891,F5768
F15732,F15595
F6492,F6143
F9386,F9171
F7778,F7611
F11045,F10667
F15931,F15640
F3312,F3094
F16191,F15967
F13455,F13244
F17685,F17511
F7465,F7073
F10688,F10648
F16006,F15817
F16049,F16033
F14338,F14174
F4546,F4468
F8741,F8414
F10423,F10296
F17349,F17125
F10649,F10644
F10078,F9790
F6029,F5688
F14066,F13799
F16811,F16505
F16023,F15889
F4862,F4764
F7516,F7142
F7178,F6857
F11393,F11230
F14638,F14273
F11357,F11004
F12212,F12050
F6541,F6460
F6221,F6197
F9247,F8972
F5465,F5257
F12533,F12430
F8743,F8434
F12289,F12139
F8213,F8117
F9372,F9022
F17973,F17596
F10742,F10705
F5143,F5119
F7469,F7331
F6572,F6221
F17099,F16997
F13619,F13363
F4236,F4135
F6700,F6366
F3723,F3650
F10057,F9969
F11489,F11306
F15190,F14949
F15658,F15527
F5230,F5158
F13787,F13744
F10588,F10390
F7226,F7092
F16646,F16614
F13178,F12989
F6093,F5715
F6649,F6479
F17431,F17340
F16341,F16118
F9022,F8649
F3869,F3861
F17783,F17446
F11798,F11620
F3290,F3065
F14005,F13891
F8189,F7917
F4434,F4354
F15320,F14925
F9166,F8956
F8832,F8764
F12298,F12089
F7575,F7533
F9067,F8865
F11530,F11503
F14976,F14603
F6413,F6064
F7113,F6963
F6481,F6137
F5029,F4811
F13337,F13117
F17701,F17480
F16824,F16564
F10212,F9819
F8473,F8449
F7544,F7299
F14024,F13973
F16145,F16044
F2933,F2645
F14907,F14702
F8597,F8495
F8736,F8349
F5401,F5235
F7360,F7106
F7952,F7942
F9580,F9565
F3534,F3200
F17684,F17552
F12710,F12455
F6100,F5742
F12298,F11975
F14544,F14365
F8428,F8357
F7820,F7425
F3957,F3851
F9970,F9826
F13053,F12783
F3181,F3013
F16097,F16083
F16951,F16688
F13680,F13308
F15562,F15384
F13550,F13432
F4682,F4373
F15323,F15206
F9458,F9083
F4461,F4220
F4230,F4083
F10838,F10700
F11227,F10904
F4078,F3979
F10469,F10373
F6981,F6748
F13990,F13626
F9263,F9089
F12564,F12536
F6550,F6449
F15116,F14802
F15550,F15210
F9017,F8731
F6796,F6745
F3485,F3463
F4496,F4404
F15315,F15310
F7815,F7486
F13191,F12942
F15937,F15812
F3746,F3375
F8760,F8463
F14191,F13881
F16224,F16097
F4953,F4574
F11445,F11361
F3389,F3087
F16023,F15626
F16578,F16477
F3575,F3418
F7222,F6891
F11983,F11661
F9658,F9526
F4004,F3908
F2800,F2408
F3878,F3674
F5884,F5559
F10996,F10600
F12470,F12278
F5519,F5490
F7641,F7530
F15259,F14880
F8165,F7897
F16430,F16104
F9615,F9507
F13059,F12974
F16224,F15834
F7046,F6840
F12908,F12515
F4013,F4003
F9120,F8847
F17615,F17479
F3446,F3187
F16935,F16603
F5855,F5799
F16021,F15990
F3297,F3239
F10762,F10444
F9004,F8918
F5818,F5754
F7460,F7190
F4983,F4587
F9034,F8743
F7589,F7374
F5461,F5416
F11184,F10812
F15981,F15655
F5719,F5364
F8836,F8657
F8454,F8149
F3741,F3531
F4858,F4719
F13097,F13054
F3893,F3575
F8015,F7998
F8614,F8257
F13827,F13752
F8477,F8269
F13444,F13244
F17935,F17620
F7962,F7739
F11939,F11647
F13685,F13518
F12810,F12780
F17508,F17460
F10033,F9897
F15640,F15286
F15686,F15485
F9497,F9174
F6460,F6249
F14725,F14567
F10314,F10119
F11503,F11315
F12572,F12399
F7602,F7439
F7247,F7140
F14912,F14662
F12904,F12809
F16063,F15887
F11798,F11425
F4210,F4203
F11921,F11652
F11877,F11745
F17865,F17840
F15626,F15506
F16375,F16223
F8853,F8784
F5581,F5543
F15088,F14755
F16552,F16463
F11834,F11575
F5454,F5430
F15995,F15647
F6610,F6516
F5058,F4900
F2824,F2498
F15010,F14883
F16782,F16629
F11601,F11239
F12837,F12561
F12950,F12768
F3428,F3346
F3955,F3620
F11828,F11630
F15910,F15771
F15937,F15605
F8836,F8556
F11764,F11502
F7508,F7495
F12131,F11800
F4166,F4077
F4562,F4501
F12787,F12445
F11981,F11980
F8526,F8244
F4466,F4102
F3133,F3042
F14143,F13818
F9258,F9236
F13186,F13080
F14251,F13960
F8939,F8890
F16489,F16376
F17216,F17153
F14305,F14027
F6544,F6420
F4249,F4132
F10907,F10877
F17272,F17105
F3025,F2914
F4182,F3850
F12934,F12872
F16050,F15681
F17436,F17097
F8677,F8295
F7499,F7496
F13522,F13167
F8449,F8431
F13775,F13697
F13357,F13145
F9137,F8839
F12586,F12505
F11330,F11212
F14606,F14360
F16069,F15844
F9338,F9149
F15367,F15003
F5984,F5898
F17023,F17018
F11275,F11174
F10571,F10463
F12306,F12144
F13621,F13226
F15590,F15557
F17284,F17033
F13899,F13891
F16768,F16692
F4904,F4742
F14559,F14434
F15627,F15327
F12228,F12134
F14803,F14744
F16828,F16735
F17885,F17638
F10824,F10662
F2824,F2624
F14448,F14264
F13679,F13297
F9004,F8712
F15275,F15103
F7932,F7867
F11837,F11571
F7144,F6869
F4515,F4332
F17721,F17693
F11886,F11568
F6146,F6056
F3217,F2898
F6084,F5997
F5072,F4698
F5935,F5862
F3051,F2679
F6996,F6722
F9017,F8667
F10370,F10166
F13379,F13007
F12075,F11742
F6135,F6050
F16502,F16146
F10315,F10153
F14701,F14374
F6654,F6259
F17906,F17731
F12423,F12057
F7388,F7022
F13277,F13214
F6062,F5757
F8206,F7879
F6467,F6426
F10615,F10503
F5776,F5612
F8585,F8380
F7378,F7371
F15668,F15547
F3476,F3429
F11059,F10822
F16313,F16268
F12281,F12073
F11318,F10970
F8328,F8179
F10060,F10036
F4561,F4539
F9927,F9556
F12983,F12836
F11427,F11349
F3842,F3544
F4594,F4210
F13065,F13055
F15373,F15127
F17321,F17061
F11323,F11186
F7835,F7678
F17357,F17268
F9839,F9789
F12048,F11936
F7834,F7797
F5584,F5434
F10223,F9934
F13984,F13959
F16463,F16318
F4253,F4110
F4905,F4675
F3425,F3290
F12239,F12221
F8136,F7778
F6444,F6402
F14270,F14018
F11952,F11565
F14340,F14231
F10543,F10466
F16987,F16799
F11562,F11393
F5236,F4868
F8664,F8559
F10732,F10648
F12731,F12498
F9756,F9445
F7025,F7007
F15768,F15382
F12258,F12180
F6080,F6049
F6789,F6515
F15647,F15348
F17707,F17514
F10205,F10053
F2944,F2885
F14289,F13997
F10100,F9794
F12033,F11709
F16744,F16529
F6402,F6106
F8266,F8189
F17184,F16933
F6668,F6463
F6669,F6503
F5556,F5336
F13542,F13325
F13593,F13291
F17539,F17399
F17721,F17586
F7497,F7484
F7551,F7250
F14424,F14404
F12143,F11895
F7643,F7382
F17204,F16913
F9980,F9937
F10466,F10109
F14955,F14602
F5260,F5037
F13372,F13320
F15229,F14932
F11993,F11776
F4091,F4022
F7335,F6945
F13825,F13476
F15574,F15313
F3629,F3419
F10763,F10665
F9926,F9716
F4448,F4066
F10569,F10375
F13911,F13630
F9386,F9187
F13291,F12932
F8725,F8617
F11053,F10860
F14112,F13841
F8643,F8459
F9300,F8980
F17254,F16878
F5548,F5264
F5044,F5006
F13807,F13718
F17520,F17184
F10438,F10212
F13253,F13064
F11377,F11364
F7423,F7294
F13220,F13095
F7482,F7197
F7741,F7507
F9272,F8967
F16045,F15899
F10089,F9975
F8074,F7938
F5364,F5132
F5053,F4737
F16241,F16108
F3763,F3394
F10342,F10120
F5586,F5227
F11425,F11184
F7969,F7639
F11429,F11070
F15959,F15714
F12063,F11876
F6187,F5935
F11442,F11293
F14492,F14324
F8205,F8169
F8822,F8613
F8072,F7799
F12414,F12333
F3676,F3483
F9806,F9720
F4632,F4344
F16785,F16742
F14304,F13946
F3646,F3412
F8920,F8636
F14474,F14421
F3738,F3721
F8970,F8714
F5209,F4853
F3100,F2720
F7076,F6737
F4564,F4419
F4321,F4216
F10050,F9890
F12684,F12425
F8521,F8228
F16312,F16151
F10108,F10048
F11113,F11057
F11363,F11200
F9763,F9651
F17796,F17529
F8857,F8634
F13679,F13476
F11443,F11169
F15253,F15064
F9747,F9429
F5746,F5703
F4826,F4663
F10138,F9752
F8259,F8227
F11378,F11235
F12936,F12871
F9633,F9401
F10922,F10752
F17845,F17689
F14144,F13890
F2735,F2580
F5738,F5441
F8290,F8231
F10854,F10756
F4288,F4276
F5340,F5226
F5080,F4938
F12301,F12167
F4941,F4639
F14122,F13948
F4241,F3859
F5152,F5006
F9217,F9116
F11859,F11817
F15062,F14970
F5778,F5491
F13409,F13100
F8800,F8732
F10239,F10231
F11191,F11034
F7598,F7500
F12584,F12451
F2974,F2893
F9234,F9037
F15029,F14793
F14273,F13985
F15448,F15223
F6362,F6136
F11414,F11065
F6726,F6523
F10066,F9919
F17386,F17249
F17969,F17865
F12675,F12345
F16855,F16537
F15365,F15100
F8977,F8881
F11128,F11118
F13259,F13012
F8406,F8296
F9609,F9506
F13021,F12972
F3029,F3020
F2792,F2438
F10485,F10224
F5670,F5499
F4889,F4844
F17705,F17373
F8791,F8774
F9176,F9079
F6551,F6508
F16226,F15878
F15041,F14684
F8265,F8113
F10597,F10457
F8040,F7864
F11665,F11533
F15194,F15119
F4934,F4666
F7706,F7371
F9082,F8843
F17519,F17226
F14686,F14446
F8480,F8325
F7975,F7607
F6744,F6387
F13417,F13409
F16032,F15823
F13752,F13719
F8279,F7912
F7622,F7399
F8632,F8455
F10573,F10491
F6874,F6798
F10740,F10384
F4518,F4380
F3303,F3055
F10086,F9777
F6884,F6787
F3802,F3522
F11938,F11590
F6478,F6268
F9112,F8740
F13033,F12664
F5423,F5310
F17833,F17599
F16121,F15872
F13518,F13367
F9536,F9487
F8529,F8140
F15381,F15141
F10035,F9748
F16092,F15722
F17748,F17698
F9663,F9523
F17327,F17088
F7296,F7039
F12521,F12146
F15549,F15185
F9582,F9382
F16831,F16620
F5804,F5474
F4836,F4524
F11393,F11308
F5639,F5508
F11888,F11505
F17514,F17430
F13672,F13305
F11471,F11436
F11817,F11640
F9207,F9045
F3529,F3131
F3686,F3432
F12257,F11980
F7023,F6988
F11569,F11492
F5568,F5506
F8284,F7921
F14002,F13828
F3705,F3698
F14631,F14625
F12307,F12152
F17704,F17554
F5643,F5604
F9536,F9283
F15491,F15109
F7407,F7147
F7273,F7226
F5982,F5738
F13781,F13650
F16780,F16698
F4878,F4485
F5573,F5499
F8535,F8264
F7690,F7656
F8139,F7936
F12462,F12190
F17157,F16810
F4925,F4845
F14779,F14470
F11867,F11525
F4606,F4274
F16930,F16854
F13304,F13198
F5494,F5197
F11515,F11399
F12199,F12117
F6953,F6767
F7207,F6817
F7740,F7715
F13756,F13731
F6222,F5913
F15428,F15248
F7083,F6897
F4872,F4615
F6266,F5947
F14761,F14404
F17593,F17573
F7419,F7274
F3477,F3246
F8640,F8398
F10590,F10450
F9443,F9403
F15798,F15623
F6510,F6424
F13436,F13275
F9583,F9294
F15061,F15008
F16401,F16151
F16717,F16594
F6107,F5942
F10281,F9907
F10722,F10516
F14200,F13882
F16870,F16651
F4708,F4555
F17437,F17168
F13294,F13064
F3334,F3212
F13269,F12994
F8888,F8755
F3306,F3221
F9605,F9541
F15806,F15594
F14942,F14929
F15149,F15073
F15589,F15376
F8221,F7874
F16552,F16319
F12626,F12485
F3106,F2891
F14774,F14575
F4873,F4806
F16222,F15909
F17700,F17393
F6070,F5705
F4529,F4469
F17400,F17076
F17721,F17511
F5556,F5354
F10512,F10124
F12835,F12496
F11604,F11346
F3862,F3615
F7012,F6716
F5625,F5410
F8368,F8012
F13332,F13019
F15646,F15247
F17528,F17371
F10684,F10641
F7137,F6767
F9529,F9210
F11831,F11644
F14368,F14045
F5160,F4786
F17951,F17929
F16295,F16155
F5147,F5095
F17917,F17551
F11940,F11694
F14476,F14451
F11821,F11640
F10112,F9994
F8946,F8789
F11780,F11500
F3285,F3078
F5260,F5228
F13459,F13247
F17072,F16866
F8995,F8664
F14166,F13939
F16244,F15880
F11954,F11726
F3378,F3345
F4050,F3827
F5827,F5617
F6327,F5949
F16440,F16323
F10888,F10580
F6416,F6033
F4465,F4459
F5015,F4842
F6466,F6280
F11799,F11530
F5890,F5673
F17419,F17162
F5269,F5055
F8794,F8449
F6566,F6410
F17183,F16897
F4922,F4814
F14956,F14874
F9583,F9525
F17634,F17427
F13517,F13282
F11641,F11614
F3592,F3585
F4830,F4806
F7804,F7489
F17316,F17117
F17373,F17035
F4284,F4147
F17037,F16665
F11239,F10985
F14923,F14788
F11571,F11443
F7970,F7838
F3411,F3159
F17564,F17234
F8315,F8052
F4801,F4758
F17846,F17617
F17914,F17795
F5766,F5691
F6310,F6114
F10493,F10276
F9986,F9588
F3530,F3137
F9394,F9278
F9515,F9369
F16016,F15838
F8195,F8111
F17130,F16891
F6913,F6665
F16365,F16082
F15987,F15872
F6426,F6189
F7058,F6883
F10854,F10641
F10024,F9918
F9244,F9076
F5701,F5636
F5568,F5556
F4634,F4329
F3203,F3105
F7560,F7221
F7810,F7479
F8101,F7980
F11367,F11263
F10119,F9726
F6807,F6757
F13088,F12947
F14221,F14119
F14533,F14393
F4705,F4315
F15669,F15299
F7589,F7553
F17112,F17060
F10725,F10356
F13902,F13517
F13405,F13259
F15094,F14769
F7527,F7212
F7105,F6726
F7220,F6859
F12563,F12317
F14448,F14393
F16307,F16030
F4038,F3924
F15794,F15502
F4789,F4431
F17200,F16830
F2711,F2588
F12512,F12205
F7118,F6899
F16227,F15963
F6878,F6686
F7562,F7285
F7189,F7070
F13109,F12739
F8897,F8847
F16471,F16320
F12539,F12420
F7482,F7458
F15389,F15131
F14568,F14492
F5338,F5295
F4533,F4526
F6803,F6649
F17136,F16810
F10696,F10576
F2923,F2809
F10667,F10518
F5402,F5211
F8041,F7806
F5117,F5080
F15436,F15078
F3785,F3523
F10052,F9952
F2803,F2551
F16712,F16366
F16648,F16303
F12435,F12429
F13668,F13350
F2840,F2698
F5994,F5770
F7879,F7803
F6021,F5718
F13205,F12928
F11540,F11371
F15618,F15345
F10645,F10372
F15586,F15194
F13581,F13373
F16654,F16489
F12113,F11965
F2889,F2673
F5181,F5042
F12292,F12043
F8768,F8520
F10868,F10609
F10437,F10324
F14298,F14066
F16889,F16750
F12345,F12115
F5673,F5638
F7849,F7565
F5094,F4840
F8857,F8652
F11703,F11623
F7980,F7947
F11779,F11610
F12775,F12668
F4685,F4611
F10135,F9888
F4516,F4160
F15440,F15117
F9763,F9601
F2770,F2532
F6597,F6522
F9947,F9712
F6481,F6182
F9579,F9183
F10155,F10027
F12682,F12453
F7162,F6925
F13972,F13638
F6455,F6279
F17337,F17086
F8036,F7724
F4052,F3865
F9528,F9353
F6061,F5902
F5598,F5223
F14840,F14679
F17375,F17096
F4046,F3940
F12886,F12488
F15793,F15468
F6465,F6307
F9402,F9233
F16961,F16764
F3642,F3378
F16381,F16083
F7692,F7317
F14211,F14142
F4306,F3950
F17949,F17559
F3357,F3299
F11752,F11432
F9865,F9739
F14051,F13921
F15301,F15273
F7795,F7467
F11438,F11317
F13102,F13094
F12624,F12588
F3700,F3537
F13046,F12889
F11116,F10930
F9968,F9625
F9698,F9666
F4101,F3800
F11186,F11008
F13585,F13583
F14622,F14282
F8258,F7879
F13414,F13081
F8085,F7786
F8719,F8535
F12778,F12621
F14387,F14285
F8141,F7879
F17414,F17169
F13237,F13223
F4061,F3917
F11510,F11181
F9097,F8844
F17185,F16924
F13526,F13200
F11083,F10893
F11476,F11092
F15803,F15491
F7259,F7209
F9849,F9597
F15815,F15679
F4334,F4103
F16252,F15961
F10734,F10409
F14733,F14486
F11476,F11462
F2797,F2771
F3153,F2771
F10580,F10231
F16253,F16123
F9284,F9156
F5259,F5123
F13182,F12932
F8066,F7723
F9267,F8889
F7008,F6663
F3431,F3323
F17868,F17701
F9091,F8897
F14919,F14585
F6654,F6484
F14927,F14548
F12610,F12594
F17146,F16819
F15578,F15194
F15590,F15329
F15737,F15619
F11915,F11848
F15471,F15146
F12406,F12108
F7958,F7824
F8234,F8016
F8039,F7767
F15402,F15342
F15602,F15588
F12424,F12176
F14459,F14188
F3252,F3194
F11728,F11541
F15412,F15301
F12435,F12307
F2764,F2539
F13677,F13483
F6799,F6699
F11158,F10906
F17180,F16903
F16087,F16056
F16931,F16621
F2884,F2822
F5681,F5283
F6330,F6107
F7741,F7642
F16836,F16489
F17218,F17185
F14597,F14314
F4748,F4613
F6169,F5975
F13785,F13767
F16319,F16185
F11605,F11266
F11090,F10887
F17610,F17383
F13227,F13217
F4643,F4484
F5113,F4904
F13763,F13447
F7113,F6720
F13749,F13421
F6989,F6872
F17869,F17616
F6296,F6116
F3993,F3659
F17764,F17550
F7053,F6983
F16665,F16459
F4244,F4100
F11170,F10937
F3948,F3777
F14167,F14039
F10030,F10013
F11538,F11355
F8982,F8630
F17093,F16880
F9783,F9756
F3517,F3428
F2729,F2540
F12452,F12432
F4173,F3879
F17790,F17407
F8360,F8355
F7531,F7277
F10207,F9995
F6686,F6625
F6774,F6535
F8657,F8492
F17549,F17382
F9487,F9136
F5449,F5103
F16086,F15910
F8911,F8518
F17056,F16677
F3084,F2807
F12760,F12476
F11112,F10862
F12770,F12374
F14251,F13974
F16389,F16291
F15764,F15364
F2938,F2643
F4786,F4751
F5612,F5216
F11486,F11336
F11605,F11345
F7955,F7718
F14543,F14223
F6159,F6016
F11657,F11626
F11841,F11598
F5815,F5505
F11205,F11008
F3150,F2982
F16698,F16345
F14064,F13933
F15081,F14741
F15840,F15595
F15919,F15539
F2866,F2828
F10121,F9781
F7647,F7356
F10218,F10066
F14375,F14227
F14424,F14258
F4835,F4561
F17747,F17453
F2940,F2812
F16772,F16480
F6023,F5701
F12215,F12014
F9005,F8615
F12944,F12609
F13369,F13330
F11142,F11039
F15264,F15097
F17972,F17864
F12223,F11993
F7984,F7915
F9184,F8795
F6371,F6360
F17822,F17615
F2951,F2945
F14492,F14138
F7111,F6741
F14459,F14248
F9982,F9724
F4616,F4481
F13031,F12759
F11510,F11391
F12580,F12206
F9284,F8978
F8872,F8605
F2797,F2750
F11212,F11194
F6617,F6416
F13788,F13405
F17097,F16729
F15660,F15606
F12428,F12314
F5082,F4890
F6755,F6490
F14247,F13972
F7940,F7908
F16280,F15963
F16647,F16459
F4362,F4129
F17036,F17001
F8453,F8089
F2995,F2911
F2768,F2676
F6746,F6556
F8751,F8665
F12720,F12686
F14916,F14527
F5081,F4702
F8052,F8028
F17809,F17587
F11199,F10900
F11096,F10812
F16603,F16550
F15769,F15647
F9853,F9638
F17447,F17238
F5409,F5130
F14199,F13938
F15781,F15449
F9728,F9350
F11306,F11252
F10763,F10652
F6680,F6445
F12070,F11994
F7409,F7386
F10222,F9877
F17899,F17622
F16685,F16322
F12496,F12389
F14674,F14426
F4050,F3895
F8131,F7805
F12822,F12683
F9375,F9215
F4818,F4763
F8846,F8536
F12389,F12057
F6300,F6231
F16637,F16489
F3012,F2792
F12300,F12279
F12058,F11921
F3094,F2780
F16954,F16735
F4760,F4454
F5425,F5325
F14561,F14438
F16214,F16103
F5686,F5683
F5228,F5076
F3654,F3631
F5132,F5083
F9950,F9600
F13628,F13295
F14914,F14869
F17811,F17504
F16584,F16329
F9216,F9196
F8014,F7693
F12060,F11690
F8610,F8412
F14216,F14098
F5291,F5245
F17181,F17154
F12607,F12334
F15730,F15665
F13291,F12971
F11845,F11753
F10768,F10562
F4782,F4716
F5466,F5358
F5903,F5759
F4324,F4320
F16619,F16274
F5873,F5863
F15247,F14954
F4463,F4119
F15243,F14962
F15693,F15664
F16880,F16680
F13985,F13692
F4076,F3930
F16188,F15996
F7774,F7470
F14703,F14347
F17625,F17569
F5822,F5490
F5936,F5610
F6195,F5871
F11009,F10935
F6881,F6831
F5704,F5456
F14372,F14000
F14008,F13894
F15572,F15267
F4403,F4210
F6483,F6474
F4838,F4700
F12784,F12679
F14460,F14340
F9745,F9514
F12914,F12717
F12364,F11987
F4507,F4493
F5012,F4699
F14153,F13985
F8442,F8163
F11390,F11341
F13751,F13690
F7894,F7785
F12288,F12179
F13338,F13317
F9830,F9824
F16743,F16663
F3985,F3861
F13464,F13439
F11398,F11294
F12973,F12713
F8300,F8222
F10759,F10474
F13986,F13609
F5445,F5361
F4088,F4058
F8385,F8112
F13321,F13004
F6598,F6574
F3112,F2808
F6306,F6142
F6494,F6404
F12726,F12474
F14596,F14427
F5307,F5195
F7633,F7387
F11156,F11012
F4184,F4158
F8725,F8701
F7515,F7175
F11949,F11905
F15092,F14817
F15190,F15018
F16711,F16675
F12803,F12435
F8489,F8204
F7634,F7607
F14785,F14569
F11163,F10821
F12656,F12539
F12179,F11819
F9083,F8989
F9831,F9793
F16400,F16035
F4814,F4746
F13767,F13461
F16774,F16577
F17527,F17149
F5377,F5339
F5875,F5550
F7300,F6945
F8070,F7962
F14013,F13663
F4381,F4258
F17289,F17186
F12417,F12065
F9465,F9229
F17540,F17440
F15657,F15425
F15336,F15278
F15692,F15593
F14116,F13838
F5372,F5223
F16052,F15893
F7194,F6955
F16406,F16079
F6279,F6158
F7862,F7796
F14332,F14291
F12594,F12300
F4772,F4541
F8464,F8429
F16064,F16010
F10377,F10103
F14315,F14278
F13035,F12753
F10624,F10445
F13913,F13649
F6020,F5652
F14512,F14303
F11338,F11071
F6054,F5891
F7053,F7006
F5892,F5515
F3601,F3265
F3067,F2760
F13729,F13597
F6005,F5828
F5563,F5365
F12927,F12651
F11294,F11194
F6412,F6282
F6052,F5860
F6394,F6004
F16418,F16374
F15005,F14731
F12673,F12613
F17557,F17518
F12415,F12205
F12771,F12769
F12672,F12629
F8996,F8887
F10817,F10444
F4448,F4350
F8551,F8409
F2898,F2886
F4288,F4046
F4476,F4138
F14742,F14377
F6992,F6620
F9154,F9095
F12193,F11813
F13993,F13697
F3956,F3711
F8266,F8235
F11980,F11932
F4849,F4464
F9527,F9495
F13025,F12836
F12287,F12171
F13194,F12925
F8790,F8722
F5428,F5192
F5044,F4937
F16542,F16220
F15285,F15073
F5942,F5589
F6149,F6091
F2806,F2458
F12768,F12489
F9484,F9410
F15386,F15152
F16902,F16635
F14270,F14072
F11700,F11578
F4326,F4245
F3497,F3331
F16066,F15845
F9509,F9496
F7577,F7576
F11288,F11124
F5133,F5005
F8363,F8269
F6639,F6513
F10389,F10364
F12088,F11908
F13111,F12746
F3445,F3123
F11916,F11588
F12799,F12585
F15930,F15684
F12079,F11942
F12441,F12259
F8080,F8007
F11730,F11711
F14683,F14669
F6932,F6865
F3789,F3649
F5025,F4775
F4006,F3724
F12930,F12703
F4718,F4702
F9213,F8813
F6676,F6325
F12330,F12241
F14337,F14107
F3393,F3258
F7190,F6885
F13716,F13406
F9250,F8858
F10697,F10568
F6975,F6774
F3511,F3207
F14935,F14596
F12501,F12373
F4675,F4439
F3324,F3208
F3893,F3835
F3741,F3522
F4887,F4793
F14882,F14664
F7967,F7935
F8353,F8041
F3082,F2731
F17587,F17510
F9979,F9698
F15771,F15755
F12726,F12375
F10261,F10090
F5992,F5981
F9756,F9703
F11325,F11150
F17383,F17043
F3240,F2996
F17077,F16811
F8997,F8912
F9536,F9157
F16660,F16366
F10895,F10732
F16164,F16042
F12038,F11797
F6591,F6299
F6162,F5808
F17018,F16713
F13363,F13113
F11625,F11226
F8543,F8187
F3380,F3212
F6735,F6560
F12588,F12431
F17183,F17056
F8010,F7995
F13715,F13638
F3555,F3301
F17330,F17104
F16180,F16088
F10724,F10584
F7273,F6972
F7483,F7438
F11200,F10895
F17160,F16948
F12061,F11849
F8531,F8181
F14988,F14854
F10443,F10295
F2952,F2797
F15785,F15448
F5111,F4894
F17150,F17117
F10682,F10594
F4535,F4145
F3318,F3160
F4041,F4010
F12295,F11953
F8788,F8589
F9017,F8896
F13054,F12827
F4456,F4117
F15453,F15135
F4354,F4306
F8052,F7824
F10414,F10272
F17518,F17484
F14732,F14440
F15537,F15515
F6191,F6142
F7620,F7492
F17531,F17418
F9553,F9460
F7635,F7282
F4884,F4656
F7199,F6983
F13854,F13492
F9810,F9414
F2950,F2930
F16730,F16615
F2988,F2656
F6787,F6648
F13446,F13189
F8485,F8375
F7438,F7373
F5775,F5619
F8075,F8006
F11303,F11240
F4086,F3947
F13099,F12809
F7209,F6964
F3665,F3443
F13601,F13220
F17352,F17046
F17747,F17638
F15038,F14698
F5642,F5434
F16494,F16289
F3457,F3435
F6912,F6910
F15708,F15466
F16942,F16752
F7342,F7128
F8448,F8066
F8795,F8708
F10319,F10093
F14057,F13875
F14451,F14362
F17722,F17451
F17749,F17499
F6577,F6204
F7457,F7075
F8797,F8772
F3608,F3316
F13219,F13120
F7752,F7400
F11151,F10905
F5864,F5467
F12639,F12542
F14506,F14478
F4596,F4441
F11373,F11076
F4929,F4873
F8445,F8321
F13504,F13134
F12961,F12788
F16325,F15972
F17233,F16933
F16822,F16449
F2850,F2685
F8266,F8114
F14328,F13930
F5688,F5424
F4611,F4526
F17062,F16989
F16368,F16235
F16174,F15925
F6334,F6050
F8592,F8216
F5680,F5631
F14435,F14293
F2939,F2671
F13939,F13654
F4330,F4175
F11084,F11022
F9504,F9487
F16146,F15905
F12209,F11925
F3982,F3805
F13777,F13751
F14720,F14661
F17245,F16875
F2726,F2668
F8667,F8306
F9646,F9608
F3878,F3745
F17124,F16780
F13047,F12808
F16754,F16428
F16129,F16051
F14803,F14412
F8808,F8633
F16866,F16589
F6941,F6737
F14303,F14028
F10334,F10180
F3588,F3344
F13170,F13155
F13252,F13170
F9664,F9524
F13808,F13492
F6117,F5940
F11873,F11809
F6456,F6187
F13309,F13088
F14467,F14154
F17697,F17398
F14039,F13694
F10371,F10149
F9078,F8684
F7569,F7512
F5364,F5226
F12264,F12255
F13753,F13380
F12619,F12394
F4903,F4884
F11027,F10767
F17374,F17205
F15889,F15858
F6679,F6428
F6396,F6007
F7052,F6653
F13457,F13454
F8552,F8294
F16844,F16453
F3276,F2959
F4054,F3774
F4585,F4385
F4853,F4738
F7077,F6800
F4882,F4635
F17505,F17364
F13756,F13451
F10895,F10892
F10506,F10162
F17190,F17015
F14023,F13642
F12011,F11653
F14148,F14031
F3394,F3094
F4072,F4013
F10291,F10142
F5721,F5502
F3346,F3157
F5068,F4875
F15899,F15748
F17892,F17614
F13115,F12947
F15739,F15585
F14869,F14862
F17063,F16670
F4537,F4495
F16501,F16322
F12891,F12493
F10377,F10027
F9453,F9135
F10627,F10422
F17883,F17633
F4242,F3852
F13758,F13451
F7452,F7290
F7110,F7022
F15845,F15560
F6952,F6949
F7016,F6719
F15771,F15421
F8467,F8303
F14364,F14266
F16130,F15943
F11853,F11539
F12843,F12469
F16953,F16622
F3966,F3936
F8784,F8598
F8147,F7879
F11236,F11107
F10148,F9760
F14170,F14071
F9119,F9115
F14876,F14797
F13882,F13803
F17910,F17908
F5005,F4783
F14153,F13943
F12275,F11935
F13473,F13392
F4773,F4415
F15510,F15491
F6662,F6470
F8384,F8133
F12081,F12063
F4331,F3976
F16401,F16262
F6515,F6466
F10731,F10408
F14885,F14645
F15609,F15323
F4130,F4062
F5671,F5564
F16031,F15969
F8925,F8683
F16501,F16351
F5711,F5484
F6095,F5791
F16920,F16688
F4135,F3758
F15686,F15633
F5913,F5759
F10360,F10177
F12801,F12691
F6654,F6442
F7354,F7285
F15191,F14975
F3165,F3107
F7751,F7584
F4563,F4286
F10244,F10042
F14113,F13942
F4399,F4368
F13434,F13118
F17494,F17476
F17181,F17021
F3710,F3517
F11616,F11332
F11813,F11612
F10893,F10592
F17640,F17486
F14587,F14212
F9483,F9275
F15580,F15246
F10378,F10023
F9190,F8918
F10460,F10099
F4005,F3912
F15756,F15461
F15030,F14684
F17482,F17115
F7172,F7091
F9693,F9606
F8335,F8082
F14969,F14961
F5796,F5624
F5422,F5392
F14816,F14567
F3805,F3689
F4157,F3757
F4898,F4824
F8950,F8704
F11944,F11928
F13704,F13482
F3613,F3538
F13912,F13597
F17530,F17529
F6878,F6526
F16347,F16336
F16616,F16378
F4550,F4242
F11449,F11230
F17344,F17125
F14729,F14633
F16450,F16342
F12516,F12391
F3862,F3733
F2912,F2641
F3443,F3226
F11962,F11809
F16376,F16098
F3891,F3810
F17623,F17367
F13234,F13068
F16974,F16626
F16172,F16051
F15012,F14643
F15686,F15459
F7470,F7337
F10367,F10135
F14133,F14126
F11490,F11465
F14930,F14714
F3851,F3780
F8996,F8738
F12921,F12594
F9824,F9679
F13557,F13161
F17319,F17244
F3685,F3607
F11709,F11628
F9321,F9023
F7974,F7802
F6700,F6456
F7495,F7365
F17417,F17214
F3734,F3564
F5438,F5280
F7532,F7161
F6461,F6454
F16492,F16478
F16856,F16634
F9481,F9404
F6259,F5875
F5686,F5579
F8064,F7935
F17159,F17084
F13650,F13515
F3385,F3288
F16367,F16169
F11600,F11334
F4432,F4255
F8175,F7945
F17075,F17008
F6308,F6218
F8609,F8364
F15797,F15409
F6324,F6206
F5823,F5769
F13734,F13361
F12253,F12161
F3946,F3710
F16605,F16604
F9289,F9008
F14784,F14457
F8676,F8664
F9696,F9569
F17532,F17205
F11239,F10904
F9367,F9267
F9530,F9421
F17982,F17584
F13339,F13260
F11841,F11577
F11147,F10838
F14403,F14206
F16473,F16412
F8551,F8244
F9336,F9005
F6772,F6594
F8859,F8720
F15552,F15313
F13714,F13477
F17170,F17028
F4334,F4320
F13570,F13529
F2974,F2630
F6687,F6555
F16317,F16122
F11028,F10795
F5403,F5246
F3952,F3798
F4498,F4199
F8470,F8386
F8898,F8679
F17121,F17038
F4142,F3960
F9564,F9271
F10246,F9858
F2882,F2710
F6325,F6193
F12357,F12334
F10724,F10483
F5072,F4900
F14759,F14664
F12337,F12098
F2965,F2671
F11256,F10990
F15320,F15312
F7230,F6977
F8293,F8050
F17245,F16884
F11916,F11888
F8931,F8777
F4799,F4773
F7406,F7383
F15089,F14746
F5228,F4843
F10201,F9923
F6359,F6030
F5062,F5027
F8771,F8695
F12294,F12115
F16218,F16009
F17393,F17379
F11020,F10892
F10088,F10057
F13000,F12680
F3945,F3907
F11029,F10971
F12848,F12681
F11955,F11615
F8047,F7745
F6469,F6092
F7902,F7887
F15125,F14926
F14142,F13985
F8216,F7907
F12847,F12803
F14883,F14795
F13603,F13441
F6247,F6084
F14391,F14004
F8292,F8034
F5579,F5279
F9707,F9316
F9783,F9628
F4359,F4206
F14118,F14055
F12424,F12026
F3634,F3438
F8653,F8306
F9260,F8887
F3508,F3373
F7899,F7800
F10285,F10162
F13951,F13680
F15537,F15199
F17329,F17067
F3793,F3620
F8083,F7854
F8115,F7936
F17211,F17021
F14040,F13718
F8611,F8421
F13123,F12960
F7405,F7139
F7055,F7038
F11219,F11016
F17723,F17556
F6937,F6864
F3609,F3328
F11878,F11808
F6405,F6329
F5065,F4766
F14552,F14271
F16981,F16610
F15247,F15177
F5990,F5959
F16072,F16045
F12037,F11653
F3384,F3329
F17730,F17703
F8966,F8703
F4656,F4478
F6275,F5898
F13272,F13191
F11485,F11451
F14891,F14826
F17633,F17539
F13488,F13487
F9139,F8936
F8501,F8295
F16219,F16076
F11389,F11038
F10455,F10231
F4035,F3954
F16543,F16271
F14223,F13850
F6581,F6367
F6081,F6004
F5988,F5761
F3406,F3255
F2825,F2790
F5619,F5575
F13531,F13321
F4947,F4731
F12411,F12100
F13993,F13853
F3186,F2848
F5603,F5596
F10824,F10762
F5072,F4896
F5158,F4938
F17395,F17082
F3896,F3746
F6673,F6632
F11499,F11356
F4386,F4291
F16346,F16230
F16647,F16331
F7858,F7797
F10593,F10246
F10794,F10607
F9992,F9654
F14735,F14536
F6577,F6509
F17327,F17289
F2712,F2522
F8158,F8135
F17669,F17380
F10283,F9996
F11344,F11124
F11143,F11090
F2833,F2756
F11254,F11247
F9868,F9745
F16845,F16729
F4455,F4298
F14417,F14198
F3341,F3248
F13195,F13142
F13702,F13498
F8546,F8302
F13985,F13981
F4536,F4226
F16490,F16253
F8805,F8551
F17672,F17548
F2840,F2596
F6499,F6482
F11674,F11379
F8074,F7896
F12393,F12315
F10240,F10090
F10705,F10701
F17700,F17308
F5532,F5206
F6791,F6713
F6053,F6024
F10982,F10937
F10066,F9936
F12285,F12061
F9891,F9520
F3092,F2742
F5441,F5267
F11615,F11447
F14991,F14672
F16504,F16144
F14315,F14035
F16067,F15734
F17333,F17267
F5539,F5366
F5552,F5530
F14870,F14573
F15571,F15547
F14204,F14116
F11496,F11410
F14064,F13852
F9951,F9582
F16609,F16216
F3475,F3310
F4975,F4750
F4079,F3928
F7382,F7366
F7145,F7081
F15895,F15561
F3141,F2973
F6644,F6458
F10781,F10610
F5118,F4737
F13507,F13476
F6417,F6363
F8293,F8257
F5547,F5181
F14443,F14136
F5961,F5619
F8214,F8177
F4092,F4018
F6034,F5969
F5640,F5605
F16905,F16892
F16676,F16453
F17942,F17936
F9300,F8924
F4325,F4117
F9505,F9302
F12088,F11703
F6668,F6355
F5378,F5325
F13530,F13477
F13344,F13132
F4219,F4033
F16952,F16584
F16598,F16444
F11635,F11496
F3206,F3155
F11176,F10805
F8337,F8136
F5994,F5821
F5024,F4919
F10420,F10267
F13572,F13313
F7297,F6992
F4446,F4278
F2730,F2593
F14811,F14578
F9807,F9542
F8397,F8102
F16984,F16886
F17085,F16887
F8892,F8643
F13647,F13588
F14495,F14161
F9939,F9546
F4106,F4040
F5046,F4796
F3908,F3566
F11911,F11751
F4118,F3764
F12992,F12792
F8111,F8097
F17735,F17534
F3340,F2994
F16662,F16273
F13060,F12742
F4668,F4338
F8373,F8018
F12844,F12693
F7961,F7721
F12531,F12371
F12272,F11946
F9463,F9257
F12956,F12680
F6385,F6215
F6766,F6593
F2805,F2623
F5837,F5478
F8555,F8534
F14569,F14258
F6329,F6309
F17115,F16964
F16412,F16346
F11825,F11709
F17737,F17731
F7316,F6965
F11242,F11178
F3920,F3869
F4176,F4088
F17075,F17020
F3560,F3241
F3466,F3211
F12501,F12154
F7368,F7203
F4754,F4396
F6983,F6978
F11842,F11778
F7708,F7380
F17431,F17063
F10564,F10354
F17027,F17016
F14489,F14335
F4820,F4686
F5413,F5197
F16190,F16003
F17307,F16962
F16472,F16365
F8639,F8486
F11295,F11194
F6614,F6303
F10089,F10016
F5409,F5189
F14142,F14082
F16800,F16530
F13997,F13891
F5842,F5841
F5548,F5210
F9890,F9549
F14382,F14151
F8276,F8173
F9064,F8827
F4394,F4384
F7021,F6718
F17827,F17480
F6375,F6282
F14170,F14022
F14186,F13983
F12832,F12765
F13280,F13096
F16766,F16467
F8512,F8277
F13590,F13325
F14676,F14514
F6564,F6184
F14259,F14182
F6033,F5974
F5256,F4919
F13294,F13158
F12103,F11961
F15257,F14926
F15736,F15420
F12609,F12564
F14143,F13980
F6489,F6393
F4396,F4268
F6015,F5884
F8457,F8306
F6792,F6613
F11519,F11183
F8192,F8079
F17118,F16947
F12391,F12166
F13627,F13364
F6167,F6052
F11904,F11806
F3801,F3404
F13987,F13636
F3249,F2932
F9558,F9544
F17094,F16962
F7327,F7247
F12769,F12462
F12912,F12758
F5106,F4782
F5702,F5310
F17043,F16925
F13535,F13308
F10382,F10057
F17322,F17035
F7891,F7701
F17689,F17414
F8456,F8236
F7915,F7886
F12557,F12370
F7701,F7676
F17294,F16941
F6196,F6035
F11935,F11864
F8776,F8704
F10737,F10470
F11168,F11143
F9087,F8871
F10579,F10339
F12182,F11948
F8633,F8591
F14580,F14333
F10014,F9928
F15080,F14776
F7564,F7254
F10093,F9941
F14634,F14587
F15989,F15881
F9929,F9673
F3047,F2740
F9183,F8784
F3166,F3087
F16087,F15995
F13469,F13441
F7621,F7298
F5987,F5926
F4644,F4414
F5917,F5675
F3640,F3493
F12163,F11953
F8629,F8617
F4645,F4493
F10061,F9761
F12737,F12699
F8042,F7705
F7477,F7269
F13606,F13327
F16519,F16406
F12658,F12301
F15156,F14830
F7865,F7551
F17767,F17639
F4813,F4546
F6339,F6071
F10798,F10463
F5317,F5067
F10476,F10327
F13666,F13523
F5844,F5681
F15992,F15783
F7065,F6854
F14039,F13964
F10113,F9763
F13528,F13149
F17533,F17317
F2843,F2654
F5966,F5787
F7597,F7229
F14484,F14302
F10316,F10020
F4127,F3800
F6319,F5995
F13612,F13575
F4336,F4020
F5691,F5470
F15582,F15475
F15842,F15736
F10496,F10326
F5921,F5792
F8730,F8597
F5787,F5757
F13904,F13719
F14206,F13971
F17707,F17411
F3579,F3502
F12457,F12130
F16056,F16002
F6431,F6147
F13935,F13694
F11580,F11458
F6980,F6592
F3828,F3546
F8106,F7749
F11859,F11511
F16416,F16094
F16945,F16814
F13942,F13856
F7870,F7793
F9023,F8645
F4345,F4306
F14588,F14413
F17428,F17277
F5026,F4961
F11954,F11630
F11864,F11525
F3435,F3122
F4272,F4007
F10276,F10082
F5923,F5906
F7280,F7119
F10760,F10575
F10448,F10066
F15136,F15067
F2860,F2702
F7826,F7562
F9050,F9049
F4935,F4884
F4619,F4561
F12852,F12521
F13988,F13802
F3340,F3173
F12147,F11957
F2738,F2401
F5244,F5044
F17425,F17066
F5289,F4946
F9236,F9219
F16604,F16213
F4757,F4450
F6627,F6600
F8188,F8078
F9834,F9644
F9186,F9170
F15725,F15334
F17227,F16943
F5489,F5296
F5151,F4979
F15147,F14756
F10877,F10842
F4315,F4019
F16548,F16430
F7859,F7628
F14625,F14331
F6763,F6436
F11208,F10881
F4499,F4129
F6711,F6606
F8220,F7921
F6192,F5918
F17870,F17691
F11096,F10799
F13827,F13469
F6351,F6069
F17650,F17339
F17547,F17400
F17696,F17533
F5636,F5282
F7883,F7796
F3824,F3794
F14935,F14923
F5272,F5122
F14780,F14579
F8349,F8035
F5665,F5368
F13020,F12736
F15715,F15563
F14961,F14618
F9277,F9198
F15271,F15026
F10174,F10143
F6933,F6627
F5236,F4876
F16959,F16876
F3555,F3252
F7497,F7289
F14581,F14320
F2846,F2501
F9310,F9136
F8987,F8751
F12818,F12747
F13415,F13192
F14053,F13994
F3311,F3066
F11831,F11539
F15389,F15361
F15242,F14919
F16330,F16094
F6521,F6358
F14538,F14194
F13630,F13376
F13917,F13535
F4844,F4736
F2841,F2549
F6779,F6464
F10784,F10703
F9354,F9067
F5470,F5169
F10699,F10323
F4665,F4425
F4158,F3780
F4103,F3743
F17589,F17303
F17300,F17115
F5779,F5635
F4221,F3911
F11856,F11472
F13783,F13617
F14301,F14042
F12920,F12795
F7537,F7496
F5574,F5509
F15019,F14709
F2985,F2651
F17247,F17000
F15621,F15428
F9627,F9368
F13795,F13482
F7830,F7610
F9989,F9602
F6114,F5981
F17434,F17329
F16819,F16727
F7408,F7372
F14992,F14922
F8050,F7844
F5168,F4771
F9028,F8637
F3209,F3176
F8545,F8229
F3952,F3722
F9379,F9331
F17507,F17177
F17005,F16990
F16190,F15923
F5679,F5474
F3145,F2800
F3042,F2767
F14926,F14843
F5736,F5336
F15824,F15773
F7198,F7164
F7692,F7524
F10117,F9918
F13549,F13363
F14258,F13993
F13416,F13399
F15073,F15071
F17515,F17288
F11351,F11128
F10672,F10413
F15538,F15387
F7813,F7660
F9959,F9585
F8418,F8032
F15567,F15204
F13140,F12888
F17267,F16900
F10995,F10938
F12317,F12037
F6321,F6058
F17729,F17473
F11261,F11136
F10033,F9949
F12271,F12226
F4834,F4663
F15852,F15673
F6333,F6015
F4961,F4692
F13643,F13334
F7875,F7586
F10972,F10928
F4472,F4154
F14492,F14228
F4583,F4542
F11016,F10935
F7428,F7371
F8328,F8309
F16204,F16177
F7331,F7216
F13301,F13076
F14722,F14519
F17702,F17644
F7656,F7545
F10821,F10490
F11660,F11305
F12093,F11808
F5370,F5285
F9583,F9231
F6644,F6486
F10471,F10136
F4988,F4649
F13539,F13213
F12573,F12507
F17198,F17007
F11204,F10901
F5655,F5608
F5877,F5676
F16999,F16920
F6344,F6176
F15965,F15666
F4893,F4718
F15175,F14926
F6480,F6111
F3995,F3940
F13372,F13031
F8580,F8473
F8052,F7869
F6837,F6813
F5032,F4972
F4278,F3945
F8634,F8618
F11556,F11235
F12936,F12806
F16902,F16885
F5864,F5679
F12438,F12167
F16919,F16788
F4742,F4656
F14435,F14351
F14092,F14039
F16513,F16205
F16430,F16075
F12755,F12748
F9002,F8603
F15836,F15762
F10589,F10322
F9058,F8861
F15278,F14905
F12827,F12662
F9277,F9048
F8150,F7954
F17686,F17577
F16684,F16293
F13926,F13712
F7341,F7322
F14201,F14056
F17274,F17069
F7511,F7328
F10183,F10062
F17156,F17040
F7929,F7847
F5450,F5266
F16991,F16980
F7456,F7271
F7571,F7533
F14188,F13981
F4876,F4821
F9775,F9693
F11733,F11337
F8522,F8207
F10709,F10404
F17645,F17287
F2818,F2474
F9360,F9355
F8219,F8002
F4398,F4166
F4978,F4841
F5951,F5606
F3696,F3635
F13051,F12781
F13519,F13402
F10723,F10689
F6264,F6049
F11707,F11540
F8657,F8478
F4783,F4552
F10500,F10485
F14522,F14160
F5526,F5421
F16187,F15936
F13546,F13242
F16286,F16129
F6352,F6118
F11441,F11278
F13814,F13653
F5292,F5230
F10708,F10475
F3664,F3500
F10632,F10394
F10773,F10473
F4604,F4414
F6909,F6853
F6701,F6621
F9918,F9645
F7846,F7839
F7066,F6998
F4810,F4589
F9681,F9514
F6486,F6169
F11183,F11057
F6785,F6654
F17732,F17713
F14049,F13799
F16793,F16545
F3348,F3175
F3047,F3026
F9578,F9406
F9110,F8986
F8806,F8728
F6216,F5862
F6914,F6880
F8247,F7905
F5239,F4894
F17491,F17250
F7583,F7231
F5876,F5546
F8536,F8273
F14943,F14635
F10527,F10353
F9330,F9033
F17976,F17850
F4964,F4829
F5570,F5358
F4662,F4298
F3656,F3284
F12135,F12075
F10062,F9831
F15861,F15705
F3377,F3215
F2854,F2724
F3913,F3519
F6315,F6267
F15252,F14870
F11596,F11200
F10935,F10583
F6271,F6265
F16687,F16326
F12871,F12588
F9013,F8833
F11650,F11355
F11415,F11404
F13847,F13524
F4648,F4547
F10676,F10584
F14515,F14132
F13725,F13504
F11765,F11626
F5521,F5441
F9295,F9216
F7694,F7652
F12664,F12423
F12199,F12022
F3514,F3260
F12787,F12772
F9087,F8805
F17945,F17898
F8812,F8613
F10521,F10442
F16788,F16482
F6921,F6768
F9440,F9159
F10101,F10021
F7858,F7514
F15534,F15467
F17415,F17063
F3457,F3163
F9100,F8834
F2769,F2610
F16313,F16201
F11424,F11225
F10625,F10574
F13855,F13619
F3468,F3356
F13663,F13390
F12336,F12020
F14363,F14161
F9400,F9143
F13773,F13554
F11834,F11481
F4800,F4727
F13075,F12891
F5838,F5634
F7411,F7141
F7551,F7265
F7344,F7092
F2754,F2741
F9933,F9878
F12652,F12404
F17819,F17549
F9404,F9173
F11122,F10870
F11928,F11858
F3212,F3014
F6969,F6955
F16339,F16287
F6426,F6206
F9661,F9494
F3420,F3349
F16588,F16376
F10225,F10186
F10875,F10624
F13884,F13675
F14544,F14240
F5247,F5188
F11123,F10805
F3227,F3034
F16363,F16329
F17977,F17724
F3446,F3064
F5267,F5107
F10046,F9771
F11868,F11539
F10307,F10070
F15625,F15279
F6508,F6363
F5203,F4962
F12827,F12795
F6461,F6070
F14522,F14205
F2824,F2699
F5177,F4987
F16980,F16925
F9870,F9746
F17762,F17723
F12550,F12240
F2795,F2535
F14339,F14184
F17235,F16959
F14091,F13774
F8392,F8190
F12818,F12791
F9738,F9552
F12398,F12270
F8609,F8550
F3718,F3709
F10678,F10418
F8859,F8793
F4922,F4787
F11590,F11555
F2776,F2522
F5279,F4922
F11012,F10814
F8539,F8177
F14529,F14267
F5497,F5124
F13340,F13318
F6824,F6806
F4619,F4313
F3021,F2932
F7911,F7676
F17279,F16930
F17887,F17710
F15241,F15002
F14249,F14021
F12969,F12886
F12577,F12415
F17489,F17405
F11345,F11091
F17995,F17779
F7779,F7579
F16659,F16348
F7257,F7192
F8855,F8793
F10761,F10671
F13437,F13383
F14116,F13744
F17773,F17575
F17136,F16740
F7874,F7715
F5110,F4766
F11466,F11437
F6667,F6339
F15905,F15876
F9182,F9177
F13379,F13201
F4793,F4780
F12094,F11844
F8010,F7824
F9650,F9614
F8512,F8509
F9005,F8986
F7630,F7284
F12090,F11812
F15883,F15763
F12093,F11764
F9404,F9006
F14334,F14185
F4573,F4222
F16645,F16413
F3504,F3499
F3121,F2802
F15683,F15590
F5817,F5745
F4697,F4327
F10029,F9924
F2807,F2713
F5602,F5352
F7677,F7310
F8392,F8273
F16097,F16009
F7771,F7590
F15392,F15001
F17791,F17514
F6537,F6145
F16640,F16327
F3869,F3524
F8860,F8579
F8007,F7714
F8428,F8098
F13848,F13477
F16643,F16258
F8205,F8020
F15677,F15397
F10887,F10646
F10466,F10304
F10692,F10421
F4867,F4631
F8020,F7665
F14535,F14343
F11481,F11225
F7296,F7098
F15919,F15683
F5513,F5175
F6220,F6051
F15617,F15613
F9880,F9835
F14529,F14485
F9013,F8854
F16101,F15975
F4657,F4364
F3513,F3302
F16621,F16497
F14815,F14545
F11416,F11137
F6799,F6738
F4145,F3867
F14213,F14209
F13322,F13111
F12665,F12647
F6617,F6393
F13549,F13156
F4638,F4332
F6609,F6461
F13110,F13077
F15946,F15915
F8723,F8540
F5110,F4786
F6857,F6778
F8716,F8413
F7497,F7370
F16012,F15714
F6290,F5930
F16481,F16335
F9049,F8994
F9064,F8722
F11760,F11588
F14664,F14494
F4057,F3972
F13099,F12887
F17180,F16826
F17387,F17141
F10445,F10236
F5305,F5126
F15102,F14788
F8929,F8906
F7349,F6964
F13132,F13050
F3954,F3948
F6740,F6592
F14311,F13983
F3874,F3778
F17136,F16865
F8725,F8445
F13843,F13665
F9551,F9311
F8303,F7946
F8940,F8788
F9208,F8907
F13588,F13336
F7753,F7660
F3981,F3725
F16800,F16695
F15742,F15642
F10703,F10552
F7812,F7666
F9248,F8999
F12031,F11844
F16875,F16490
F17209,F16904
F12051,F12040
F11797,F11720
F11909,F11588
F4629,F4484
F10407,F10059
F4048,F3856
F7162,F6799
F17218,F17158
F8791,F8458
F3158,F3083
F14864,F14595
F4795,F4657
F7884,F7606
F2843,F2808
F17177,F16795
F5427,F5113
F9040,F8705
F10393,F10024
F10550,F10314
F11293,F11056
F14133,F13964
F17853,F17655
F4220,F4003
F11250,F11082
F2961,F2760
F3169,F3119
F4813,F4584
F17331,F17266
F12243,F12141
F12636,F12472
F4540,F4147
F7946,F7918
F8489,F8425
F14824,F14513
F14924,F14887
F14539,F14325
F7823,F7470
F17746,F17497
F5388,F5075
F16725,F16401
F4434,F4132
F8382,F8104
F11407,F11331
F4711,F4706
F9665,F9634
F5127,F5113
F8487,F8303
F14429,F14401
F5298,F5046
F11972,F11623
F7774,F7677
F9752,F9714
F2876,F2583
F8514,F8190
F10808,F10614
F13942,F13635
F8950,F8900
F15795,F15756
F5279,F5247
F11283,F10997
F8230,F7860
F9854,F9596
F17976,F17939
F3572,F3483
F8827,F8706
F8760,F8365
F12522,F12294
F6433,F6037
F12330,F12098
F10618,F10577
F7390,F7178
F6268,F6253
F6847,F6762
F11535,F11286
F16616,F16354
F12412,F12308
F15889,F15888
F17262,F17099
F17608,F17401
F3288,F3238
F10770,F10377
F8797,F8576
F10494,F10230
F4911,F4807
F14277,F14173
F4341,F4078
F13570,F13438
F6306,F6143
F14963,F14617
F7250,F6861
F3406,F3029
F14416,F14166
F8698,F8304
F16082,F15963
F9367,F8974
F4635,F4363
F5918,F5769
F5745,F5417
F14288,F14079
F11190,F11122
F3630,F3391
F7707,F7567
F12960,F12827
F15339,F15243
F3845,F3783
F10202,F9901
F11796,F11722
F3865,F3844
F11606,F11259
F2741,F2678
F7597,F7582
F3170,F3113
F14909,F14597
F8126,F7972
F3437,F3264
F6875,F6486
F2966,F2832
F17142,F16862
F13385,F13315
F14007,F13864
F10388,F10098
F15433,F15219
F10889,F10666
F16316,F16006
F7969,F7932
F9066,F9047
F8193,F7850
F16276,F16054
F8268,F8070
F15174,F15114
F15782,F15432
F4384,F4246
F8126,F7800
F17663,F17645
F16667,F16615
F11715,F11708
F16960,F16804
F7961,F7726
F12117,F12050
F11216,F11106
F11970,F11748
F10395,F10162
F4168,F3837
F9688,F9542
F12643,F12244
F12458,F12101
F10128,F9760
F5372,F5311
F5714,F5347
F12124,F12115
F6046,F5650
F8297,F8201
F17661,F17287
F13417,F13258
F5388,F5126
F13880,F13559
F3753,F3586
F12424,F12369
F16219,F15900
F7227,F6861
F15536,F15407
F12045,F11763
F10873,F10803
F11708,F11331
F3800,F3748
F17421,F17054
F5158,F5059
F11769,F11372
F5069,F4757
F10489,F10377
F15276,F15002
F9037,F8788
F12028,F11766
F3605,F3208
F6945,F6568
F6721,F6519
F17789,F17438
F7533,F7354
F9435,F9178
F9191,F9185
F6882,F6525
F9730,F9378
F9759,F9682
F15204,F15103
F8026,F7678
F15502,F15411
F17504,F17473
F16559,F16547
F6463,F6448
F9217,F8898
F17905,F17534
F5068,F4933
F9772,F9691
F16821,F16677
F9086,F8811
F7607,F7572
F8138,F7888
F5473,F5073
F11029,F10635
F3620,F3481
F6615,F6483
F11167,F10868
F12301,F12283
F6292,F5955
F6656,F6259
F7087,F6966
F9438,F9071
F8473,F8426
F8134,F8037
F6901,F6814
F5273,F5210
F16182,F15791
F17987,F17921
F5552,F5503
F17445,F17058
F15249,F15182
F12184,F11960
F5928,F5552
F7334,F7024
F5205,F4816
F14487,F14390
F14153,F14132
F13718,F13333
F16488,F16391
F5773,F5762
F12753,F12458
F11852,F11579
F9142,F9122
F12959,F12636
F12690,F12599
F4754,F4642
F6956,F6826
F12161,F12126
F14500,F14489
F16908,F16537
F10129,F10109
F15353,F15190
F8903,F8895
F16842,F16741
F13479,F13398
F10231,F9955
F16086,F15886
F4926,F4575
F3058,F2996
F16990,F16950
F8347,F8318
F10075,F9695
F12034,F11821
F15042,F15010
F3205,F3089
F10057,F9735
F12082,F11956
F4802,F4734
F11032,F10723
F10371,F10054
F2879,F2720
F17010,F16899
F16122,F15793
F3309,F3249
F9189,F9084
F4857,F4635
F16045,F15877
F11482,F11351
F12070,F11676
F16017,F15834
F7786,F7388
F4950,F4852
F8019,F7776
F2944,F2698
F7631,F7303
F8877,F8703
F15441,F15282
F17995,F17800
F7496,F7460
F4463,F4310
F13002,F12757
F11128,F11023
F10057,F9726
F3161,F3077
F10995,F10680
F9522,F9494
F4444,F4176
F7226,F6888
F13355,F13301
F6087,F5701
F6880,F6823
F3332,F3285
F8829,F8622
F16678,F16614
F9678,F9570
F12749,F12463
F7429,F7412
F13709,F13488
F5711,F5679
F8027,F7942
F8991,F8646
F5027,F4879
F11269,F11166
F5833,F5529
F15838,F15590
F13664,F13419
F12662,F12302
F9282,F9221
F11245,F10943
F17318,F16971
F13761,F13592
F5352,F5095
F12543,F12445
F17133,F16973
F5823,F5604
F9616,F9493
F9229,F9046
F8186,F7856
F2968,F2800
F17855,F17686
F15260,F15054
F10976,F10931
F7710,F7605
F16149,F15769
F10280,F9904
F4098,F4004
F6269,F6023
F14746,F14428
F16686,F16514
F9013,F8791
F10578,F10205
F7865,F7647
F8323,F8279
F10791,F10585
F9287,F8923
F15975,F15685
F9598,F9367
F9412,F9199
F3513,F3218
F7340,F7205
F17243,F17170
F14510,F14184
F3670,F3418
F9974,F9834
F13922,F13672
F3792,F3713
F4018,F3911
F17493,F17164
F7433,F7429
F11016,F10771
F7611,F7285
F16547,F16176
F16144,F15904
F5750,F5733
F5031,F4668
F16964,F16710
F14365,F13968
F15171,F15121
F4113,F3809
F16819,F16606
F7853,F7461
F10789,F10688
F4146,F3997
F16965,F16933
F5797,F5704
F7706,F7435
F8681,F8327
F12467,F12434
F16786,F16635
F8411,F8365
F13031,F12649
F13657,F13492
F6109,F6105
F8796,F8735
F7558,F7309
F15529,F15270
F3935,F3830
F12222,F12012
F15532,F15465
F3382,F3119
F8729,F8620
F2822,F2728
F6608,F6413
F2918,F2626
F6217,F6001
F14589,F14246
F6045,F5646
F13923,F13523
F9308,F9204
F6018,F5824
F3391,F3090
F11221,F11137
F6858,F6595
F8742,F8720
F16955,F16790
F4994,F4940
F9742,F9530
F4876,F4583
F15692,F15603
F9322,F9306
F9313,F8994
F13180,F12932
F16448,F16285
F7263,F6938
F10565,F10184
F11246,F11029
F3466,F3360
F14612,F14364
F7790,F7530
F8851,F8700
F15580,F15549
F14744,F14704
F4002,F3997
F5832,F5596
F3819,F3758
F13826,F13713
F13615,F13566
F16478,F16353
F12300,F12281
F6816,F6718
F3264,F3029
F4702,F4653
F9912,F9628
F11670,F11466
F5108,F5068
F3070,F2978
F15086,F14906
F15202,F15106
F13572,F13273
F5349,F5074
F8314,F7967
F15994,F15675
F7484,F7465
F7038,F6699
F10950,F10775
F16694,F16339
F10448,F10137
F3577,F3224
F4737,F4409
F9579,F9271
F5285,F5180
F11576,F11185
F4849,F4495
F14059,F14049
F14812,F14808
F7102,F7073
F8067,F7953
F17194,F17040
F5064,F4734
F14795,F14658
F17494,F17443
F9819,F9641
F8813,F8532
F14518,F14307
F7737,F7653
F4741,F4553
F13173,F12994
F8531,F8530
F3127,F3022
F7117,F6832
F11044,F10888
F4732,F4610
F10179,F9793
F12565,F12352
F13057,F13014
F17060,F16743
F7979,F7773
F15226,F14896
F16794,F16410
F6538,F6437
F11263,F10979
F8268,F8198
F16310,F16067
F13502,F13310
F13941,F13558
F4132,F4001
F3149,F2903
F15153,F14805
F9285,F9265
F10127,F10057
F17014,F16970
F5566,F5347
F4378,F4177
F7512,F7295
F8044,F7891
F15664,F15455
F10025,F9892
F13173,F12785
F9254,F9159
F8845,F8612
F11046,F10853
F15485,F15398
F16021,F15995
F17422,F17182
F9360,F9290
F13422,F13224
F2898,F2881
F14864,F14632
F5511,F5291
F11725,F11709
F10970,F10615
F6661,F6582
F10360,F10281
F3252,F3041
F5705,F5322
F13266,F13089
F7505,F7467
F14731,F14503
F6786,F6671
F16965,F16610
F7578,F7233
F7828,F7800
F9833,F9690
F13583,F13192
F7943,F7587
F15972,F15655
F5188,F5084
F8726,F8567
F12681,F12409
F8624,F8315
F12474,F12129
F8908,F8649
F7654,F7610
F10480,F10399
F17866,F17737
F15631,F15478
F11387,F11030
F16595,F16401
F15090,F14902
F3963,F3619
F12931,F12696
F5571,F5356
F11634,F11353
F5759,F5629
F12302,F11938
F6152,F5906
F11219,F11000
F17176,F16916
F16292,F16071
F10718,F10521
F7785,F7517
F8887,F8590
F15385,F15045
F13296,F13005
F9602,F9444
F12204,F11977
F15358,F15307
F2929,F2698
F14410,F14326
F4768,F4599
F11990,F11605
F7532,F7454
F8557,F8165
F15739,F15396
F8066,F7901
F10320,F10114
F7330,F7185
F5842,F5566
F14237,F14230
F9833,F9745
F8523,F8315
F5193,F4958
F14390,F14295
F6350,F6175
F7513,F7396
F17016,F16704
F13526,F13134
F3378,F3217
F15027,F14826
F11310,F11273
F13920,F13634
F11998,F11831
F16801,F16750
F6599,F6361
F12711,F12457
F15789,F15459
F15748,F15432
F17910,F17726
F11780,F11718
F12741,F12349
F11454,F11302
F16591,F16430
F16175,F16135
F10024,F9960
F5821,F5612
F3691,F3473
F14838,F14515
F13997,F13883
F8248,F7957
F14714,F14424
F6856,F6459
F13677,F13444
F2981,F2684
F7141,F6754
F9020,F8890
F5485,F5390
F10516,F10219
F8183,F7965
F4471,F4152
F17415,F17166
F15526,F15316
F10758,F10620
F15875,F15843
F5719,F5381
F14358,F14096
F9088,F8700
F13100,F13060
F12846,F12817
F7545,F7381
F11912,F11883
F5078,F4954
F8667,F8298
F12679,F12431
F12694,F12492
F4209,F4103
F15513,F15273
F16787,F16747
F9191,F9090
F8150,F7873
F4935,F4544
F17424,F17063
F12338,F12004
F6730,F6502
F3365,F3301
F13956,F13915
F13855,F13663
F5943,F5767
F15165,F15067
F16153,F16127
F7080,F6976
F9066,F8973
F5026,F4723
F13039,F12998
F14479,F14395
F14818,F14582
F10525,F10459
F11870,F11832
F3245,F2996
F15929,F15772
F6634,F6593
F16751,F16680
F12431,F12090
F6939,F6849
F17244,F16905
F7200,F7193
F11182,F10887
F3288,F3138
F17025,F16792
F16641,F16479
F14251,F13926
F8949,F8913
F16997,F16989
F7181,F6873
F4517,F4431
F10944,F10898
F13731,F13671
F13863,F13584
F7115,F6862
F12599,F12596
F12530,F12505
F15716,F15711
F6352,F6243
F8096,F7863
F8243,F7850
F14784,F14612
F3580,F3375
F2984,F2967
F5003,F4812
F9601,F9430
F13813,F13545
F17602,F17511
F3105,F3026
F6602,F6527
F12018,F11627
F5656,F5636
F10219,F10072
F6759,F6460
F7305,F6929
F8699,F8317
F5641,F5517
F9363,F9155
F7452,F7333
F8419,F8020
F9207,F8913
F6326,F6084
F3342,F3185
F17391,F17063
F8938,F8840
F11391,F11250
F8762,F8743
F2827,F2687
F2943,F2714
F13918,F13792
F11257,F11093
F4328,F4053
F15064,F14893
F6634,F6248
F7118,F7112
F8244,F8056
F15250,F15061
F11374,F10997
F14237,F14030
F6630,F6257
F8364,F8211
F2790,F2474
F3966,F3610
F17685,F17461
F7106,F6706
F12566,F12415
F6774,F6536
F13918,F13904
F11382,F11089
F13477,F13375
F11751,F11579
F12118,F12104
F8597,F8591
F12802,F12750
F7250,F7006
F16491,F16145
F11875,F11657
F6209,F5851
F13450,F13195
F8486,F8399
F5447,F5415
F6388,F6359
F17894,F17804
F3486,F3244
F3909,F3740
F5109,F5085
F5429,F5263
F12826,F12750
F6949,F6847
F3718,F3356
F7110,F7083
F7207,F7082
F12686,F12375
F4845,F4532
F11791,F11580
F14715,F14377
F9575,F9217
F4429,F4225
F14603,F14305
F12726,F12472
F16847,F16696
F17569,F17465
F8952,F8835
F7773,F7727
F11764,F11715
F3148,F2893
F5258,F4969
F8090,F8049
F3986,F3893
F13675,F13674
F8003,F7771
F5334,F4944
F8609,F8393
F4877,F4751
F4661,F4503
F4703,F4669
F9143,F9031
F3680,F3281
F5859,F5679
F12095,F11961
F14754,F14392
F16266,F16058
F7152,F7058
F8519,F8146
F9913,F9536
F3118,F2912
F14020,F13626
F17297,F17285
F5205,F4819
F11238,F11020
F13355,F13353
F9927,F9549
F12058,F12023
F3534,F3307
F4929,F4580
F6754,F6487
F9388,F9294
F9560,F9526
F10391,F10351
F6791,F6716
F5910,F5574
F3881,F3820
F12277,F12117
F8188,F8018
F12358,F12098
F8969,F8666
F13392,F13064
F8201,F7966
F11920,F11537
F3657,F3455
F8507,F8256
F17519,F17419
F13729,F13695
F15779,F15717
F16554,F16474
F16795,F16732
F4469,F4453
F16947,F16935
F4128,F3818
F15279,F15183
F6221,F6202
F5805,F5733
F5493,F5120
F16565,F16418
F3285,F3232
F16932,F16792
F16412,F16136
F17311,F17012
F6614,F6246
F6331,F6185
F15743,F15353
F12865,F12499
F7562,F7179
F7977,F7873
F13447,F13235
F10925,F10795
F16518,F16321
F17240,F16841
F17870,F17778
F4173,F4083
F7452,F7126
F9455,F9292
F2769,F2673
F15775,F15651
F7852,F7737
F14702,F14427
F9693,F9619
F9353,F9017
F14368,F14287
F17077,F16919
F2761,F2703
F4940,F4872
F14152,F13859
F16203,F16031
F5146,F5038
F11244,F11135
F15303,F14945
F4175,F3815
F6115,F5804
F5952,F5563
F12724,F12555
F6907,F6532
F5891,F5704
F8291,F8136
F9140,F8808
F14927,F14772
F15258,F14966
F16192,F16184
F15147,F14803
F5262,F4983
F17808,F17553
F14000,F13849
F11404,F11209
F16282,F15982
F16020,F15696
F12628,F12298
F13846,F13626
F4390,F4051
F3730,F3725
F4410,F4062
F14170,F14035
F15761,F15457
F12332,F12076
F6857,F6670
F16728,F16705
F15132,F14818
F11479,F11202
F11156,F11150
F7787,F7523
F16384,F16203
F13065,F12992
F17841,F17573
F8912,F8758
F10358,F10167
F17380,F17273
F12381,F12250
F9871,F9649
F15799,F15688
F17764,F17373
F8639,F8385
F13841,F13575
F15189,F15126
F5326,F5104
F7771,F7544
F13438,F13070
F2788,F2710
F11158,F11132
F7132,F6952
F5958,F5722
F3601,F3562
F2707,F2418
F14084,F13947
F9108,F8781
F11350,F11315
F13057,F12906
F10938,F10807
F8306,F8002
F5328,F5221
F5629,F5340
F13454,F13413
F17086,F16698
F11910,F11783
F4250,F3929
F9552,F9363
F17570,F17492
F17542,F17172
F7802,F7553
F5880,F5703
F15268,F15059
F7469,F7359
F7637,F7500
F3702,F3445
F8308,F7999
F9595,F9409
F16746,F16704
F15214,F15119
F12769,F12403
F4377,F4320
F12030,F11925
F10932,F10765
F14444,F14385
F9799,F9435
F4470,F4250
F14451,F14249
F16662,F16432
F10104,F9812
F17619,F17475
F2948,F2758
F8023,F7864
F9058,F9008
F6857,F6633
F6741,F6739
F17032,F16920
F12322,F12155
F15484,F15116
F14140,F13917
F4015,F3786
F9101,F8902
F4693,F4500
F10888,F10614
F15479,F15435
F2813,F2738
F12000,F11749
F16489,F16454
F16970,F16691
F3382,F3134
F15803,F15550
F13350,F13334
F15132,F14740
F5755,F5498
F5295,F5225
F7159,F6824
F16531,F16206
F13247,F13007
F5935,F5773
F4632,F4309
F17138,F16956
F2896,F2677
F7413,F7087
F8944,F8902
F17824,F17439
F3550,F3179
F14413,F14142
F4289,F4195
F11161,F10976
F11470,F11234
F3482,F3304
F9137,F8905
F4970,F4891
F15991,F15882
F13647,F13343
F7084,F7026
F15906,F15643
F16907,F16756
F6421,F6205
F11140,F10771
F17351,F17294
F15724,F15540
F8841,F8692
F4268,F3920
F7162,F6916
F17322,F17027
F17149,F17087
F17286,F16902
F12705,F12528
F7607,F7241
F17468,F17098
F9214,F8833
F12985,F12676
F3069,F2713
F9933,F9608
F5726,F5519
F14346,F14238
F11349,F11245
F3987,F3780
F11406,F11106
F14299,F13933
F6679,F6538
F15765,F15576
F7406,F7141
F9216,F9149
F2792,F2549
F11178,F10812
F10471,F10126
F10171,F9814
F11038,F10739
F14072,F13846
F14377,F14366
F12823,F12468
F3747,F3456
F12131,F11860
F12782,F12662
F4787,F4761
F6709,F6666
F3924,F3791
F17852,F17603
F10256,F10067
F10009,F9861
F9725,F9383
F6497,F6386
F6535,F6375
F12223,F12010
F12931,F12709
F17314,F17234
F10481,F10091
F7288,F6951
F5505,F5277
F9235,F9171
F7525,F7318
F7707,F7364
F14302,F14090
F9074,F8849
F4764,F4568
F10882,F10658
F9011,F8869
F6196,F5987
F7558,F7555
F14461,F14187
F5317,F5172
F5229,F5131
F4370,F4073
F8655,F8349
F6748,F6606
F13124,F13119
F10846,F10539
F17173,F17059
F6289,F6078
F13979,F13936
F10857,F10772
F7023,F6911
F15490,F15294
F3717,F3580
F14841,F14712
F16024,F15715
F4674,F4363
F14988,F14807
F6120,F5864
F6933,F6874
F7604,F7381
F12126,F11840
F15015,F14779
F16813,F16705
F14096,F13950
F9711,F9506
F12370,F11979
F13598,F13253
F5891,F5659
F2723,F2649
F16517,F16221
F3653,F3609
F11000,F10894
F5198,F4814
F10643,F10411
F11007,F10834
F16734,F16559
F16541,F16472
F7508,F7192
F17222,F17011
F4197,F4053
F14000,F13999
F14638,F14444
F12950,F12932
F16362,F16275
F6802,F6475
F10728,F10588
F3773,F3572
F3007,F3001
F5773,F5700
F10188,F9959
F10552,F10383
F13166,F12965
F15989,F15706
F13617,F13606
F17015,F17006
F11094,F10863
F15889,F15849
F10213,F10055
F15518,F15433
F12106,F11751
F5851,F5754
F15324,F15117
F10002,F9708
F15079,F14891
F6312,F6020
F6484,F6415
F8759,F8452
F9490,F9094
F15940,F15554
F8538,F8422
F11659,F11327
F4807,F4641
F13078,F12739
F14471,F14269
F14493,F14418
F14010,F13650
F5609,F5240
F15642,F15380
F9804,F9706
F12954,F12822
F12309,F11930
F5696,F5631
F10119,F9777
F7264,F7124
F11919,F11676
F16693,F16323
F10730,F10445
F16277,F15936
F4794,F4530
F5235,F5142
F15203,F14931
F14526,F14183
F11254,F11217
F15884,F15500
F9785,F9746
F4418,F4198
F12579,F12213
F13112,F13085
F8368,F8090
F17197,F16927
F11200,F11011
F14875,F14641
F8908,F8737
F9005,F8799
F10984,F10609
F17522,F17521
F15683,F15618
F2721,F2404
F14770,F14543
F10344,F10272
F6750,F6665
F15006,F14670
F8470,F8353
F8349,F7953
F15423,F15075
F9346,F9033
F8455,F8324
F10993,F10963
F6516,F6469
F6645,F6579
F17721,F17361
F9025,F8987
F9065,F8866
F14611,F14285
F16792,F16476
F6191,F5813
F7666,F7480
F12540,F12345
F17516,F17325
F15269,F15116
F8659,F8620
F4301,F4054
F9674,F9346
F7601,F7384
F13968,F13580
F4807,F4639
F13736,F13344
F16599,F16595
F16665,F16321
F12206,F11834
F3712,F3414
F3452,F3446
F12152,F12087
F13713,F13368
F7735,F7360
F8899,F8782
F3896,F3862
F11544,F11350
F7909,F7620
F15300,F15000
F13417,F13191
F16972,F16573
F12687,F12647
F3366,F3150
F14397,F14341
F4009,F3871
F6986,F6619
F7395,F7163
F15901,F15699
F14979,F14702
F5081,F4706
F9626,F9484
F2740,F2466
F3962,F3651
F8907,F8520
F14532,F14509
F8648,F8561
F10867,F10541
F8419,F8300
F9224,F9193
F5115,F4818
F5087,F4817
F9178,F8847
F17434,F17181
F11595,F11255
F12350,F12173
F4397,F4303
F5358,F5215
F8259,F8185
F5689,F5584
F11655,F11394
F13054,F12969
F13403,F13352
F8385,F8286
F13824,F13738
F8587,F8515
F12227,F11946
F17069,F17005
F17518,F17455
F10061,F9800
F6824,F6529
F15136,F15049
F6925,F6882
F16740,F16681
F13013,F12668
F5622,F5311
F3643,F3578
F11339,F10948
F9555,F9390
F14596,F14568
F4639,F4562
F11491,F11309
F14738,F14401
F12188,F11801
F11717,F11546
F12381,F12028
F17460,F17182
F14184,F13952
F11337,F10974
F9811,F9770
F9103,F8721
F14918,F14628
F7471,F7156
F16659,F16597
F4613,F4285
F14511,F14418
F15858,F15494
F5588,F5217
F11952,F11562
F4095,F3936
F16414,F16177
F4578,F4333
F8933,F8866
F12124,F11831
F8469,F8360
F13039,F12806
F16390,F16313
F16186,F16016
F4853,F4559
F8092,F8067
F9347,F8971
F9117,F8973
F6010,F5857
F6781,F6443
F3778,F3639
F4423,F4174
F9508,F9129
F14258,F13955
F12410,F12058
F15858,F15604
F9895,F9861
F17611,F17251
F12717,F12594
F8664,F8320
F16585,F16420
F11508,F11363
F14894,F14723
F16535,F16306
F15247,F15051
F12737,F12614
F9741,F9595
F5033,F4839
F14971,F14737
F9724,F9392
F5838,F5608
F4142,F3921
F6674,F6491
F7956,F7674
F9699,F9524
F17413,F17241
F11873,F11602
F6915,F6659
F3223,F2945
F7972,F7719
F15388,F15126
F8772,F8667
F17583,F17212
F11638,F11498
F10417,F10271
F12902,F12744
F15045,F14751
F3686,F3582
F15683,F15360
F12200,F12078
F4861,F4717
F10374,F9992
F9872,F9700
F10124,F10005
F15254,F15098
F14732,F14404
F15468,F15361
F9333,F8983
F10947,F10734
F6058,F5677
F3222,F3007
F5697,F5478
F16432,F16195
F3422,F3094
F8136,F8028
F17097,F17036
F11079,F10792
F10459,F10216
F9026,F8732
F11658,F11561
F7666,F7644
F10768,F10427
F13300,F13088
F15209,F14960
F3051,F2672
F15019,F14849
F3879,F3652
F9084,F8783
F15128,F15075
F4591,F4202
F11112,F11106
F7549,F7375
F5271,F5250
F10262,F9986
F3495,F3283
F11322,F11265
F12651,F12644
F5735,F5385
F15365,F15098
F17000,F16731
F15917,F15891
F3292,F3000
F15443,F15175
F12231,F11945
F3408,F3023
F14094,F14038
F15892,F15677
F17020,F16952
F5187,F4904
F9984,F9865
F6909,F6686
F16778,F16619
F10118,F9979
F3044,F2721
F7002,F6817
F13810,F13708
F17644,F17292
F4580,F4208
F4978,F4579
F5628,F5438
F12347,F11954
F12353,F11974
F15138,F15128
F9332,F8933
F9080,F9020
F4862,F4853
F7067,F7051
F8836,F8501
F8786,F8419
F16910,F16765
F3685,F3363
F7526,F7468
F16155,F15816
F6470,F6428
F12762,F12429
F13359,F13142
F14837,F14723
F7988,F7703
F10554,F10445
F8346,F8306
F11091,F11056
F8187,F8158
F10105,F9932
F4284,F4066
F8025,F7828
F9892,F9734
F11624,F11474
F4206,F3989
F8790,F8577
F10738,F10706
F7523,F7167
F8157,F8138
F15730,F15629
F8114,F7897
F10842,F10458
F14216,F13837
F12709,F12611
F5935,F5632
F8358,F8105
F12676,F12492
F17084,F17067
F8107,F7767
F17597,F17412
F14533,F14188
F6501,F6391
F14344,F14169
F3126,F2783
F8147,F7798
F3840,F3473
F7910,F7737
F5283,F5252
F5595,F5323
F11871,F11775
F10508,F10124
F6066,F5667
F13546,F13545
F16014,F15870
F17033,F16651
F13432,F13194
F2902,F2523
F6590,F6584
F9679,F9421
F5635,F5363
F8476,F8150
F16119,F15869
F6068,F5859
F10913,F10643
F7338,F7057
F16108,F15988
F4082,F4014
F9540,F9143
F12295,F11965
F17820,F17622
F4403,F4278
F7180,F6889
F4626,F4486
F6094,F6087
F10980,F10633
F5723,F5530
F7705,F7626
F17865,F17523
F5364,F5080
F9910,F9602
F16606,F16591
F6911,F6717
F16514,F16501
F16963,F16699
F12894,F12659
F15749,F15709
F9675,F9346
F7617,F7302
F9956,F9722
F15225,F14852
F8210,F8204
F14284,F14075
F15974,F15612
F4962,F4645
F9568,F9498
F12445,F12196
F17901,F17814
F7883,F7804
F10781,F10653
F17383,F17022
F15004,F14672
F13001,F12894
F5045,F4931
F8224,F8058
F5323,F5016
F4360,F4344
F17102,F17012
F15029,F14782
F10444,F10351
F2706,F2466
F12503,F12382
F2844,F2706
F16438,F16387
F3747,F3681
F8721,F8663
F8125,F8107
F6488,F6486
F3662,F3432
F6395,F6130
F13935,F13643
F11087,F10990
F13422,F13350
F16337,F16282
F4880,F4687
F11040,F10911
F10738,F10686
F6081,F5922
F13566,F13529
F5307,F5264
F9929,F9577
F9928,F9652
F4301,F4043
F7476,F7430
F5002,F4809
F3314,F3250
F11099,F10720
F13462,F13316
F16501,F16101
F6832,F6626
F16758,F16635
F16138,F15933
F17476,F17209
F5586,F5212
F8008,F7981
F12611,F12448
F11710,F11651
F14944,F14943
F15000,F14781
F4296,F3949
F10308,F9969
F12483,F12308
F5190,F5037
F8594,F8258
F14708,F14359
F8382,F8094
F14389,F14368
F9152,F8928
F11032,F10745
F11642,F11244
F11257,F11056
F4482,F4106
F10894,F10549
F3509,F3376
F16935,F16914
F14770,F14514
F4970,F4584
F16104,F16040
F11033,F10730
F10291,F9901
F7791,F7490
F13708,F13380
F6154,F5878
F3390,F3275
F6753,F6475
F13602,F13592
F17254,F17188
F7782,F7603
F10792,F10521
F4273,F3961
F15424,F15396
F13039,F12934
F10449,F10357
F15226,F14997
F11666,F11635
F15871,F15650
F10171,F9901
F15222,F14867
F4710,F4407
F10556,F10321
F14723,F14512
F6987,F6659
F5840,F5753
F10830,F10742
F14003,F13788
F15485,F15412
F11509,F11484
F14293,F13930
F7943,F7677
F17695,F17412
F5749,F5534
F11921,F11580
F11604,F11550
F16283,F15903
F2819,F2529
F9840,F9733
F7391,F7128
F10100,F9839
F8729,F8698
F7113,F6938
F17390,F17008
F15586,F15538
F5412,F5213
F3845,F3620
F11140,F10779
F7513,F7369
F8358,F8121
F3982,F3851
F10203,F9908
F16418,F16264
F6602,F6539
F2956,F2665
F4020,F3926
F16231,F16017
F3851,F3849
F6317,F5998
F7253,F7018
F8553,F8414
F14742,F14411
F9084,F8872
F13969,F13936
F9363,F8970
F17773,F17661
F5455,F5444
F17605,F17395
F10513,F10457
F3906,F3707
F5490,F5131
F11197,F10973
F14860,F14843
F17546,F17355
F15739,F15579
F17432,F17421
F3326,F3155
F15293,F15024
F14959,F14607
F6797,F6774
F10772,F10702
F13243,F13223
F10912,F10576
F13968,F13875
F15273,F15211
F14483,F14469
F6558,F6285
F5958,F5863
F5135,F5062
F9994,F9746
F16274,F16105
F8483,F8357
F13758,F13613
F14595,F14366
F5155,F4842
F16084,F16055
F5634,F5433
F5165,F4844
F12885,F12660
F15190,F14819
F3485,F3170
F14622,F14409
F16245,F16150
F12006,F11701
F15385,F15120
F10936,F10853
F5968,F5658
F16706,F16315
F13784,F13693
F11314,F11234
F2958,F2888
F15008,F14924
F2981,F2615
F3086,F2859
F15758,F15689
F5574,F5546
F11060,F11043
F6003,F5605
F8479,F8340
F10325,F9947
F7485,F7155
F16478,F16096
F5314,F4926
F9590,F9277
F12376,F12178
F10829,F10708
F5309,F4970
F3898,F3743
F17159,F17010
F6925,F6719
F13686,F13658
F5583,F5507
F16908,F16561
F6384,F6142
F9624,F9407
F8829,F8813
F7840,F7513
F14778,F14522
F13026,F12828
F15390,F15206
F17048,F16724
F8221,F8139
F11090,F10898
F5674,F5506
F12746,F12658
F14658,F14340
F9059,F8698
F4858,F4729
F16462,F16269
F14941,F14615
F3636,F3581
F17946,F17586
F10964,F10710
F8141,F7988
F15669,F15398
F15742,F15674
F15167,F14857
F16673,F16460
F9618,F9578
F14174,F13962
F7492,F7254
F15243,F15192
F14011,F13728
F13271,F13174
F14370,F14147
F15638,F15603
F10350,F10304
F10712,F10651
F17373,F17282
F11633,F11410
F17128,F16813
F17639,F17355
F13084,F12839
F11275,F10939
F13014,F12701
F4139,F4037
F11370,F11029
F15506,F15350
F13922,F13814
F12304,F11914
F3513,F3490
F9053,F8736
F15864,F15523
F5093,F4946
F17435,F17170
F13329,F13275
F6305,F6291
F8497,F8354
F7458,F7406
F9019,F8732
F6172,F6106
F4277,F4105
F2790,F2692
F6481,F6276
F6998,F6720
F2992,F2828
F7913,F7900
F4019,F3807
F11046,F10770
F3594,F3278
F11402,F11244
F9241,F9012
F12215,F12041
F14386,F14350
F9191,F9053
F3274,F3105
F5911,F5829
F7724,F7444
F5511,F5295
F12996,F12945
F10464,F10388
F14857,F14723
F16553,F16385
F3992,F3754
F10770,F10499
F13980,F13773
F2877,F2773
F10580,F10253
F3191,F3074
F4545,F4268
F6846,F6748
F7140,F7002
F13032,F12907
F16146,F16117
F17642,F17628
F14375,F14356
F7586,F7315
F13130,F12740
F10322,F10193
F16567,F16457
F16507,F16372
F14849,F14500
F7971,F7957
F5353,F5296
F10663,F10579
F17006,F16735
F14330,F13958
F8403,F8273
F4183,F4173
F15846,F15664
F4409,F4010
F15610,F15364
F4947,F4924
F12800,F12469
F12112,F12006
F16136,F16012
F9398,F9033
F9786,F9556
F10213,F10144
F3732,F3336
F12086,F11809
F6133,F6032
F9022,F8848
F4562,F4195
F5518,F5159
F10290,F10070
F13389,F13016
F5646,F5382
F7756,F7642
F8015,F7925
F9343,F9254
F3301,F3149
F14632,F14629
F6137,F5989
F10249,F10188
F8614,F8273
F4222,F3902
F9885,F9790
F13061,F12967
F3062,F2747
F13908,F13711
F15953,F15910
F12314,F12254
F11485,F11397
F9963,F9958
F16505,F16165
F16086,F15792
F2972,F2947
F13582,F13451
F4674,F4420
F7935,F7841
F16332,F16118
F5510,F5468
F8705,F8326
F7449,F7395
F3308,F2909
F15045,F14828
F11313,F11196
F10202,F10199
F14069,F13916
F12693,F12357
F16342,F15987
F5045,F4761
F3721,F3415
F2888,F2654
F4637,F4429
F17668,F17276
F13792,F13440
F11304,F11017
F11477,F11259
F15633,F15615
F14728,F14629
F3477,F3350
F6161,F6044
F11706,F11370
F17160,F17063
F5841,F5512
F3710,F3545
F9619,F9333
F14448,F14207
F7582,F7190
F6134,F5751
F7850,F7457
F5326,F4951
F11135,F10960
F14576,F14535
F4756,F4478
F6560,F6180
F10878,F10581
F14120,F13848
F12816,F12603
F13346,F13246
F17159,F16930
F6874,F6557
F7669,F7347
F14758,F14461
F13913,F13632
F5043,F4741
F3740,F3711
F5242,F4934
F11233,F11032
F9301,F9108
F10481,F10118
F4761,F4654
F8010,F7632
F5019,F4982
F5282,F5176
F17511,F17263
F3174,F2792
F8423,F8279
F4398,F4261
F14919,F14838
F8271,F8117
F15568,F15388
F15675,F15457
F15478,F15419
F6953,F6723
F8292,F8157
F9531,F9301
F4431,F4340
F9011,F8638
F2986,F2913
F10206,F10115
F14166,F14042
F9050,F8905
F4014,F3972
F17637,F17369
F6916,F6894
F16322,F15997
F13530,F13241
F15595,F15238
F9812,F9497
F15945,F15913
F3495,F3477
F7335,F7028
F8075,F7821
F9456,F9356
F5286,F4924
F9830,F9663
F11213,F10960
F17316,F17261
F13215,F12829
F14205,F14099
F13381,F13358
F6338,F6254
F11552,F11453
F16870,F16687
F10656,F10348
F11237,F10934
F5415,F5027
F15447,F15399
F17701,F17594
F10560,F10401
F11122,F10889
F15468,F15191
F8879,F8504
F3764,F3659
F7556,F7503
F17477,F17181
F13224,F13082
F4759,F4751
F14087,F13692
F14387,F14343
F11203,F10846
F14655,F14419
F5899,F5704
F4913,F4593
F17019,F16756
F12437,F12375
F9590,F9409
F8472,F8222
F6232,F6089
F6160,F5910
F8720,F8449
F9062,F8947
F11574,F11186
F11013,F10868
F12858,F12659
F15291,F15235
F11587,F11568
F12928,F12711
F7061,F6669
F16464,F16363
F4566,F4491
F8730,F8504
F10073,F9811
F13310,F13203
F13877,F13494
F15226,F14958
F8261,F7864
F11444,F11274
F2811,F2566
F14932,F14555
F5403,F5110
F15059,F14966
F4707,F4556
F14837,F14600
F8912,F8639
F11724,F11667
F13872,F13493
F17073,F16719
F8344,F8004
F12835,F12525
F5102,F4935
F10928,F10840
F17433,F17033
F7792,F7675
F14838,F14797
F8453,F8389
F9881,F9812
F2933,F2596
F14203,F13918
F3227,F3038
F14296,F14105
F6893,F6697
F11618,F11532
F15410,F15029
F17830,F17827
F6400,F6388
F6345,F6037
F13393,F13108
F12113,F11857
F11346,F11007
F5130,F5091
F7316,F7045
F5186,F5120
F7763,F7484
F8597,F8460
F9329,F9008
F11774,F11510
F3133,F3084
F7896,F7640
F7904,F7699
F15148,F14993
F6297,F6020
F8156,F7883
F3673,F3671
F11113,F11008
F17146,F16959
F3269,F3139
F13931,F13775
F12488,F12341
F7776,F7536
F16988,F16895
F9507,F9156
F6881,F6528
F17458,F17213
F7277,F6964
F13310,F13091
F6129,F5933
F9079,F9075
F10109,F10053
F3786,F3496
F8304,F8189
F14064,F13959
F11688,F11653
F16425,F16143
F13324,F13300
F16234,F15946
F17207,F16863
F9037,F8991
F13804,F13414
F17825,F17780
F14414,F14121
F11293,F11146
F4412,F4272
F10322,F10116
F3700,F3652
F2910,F2818
F8660,F8630
F17870,F17820
F16583,F16399
F7477,F7323
F12597,F12438
F6201,F6109
F16598,F16573
F15352,F15132
F17317,F17254
F12401,F12191
F10082,F9951
F2733,F2399
F12002,F11715
F17911,F17847
F17604,F17525
F17357,F17257
F10788,F10584
F13595,F13329
F3744,F3476
F11525,F11225
F10490,F10482
F14316,F14260
F8717,F8573
F5197,F4986
F12377,F12091
F6865,F6819
F11467,F11388
F3046,F2966
F3902,F3878
F13611,F13214
F11125,F11091
F8321,F8116
F13120,F12896
F17855,F17778
F8755,F8516
F15212,F15173
F6422,F6177
F15967,F15760
F16496,F16152
F11974,F11907
F9634,F9341
F16585,F16524
F12633,F12311
F15295,F14967
F5353,F5015
F11648,F11542
F12265,F12075
F9933,F9684
F8356,F7989
F8510,F8255
F16375,F16317
F15549,F15509
F4773,F4393
F5564,F5353
F12953,F12768
F9361,F9241
F12515,F12506
F14304,F14041
F11841,F11569
F3877,F3594
F8009,F7954
F4358,F4146
F4487,F4240
F10401,F10307
F14091,F13710
F10935,F10646
F6200,F6012
F9723,F9440
F11341,F10964
F6464,F6423
F11887,F11773
F6743,F6567
F10267,F10141
F4319,F4257
F4547,F4382
F3094,F2701
F6459,F6356
F10364,F10234
F13326,F13218
F12926,F12637
F12772,F12629
F4230,F4208
F12712,F12550
F14733,F14481
F8059,F7833
F10482,F10244
F11404,F11219
F5572,F5298
F10054,F9875
F3731,F3686
F9625,F9537
F5478,F5148
F5721,F5659
F10001,F9696
F12688,F12382
F17680,F17501
F8658,F8511
F11116,F10847
F11433,F11140
F11124,F11038
F14794,F14587
F3686,F3452
F13055,F12809
F11849,F11728
F11041,F10967
F5369,F5269
F9280,F9140
F12344,F12208
F5141,F4805
F16010,F15749
F3019,F2829
F3664,F3453
F14991,F14763
F17487,F17337
F8862,F8798
F17313,F17278
F13875,F13537
F8329,F8313
F4482,F4333
F11074,F10807
F12558,F12513
F15205,F14835
F9934,F9672
F13623,F13229
F3311,F3240
F9894,F9683
F3340,F3175
F17585,F17302
F9623,F9454
F17057,F16791
F17195,F17134
F8659,F8557
F17990,F17891
F2711,F2526
F16523,F16180
F10765,F10406
F6008,F5933
F9530,F9208
F12348,F12158
F11521,F11510
F14060,F13903
F17214,F17054
F8286,F7974
F5205,F4925
F6161,F5832
F3555,F3201
F5234,F5193
F14082,F13787
F8759,F8447
F5616,F5604
F5819,F5747
F6731,F6381
F3978,F3813
F3606,F3225
F7486,F7277
F5354,F5282
F7454,F7295
F8337,F8093
F5443,F5428
F7204,F6891
F14082,F14067
F4371,F4039
F6922,F6790
F8950,F8636
F8512,F8139
F5738,F5692
F16876,F16637
F10862,F10661
F6255,F5898
F6802,F6466
F12384,F12062
F5803,F5715
F6033,F5793
F14562,F14187
F13279,F13234
F7934,F7550
F15271,F15234
F6681,F6319
F11741,F11400
F6483,F6292
F8588,F8333
F5783,F5619
F7796,F7491
F13784,F13638
F4911,F4750
F5647,F5488
F4923,F4696
F7027,F6721
F13981,F13742
F5071,F4979
F14740,F14393
F5460,F5446
F8311,F7964
F15791,F15781
F4615,F4545
F3529,F3390
F16590,F16261
F10981,F10658
F6238,F5915
F4999,F4670
F14919,F14581
F7166,F6929
F4542,F4258
F9063,F8830
F6588,F6225
F7472,F7470
F12215,F11894
F17744,F17559
F15700,F15538
F15178,F14985
F13696,F13660
F11292,F11051
F7116,F6994
F14377,F14278
F9856,F9798
F13912,F13632
F3437,F3141
F10370,F10246
F12791,F12647
F16364,F16033
F9220,F9039
F13634,F13379
F5167,F4984
F17463,F17270
F6651,F6646
F7878,F7538
F9790,F9771
F16525,F16325
F17950,F17765
F4202,F4196
F3959,F3775
F6046,F5987
F6615,F6603
F8013,F7770
F5631,F5296
F5845,F5790
F11267,F10998
F8117,F7833
F11291,F11002
F5899,F5792
F13214,F13150
F15402,F15026
F2969,F2855
F4881,F4493
F6724,F6365
F11452,F11429
F9933,F9754
F9815,F9469
F12900,F12712
F13621,F13332
F5522,F5486
F3596,F3260
F7432,F7041
F17619,F17597
F9100,F8872
F6639,F6265
F8641,F8345
F12529,F12393
F13688,F13592
F11015,F10862
F15528,F15334
F2783,F2459
F11069,F10892
F12794,F12556
F13370,F13301
F17723,F17588
F15600,F15257
F4845,F4645
F5000,F4883
F9597,F9342
F5252,F5152
F9552,F9297
F10010,F9940
F11406,F11040
F17452,F17228
F12410,F12332
F8055,F7831
F10914,F10847
F2817,F2667
F17459,F17191
F17959,F17671
F13667,F13454
F3742,F3714
F6536,F6243
F9527,F9470
F13735,F13539
F5601,F5462
F16403,F16312
F10831,F10730
F17604,F17401
F12909,F12509
F2903,F2684
F6968,F6719
F5047,F4667
F9406,F9118
F5966,F5816
F3037,F2683
F7763,F7702
F11555,F11487
F6032,F5682
F14710,F14658
F8273,F8184
F9943,F9709
F8242,F7990
F6338,F5949
F9655,F9295
F5093,F4968
F12664,F12536
F15470,F15468
F17593,F17341
F17797,F17738
F3108,F2830
F8841,F8504
F10405,F10081
F5773,F5436
F11680,F11529
F12669,F12505
F5917,F5656
F3588,F3349
F17761,F17427
F17176,F17074
F9711,F9537
F11172,F10813
F16462,F16301
F6302,F5977
F9081,F8923
F17296,F17266
F5161,F5034
F13209,F12832
F9351,F9329
F8860,F8555
F10942,F10922
F15824,F15823
F6704,F6593
F3763,F3507
F11410,F11249
F5508,F5120
F7407,F7322
F6823,F6587
F15398,F15355
F10584,F10210
F6758,F6578
F2870,F2802
F11019,F10949
F4654,F4328
F7454,F7452
F12763,F12446
F14047,F14031
F8933,F8612
F7165,F7008
F15106,F14781
F16575,F16536
F16771,F16586
F4590,F4462
F16862,F16528
F14152,F14111
F3317,F3091
F6096,F5849
F9673,F9414
F6224,F5879
F5991,F5948
F14745,F14351
F3375,F3274
F10186,F9948
F10130,F9733
F17597,F17528
F7750,F7581
F17860,F17806
F16518,F16472
F17617,F17600
F14499,F14183
F9349,F9056
F10757,F10455
F15808,F15485
F3915,F3751
F13642,F13414
F7776,F7387
F12084,F11903
F11696,F11685
F3980,F3675
F6912,F6664
F16503,F16199
F10182,F9786
F12010,F11964
F16586,F16559
F10220,F10088
F10512,F10477
F11907,F11816
F3353,F3111
F4874,F4545
F10633,F10457
F11569,F11407
F17019,F16990
F8757,F8565
F13440,F13164
F15137,F15115
F10058,F9792
F5327,F5148
F2871,F2671
F8538,F8519
F14307,F14162
F3805,F3585
F13633,F13393
F6098,F5916
F9885,F9561
F11677,F11672
F10576,F10208
F6335,F6324
F16696,F16638
F4218,F3880
F11963,F11786
F16977,F16661
F6169,F6143
F3089,F2919
F4827,F4805
F8197,F8024
F13298,F13206
F14566,F14379
F11305,F11191
F16402,F16186
F16107,F16092
F10383,F10022
F16258,F16169
F6166,F6136
F14684,F14682
F9444,F9421
F16280,F16095
F3922,F3633
F4368,F4352
F6938,F6701
F7123,F6985
F17056,F16914
F13003,F12970
F8772,F8688
F11574,F11456
F6536,F6145
F8211,F8075
F14520,F14386
F14152,F13827
F16991,F16667
F4796,F4597
F13338,F13182
F4353,F4280
F5220,F5113
F5524,F5297
F13703,F13393
F12569,F12228
F4111,F3993
F11311,F10970
F8709,F8573
F3432,F3257
F5947,F5771
F13429,F13141
F16199,F15931
F3973,F3592
F8825,F8693
F14300,F14011
F17968,F17651
F6067,F5667
F7337,F7191
F11117,F11114
F4086,F3700
F11597,F11468
F7758,F7457
F9708,F9707
F9038,F9000
F17115,F17011
F15466,F15436
F13036,F12659
F14399,F14150
F6660,F6390
F15517,F15223
F16669,F16508
F10228,F10150
F3415,F3111
F7168,F6982
F7284,F7216
F9714,F9584
F5226,F4842
F10493,F10168
F11434,F11311
F8263,F8102
F11709,F11566
F3359,F3205
F15066,F15001
F14065,F14052
F4541,F4520
F16945,F16851
F10685,F10511
F13425,F13262
F15268,F15152
F6869,F6532
F5187,F4794
F12251,F12184
F2899,F2718
F17690,F17592
F6437,F6339
F4460,F4295
F16437,F16436
F9389,F9264
F2907,F2712
F13205,F13185
F3048,F2850
F2908,F2802
F13324,F13222
F17570,F17221
F15050,F14926
F10279,F10262
F3012,F2949
F11308,F11095
F10077,F9840
F10391,F10080
F15457,F15426
F4387,F4119
F2852,F2821
F11938,F11619
F14135,F13826
F13654,F13472
F10484,F10403
F17158,F16986
F17140,F16859
F14669,F14505
F11955,F11693
F15979,F15723
F7276,F7161
F8799,F8736
F17009,F16651
F9531,F9202
F13076,F13060
F15453,F15385
F10022,F9827
F3100,F2937
F17594,F17285
F3343,F3271
F17878,F17507
F11891,F11575
F9626,F9374
F6930,F6566
F11925,F11631
F17983,F17596
F5176,F5122
F7309,F7052
F12405,F12145
F16675,F16330
F5899,F5646
F6832,F6485
F9644,F9390
F13740,F13411
F9715,F9444
F11077,F10730
F5105,F4831
F17505,F17305
F11142,F10970
F6196,F5834
F6184,F5876
F9297,F9121
F10272,F10044
F13420,F13249
F6959,F6582
F17714,F17567
F13435,F13213
F5792,F5525
F14504,F14291
F4945,F4633
F6088,F6025
F3181,F3042
F3392,F3260
F16923,F16670
F17796,F17618
F11391,F11216
F3136,F2771
F11063,F11008
F3347,F3117
F5705,F5318
F11586,F11482
F4646,F4567
F6380,F6017
F9790,F9600
F7052,F6980
F9787,F9637
F10425,F10125
F11910,F11721
F4461,F4444
F17648,F17489
F11309,F11079
F13598,F13483
F5133,F4915
F17986,F17768
F8671,F8637
F7094,F6920
F11737,F11533
F9598,F9337
F11213,F11191
F14466,F14201
F5148,F4883
F11128,F11046
F9890,F9759
F3357,F3205
F12720,F12403
F13152,F12924
F3931,F3858
F3506,F3399
F3835,F3452
F5570,F5567
F9436,F9072
F14485,F14178
F5089,F5056
F14724,F14583
F14642,F14390
F3460,F3092
F9957,F9681
F9049,F8877
F5312,F5139
F11414,F11324
F11236,F10864
F11479,F11305
F14638,F14281
F12908,F12655
F14493,F14137
F4075,F3959
F3816,F3715
F17651,F17511
F6262,F5864
F3278,F3065
F10820,F10503
F7224,F6973
F5500,F5178
F9561,F9337
F7923,F7536
F5969,F5669
F11828,F11577
F7584,F7483
F14847,F14673
F14037,F13893
F5254,F5143
F17537,F17206
F13308,F13108
F6557,F6551
F17438,F17428
F17319,F16990
F4188,F4097
F10561,F10340
F13533,F13521
F16696,F16694
F7237,F7227
F5305,F5227
F15830,F15645
F5653,F5596
F10357,F10181
F12076,F11827
F13596,F13458
F13299,F13106
F10320,F9978
F12428,F12079
F4505,F4223
F3871,F3854
F9895,F9871
F5804,F5791
F12229,F11962
F5347,F5002
F15720,F15674
F9912,F9695
F8251,F8085
F12771,F12669
F6375,F6270
F3684,F3487
F12089,F11706
F2946,F2680
F10834,F10485
F11229,F11062
F11792,F11636
F17566,F17348
F12651,F12372
F16475,F16344
F13964,F13911
F3280,F3051
F3041,F2713
F4056,F3968
F12820,F12796
F12455,F12127
F16272,F16211
F12917,F12837
F17950,F17861
F8576,F8400
F3216,F3089
F10548,F10257
F12186,F11849
F11608,F11444
F13476,F13130
F12883,F12871
F9513,F9254
F12605,F12551
F13098,F13047
F10024,F9944
F13075,F12961
F9471,F9426
F16966,F16637
F15421,F15088
F8997,F8750
F17921,F17890
F3543,F3447
F14684,F14667
F12196,F12077
F12724,F12395
F17847,F17615
F4441,F4286
F14323,F14276
F7758,F7485
F11489,F11207
F4927,F4722
F15545,F15234
F15248,F15176
F17838,F17525
F8104,F8102
F5605,F5533
F15368,F15049
F7838,F7599
F5523,F5322
F14915,F14546
F10753,F10573
F9230,F9218
F8958,F8575
F4681,F4392
F5400,F5236
F2983,F2706
F5100,F4940
F15219,F14861
F10328,F10076
F7587,F7265
F17277,F17052
F11656,F11283
F17961,F17928
F16654,F16362
F11369,F10990
F13330,F13327
F15669,F15567
F4985,F4973
F10393,F10013
F9781,F9396
F8577,F8330
F13156,F12815
F8604,F8597
F5460,F5388
F6903,F6802
F15800,F15692
F2902,F2704
F9281,F9091
F16269,F15931
F3462,F3308
F5795,F5652
F3820,F3793
F10109,F9856
F4886,F4689
F3191,F3066
F10790,F10577
F11240,F11116
F12262,F11992
F9154,F8953
F12367,F12365
F16870,F16815
F4597,F4312
F16598,F16200
F17682,F17569
F5626,F5567
F15325,F15188
F5050,F4724
F12135,F11903
F12666,F12270
F13114,F13056
F15240,F14891
F15026,F14752
F11386,F11314
F13657,F13626
F8321,F8000
F6523,F6253
F11813,F11631
F5590,F5323
F6883,F6773
F4599,F4393
F3190,F2955
F12472,F12257
F14674,F14293
F9270,F9121
F11500,F11381
F12444,F12395
F4404,F4335
F4709,F4672
F5326,F5151
F8824,F8511
F12748,F12631
F9582,F9277
F10248,F10007
F13030,F12660
F3889,F3702
F12854,F12835
F12132,F11952
F17537,F17259
F15067,F14998
F17564,F17232
F4839,F4542
F12228,F11997
F7761,F7487
F16515,F16328
F3096,F2841
F9012,F8954
F5818,F5518
F16368,F16360
F3944,F3717
F3249,F2956
F9682,F9662
F6215,F6015
F10477,F10394
F13179,F13126
F16717,F16554
F15269,F15117
F14536,F14402
F15257,F15041
F16579,F16294
F9936,F9769
F17106,F16718
F7711,F7488
F3069,F2752
F10511,F10406
F8491,F8278
F16495,F16149
F7415,F7219
F3997,F3681
F5916,F5673
F8533,F8509
F5571,F5504
F12421,F12404
F15895,F15657
F9618,F9492
F11580,F11293
F11193,F10811
F5385,F5175
F7985,F7800
F11794,F11755
F4873,F4486
F4371,F4276
F3615,F3547
F14401,F14104
F12340,F11943
F6504,F6370
F17550,F17416
F6952,F6624
F13772,F13730
F5940,F5883
F11197,F11021
F11739,F11726
F7027,F6835
F16436,F16396
F5619,F5240
F17823,F17485
F3861,F3536
F11807,F11692
F9371,F9203
F12494,F12324
F13044,F12816
F17566,F17228
F3927,F3810
F8943,F8935
F7670,F7343
F12360,F12051
F15549,F15264
F7049,F6982
F8891,F8875
F3619,F3509
F14916,F14573
F5420,F5080
F4006,F3794
F16497,F16266
F8124,F8005
F8841,F8832
F9691,F9516
F11968,F11836
F6612,F6458
F17191,F17039
F4238,F3848
F10666,F10426
F16085,F16024
F12208,F12161
F10326,F10166
F4384,F4248
F11074,F10857
F5524,F5175
F14525,F14202
F10939,F10650
F9825,F9620
F12173,F11880
F10014,F9950
F15912,F15708
F11335,F11263
F6811,F6526
F10387,F10152
F10331,F10060
F6652,F6521
F12537,F12497
F10862,F10726
F10844,F10768
F4247,F4214
F12473,F12272
F17826,F17641
F7477,F7440
F8511,F8361
F16705,F16698
F13565,F13481
F12137,F12002
F3211,F2964
F12098,F11817
F12121,F11982
F7463,F7072
F9926,F9669
F2938,F2826
F13102,F12968
F14296,F13896
F14228,F13875
F5883,F5573
F3033,F2808
F12669,F12309
F13859,F13846
F16270,F16037
F11065,F10815
F7424,F7222
F13164,F12820
F8380,F8114
F5660,F5612
F6625,F6503
F7846,F7681
F17645,F17562
F10314,F10310
F7775,F7765
F3846,F3673
F4438,F4200
F12638,F12491
F12840,F12705
F12247,F12122
F15193,F14973
F15475,F15470
F12971,F12897
F9594,F9351
F16672,F16462
F7006,F6711
F13855,F13812
F5605,F5338
F7071,F7008
F7065,F6675
F12484,F12280
F7104,F6865
F6696,F6590
F8271,F7874
F14525,F14432
F4651,F4302
F9450,F9439
F7980,F7654
F5300,F5263
F14193,F14169
F4152,F4082
F6952,F6909
F9288,F9118
F8508,F8164
F5084,F4900
F7952,F7597
F2830,F2581
F8978,F8669
F5426,F5110
F4716,F4492
F5595,F5547
F16310,F16223
F9203,F9160
F13577,F13258
F14102,F14072
F10858,F10596
F16423,F16126
F17231,F16880
F17411,F17067
F17638,F17399
F6410,F6383
F16189,F16107
F11103,F10998
F16324,F16031
F5074,F4792
F6677,F6355
F13884,F13740
F9622,F9503
F16912,F16658
F3370,F3107
F15397,F15175
F3658,F3337
F6623,F6396
F14213,F13831
F4742,F4509
F6965,F6603
F7601,F7377
F13437,F13320
F16752,F16517
F12892,F12533
F11987,F11596
F17538,F17382
F11682,F11359
F6128,F5748
F3586,F3376
F8342,F8148
F15168,F15032
F16244,F15996
F10057,F9886
F14766,F14663
F15806,F15788
F10592,F10243
F6749,F6591
F10661,F10464
F7979,F7785
F11962,F11624
F7794,F7419
F4663,F4288
F10249,F10176
F3277,F2899
F13248,F13086
F6977,F6692
F7029,F6737
F4800,F4769
F4117,F4084
F4333,F4043
F3354,F3027
F10432,F10089
F6665,F6390
F17652,F17505
F6055,F6049
F5926,F5836
F15656,F15632
F5231,F4929
F8916,F8820
F3310,F3133
F16639,F16349
F17309,F17017
F12026,F11986
F17925,F17742
F7844,F7763
F8773,F8585
F11362,F11334
F11217,F11136
F16891,F16703
F8939,F8873
F3912,F3656
F6601,F6535
F7451,F7093
F16540,F16371
F17058,F16891
F13383,F13220
F14719,F14615
F7475,F7092
F16993,F16674
F6666,F6417
F9244,F9075
F8691,F8683
F7779,F7778
F12281,F12269
F4362,F4328
F10255,F10076
F10098,F9945
F14261,F13937
F15330,F15267
F9780,F9455
F13374,F13262
F5438,F5381
F6293,F6152
F16996,F16887
F15966,F15735
F3016,F2631
F17250,F16866
F10548,F10206
F16782,F16619
F13753,F13714
F11048,F11043
F4073,F3957
F7562,F7359
F6417,F6141
F4267,F4054
F15486,F15258
F5481,F5171
F4074,F3905
F10349,F10222
F14046,F13761
F17062,F16933
F17688,F17532
F15884,F15577
F6575,F6191
F11174,F11024
F6914,F6588
F6038,F5995
F16193,F16082
F13976,F13929
F9126,F8984
F16935,F16579
F4813,F4640
F9177,F8940
F11357,F11253
F3027,F2961
F11683,F11446
F4657,F4625
F15704,F15476
F14907,F14772
F16503,F16375
F11304,F11263
F16727,F16335
F3572,F3462
F14441,F14161
F8169,F8073
F6943,F6871
F9823,F9426
F14498,F14374
F2959,F2854
F3807,F3550
F4309,F4029
F10454,F10162
F11209,F11193
F12312,F12057
F3891,F3758
F8806,F8736
F11988,F11848
F8474,F8235
F6548,F6503
F7594,F7324
F7714,F7650
F9762,F9730
F13640,F13364
F14752,F14449
F10179,F10036
F8815,F8769
F12008,F11624
F7374,F7050
F12394,F12297
F6778,F6541
F16851,F16557
F6596,F6362
F6729,F6457
F9700,F9674
F13779,F13398
F13864,F13648
F8015,F7698
F5033,F4936
F5351,F5264
F15056,F14688
F14517,F14404
F4892,F4696
F17813,F17668
F15420,F15409
F2783,F2411
F7723,F7720
F8884,F8736
F9217,F9011
F17428,F17119
F11760,F11365
F5180,F5098
F16233,F16217
F3357,F2976
F8873,F8605
F6014,F5959
F4680,F4554
F10025,F9969
F17574,F17412
F4377,F4289
F7096,F6721
F6342,F6050
F10474,F10345
F3546,F3460
F15435,F15244
F9190,F9035
F9370,F9143
F6928,F6917
F13558,F13182
F5833,F5744
F15334,F14949
F3222,F2948
F16633,F16378
F6245,F6061
F14158,F13892
F13436,F13423
F10647,F10619
F4767,F4406
F9260,F9091
F7447,F7182
F7764,F7729
F9617,F9508
F13944,F13881
F5999,F5638
F13063,F12950
F12599,F12595
F7011,F6925
F12980,F12757
F4456,F4310
F9693,F9353
F15662,F15380
F17920,F17701
F10450,F10414
F15239,F14930
F9802,F9749
F8922,F8794
F13311,F12956
F11386,F11296
F13488,F13160
F15789,F15575
F13183,F13101
F13744,F13715
F6400,F6359
F10063,F9995
F5752,F5512
F13262,F13249
F5201,F4925
F4185,F4141
F11784,F11428
F5733,F5588
F7316,F7270
F12795,F12576
F10415,F10387
F17099,F16868
F17320,F17030
F4483,F4324
F17061,F16973
F4748,F4423
F13309,F13161
F7372,F7353
F7239,F6840
F17698,F17451
F7834,F7551
F8464,F8235
F11924,F11541
F3361,F3256
F12754,F12626
F11800,F11773
F12732,F12465
F4588,F4339
F13151,F12938
F5241,F5126
F11539,F11267
F3392,F3097
F14501,F14218
F8193,F8128
F5891,F5597
F10093,F9989
F14725,F14576
F12706,F12642
F12252,F12101
F14773,F14639
F5940,F5758
F16781,F16393
F16924,F16594
F11959,F11630
F10806,F10438
F7424,F7145
F8598,F8478
F10635,F10512
F3997,F3916
F11785,F11421
F14425,F14112
F10450,F10423
F3011,F2635
F9701,F9573
F15792,F15637
F7791,F7495
F5335,F5321
F15350,F15069
F5657,F5346
F3663,F3548
F8018,F7831
F8531,F8434
F9284,F9036
F8307,F8289
F10777,F10468
F8989,F8791
F15024,F14867
F7392,F7037
F11868,F11819
F16082,F15850
F11562,F11370
F8800,F8426
F3747,F3657
F3774,F3594
F9890,F9730
F11712,F11352
F15327,F15247
F9415,F9284
F5521,F5490
F12814,F12565
F4003,F3703
F4919,F4729
F4603,F4400
F5950,F5599
F14278,F14132
F9184,F9161
F13965,F13849
F7956,F7717
F9757,F9617
F14526,F14305
F6438,F6423
F5565,F5339
F5840,F5744
F10999,F10705
F11023,F10936
F3625,F3279
F13070,F13001
F12733,F12384
F6917,F6637
F4846,F4839
F4581,F4551
F10713,F10432
F5373,F5188
F5003,F4721
F14426,F14074
F7214,F6834
F13982,F13908
F4454,F4138
F14962,F14653
F16950,F16936
F3409,F3110
F12856,F12724
F3317,F3166
F8021,F7681
F16528,F16351
F5215,F4818
F8130,F7878
F17404,F17272
F14083,F13831
F10160,F10144
F17116,F17027
F13050,F12800
F15343,F15087
F9339,F8948
F12280,F11979
F3059,F2796
F16539,F16470
F15564,F15461
F3162,F3032
F3701,F3416
F11949,F11784
F14935,F14701
F9161,F8825
F4946,F4821
F5363,F5315
F16480,F16232
F10034,F9699
F14610,F14603
F14355,F13999
F4973,F4588
F14246,F14032
F9507,F9185
F13242,F12930
F13287,F13117
F8601,F8327
F14769,F14498
F2976,F2826
F10527,F10346
F15664,F15489
F16161,F15948
F12470,F12267
F12889,F12496
F14079,F13948
F2735,F2675
F11572,F11322
F8378,F8083
F8695,F8564
F13679,F13284
F4942,F4743
F16850,F16719
F16092,F15920
F10169,F9818
F17336,F16952
F6967,F6714
F13826,F13750
F6157,F5874
F7232,F7200
F11676,F11296
F13890,F13542
F6007,F5674
F8240,F8033
F9110,F8883
F11560,F11489
F15193,F14793
F10931,F10603
F17298,F17275
F8767,F8428
F16399,F16104
F16309,F16301
F4538,F4430
F11648,F11569
F2755,F2679
F9352,F9009
F14825,F14734
F9074,F8784
F7670,F7383
F14962,F14946
F7029,F6923
F6996,F6852
F15560,F15249
F14940,F14582
F14532,F14400
F11900,F11630
F7337,F7159
F14735,F14689
F12617,F12468
F2866,F2755
F17535,F17229
F7975,F7601
F3254,F2931
F12031,F11639
F6899,F6868
F9922,F9662
F16943,F16547
F11491,F11190
F17835,F17451
F9639,F9467
F12811,F12561
F16972,F16780
F15504,F15278
F3535,F3421
F15223,F15165
F14498,F14382
F14317,F14197
F12664,F12442
F12622,F12269
F11906,F11647
F16136,F16000
F14799,F14581
F3521,F3159
F13034,F12877
F7635,F7557
F2878,F2831
F14815,F14451
F9391,F9254
F15493,F15123
F4321,F3927
F8990,F8784
F14697,F14498
F3324,F3163
F8602,F8397
F9517,F9402
F2838,F2501
F16915,F16725
F5684,F5546
F6528,F6166
F13029,F12932
F8454,F8361
F13154,F13023
F8767,F8514
F3759,F3562
F2864,F2532
F8933,F8904
F15567,F15315
F10408,F10140
F4855,F4574
F17151,F17119
F13327,F13213
F16613,F16254
F17256,F17106
F4628,F4342
F4930,F4871
F3983,F3759
F5618,F5308
F11548,F11307
F17631,F17620
F5428,F5031
F16430,F16076
F9526,F9289
F11665,F11654
F14397,F14207
F15380,F15090
F11317,F10931
F12876,F12855
F3979,F3601
F3604,F3474
F3640,F3264
F17806,F17464
F11601,F11544
F15040,F14850
F3813,F3762
F14748,F14633
F14659,F14287
F4919,F4657
F5658,F5297
F8821,F8427
F14300,F14114
F15757,F15650
F17710,F17411
F4792,F4653
F3440,F3200
F12092,F12086
F4968,F4810
F16559,F16452
F3806,F3505
F15525,F15273
F17766,F17667
F16223,F15849
F6932,F6759
F10220,F10026
F4982,F4592
F6857,F6569
F7563,F7398
F13031,F12884
F7639,F7268
F7045,F6927
F8912,F8644
F5933,F5576
F12095,F11965
F6037,F5964
F9164,F8987
F4657,F4431
F13171,F13163
F9506,F9235
F13781,F13461
F14106,F14098
F15769,F15506
F10061,F9720
F6449,F6418
F16324,F16045
F5790,F5520
F14318,F14211
F12597,F12434
F8626,F8281
F8999,F8780
F11047,F10877
F13657,F13311
F12107,F11849
F10887,F10592
F3469,F3100
F3126,F3076
F12434,F12290
F8093,F8019
F12721,F12405
F9560,F9181
F12208,F11841
F13520,F13445
F6113,F5783
F15543,F15531
F6448,F6114
F14747,F14405
F12029,F11875
F13819,F13738
F4779,F4542
F9641,F9499
F11277,F11126
F11714,F11491
F17660,F17587
F6246,F6139
F15966,F15609
F3320,F3172
F10566,F10394
F8237,F7892
F4889,F4841
F5276,F5245
F8847,F8824
F12466,F12396
F14036,F13711
F15136,F15032
F14425,F14278
F7497,F7442
F9515,F9417
F16695,F16418
F7001,F6768
F5793,F5791
F15111,F14923
F7820,F7674
F15450,F15307
F4491,F4162
F16952,F16762
F5491,F5227
F14960,F14789
F15284,F15139
F11710,F11420
F13342,F12966
F4579,F4214
F10983,F10706
F11879,F11838
F13328,F13004
F6705,F6459
F8235,F8207
F14117,F13828
F8488,F8236
F11277,F11191
F11865,F11718
F12324,F12134
F12358,F12053
F3646,F3508
F8036,F7641
F12519,F12136
F17691,F17396
F9909,F9545
F5195,F5056
F9927,F9693
F3627,F3446
F3349,F3078
F9950,F9766
F7377,F7176
F13484,F13453
F7174,F6842
F16093,F15963
F6541,F6452
F4382,F4352
F5905,F5565
F14856,F14566
F14551,F14162
F3258,F3122
F7433,F7236
F6444,F6286
F5304,F5176
F7069,F7054
F8927,F8723
F13814,F13752
F5907,F5524
F7483,F7359
F3762,F3758
F12693,F12311
F8348,F8332
F14149,F14063
F9114,F8997
F15843,F15764
F14966,F14730
F4850,F4696
F11016,F10792
F11171,F11136
F17650,F17280
F11745,F11445
F4635,F4489
F9138,F9032
F5566,F5484
F16538,F16256
F11298,F10947
F11141,F10799
F8643,F8272
F8022,F7717
F16250,F16049
F16615,F16449
F3583,F3183
F9058,F8856
F3148,F2921
F3833,F3773
F5967,F5834
F12115,F12055
F14488,F14326
F15938,F15921
F11755,F11617
F12715,F12708
F3238,F3085
F10701,F10367
F4866,F4719
F16689,F16401
F10930,F10647
F14313,F14067
F4426,F4227
F16857,F16831
F4113,F4031
F7360,F7257
F12582,F12527
F15951,F15917
F7143,F6839
F7366,F7025
F8177,F7796
F16533,F16251
F4563,F4192
F13522,F13266
F3120,F2789
F11566,F11224
F3676,F3548
F11267,F11232
F12159,F11877
F10975,F10856
F16219,F15961
F6921,F6585
F10118,F9908
F12847,F12493
F17223,F16934
F13204,F12991
F16053,F15861
F3405,F3257
F10950,F10587
F7899,F7689
F15198,F14818
F4279,F4130
F4093,F3838
F5464,F5340
F4285,F4024
F9512,F9355
F15779,F15723
F16702,F16598
F3678,F3621
F2848,F2556
F12627,F12562
F15835,F15827
F6850,F6734
F16676,F16369
F3675,F3394
F10453,F10339
F12505,F12197
F13901,F13709
F17598,F17330
F5280,F4936
F13364,F12991
F10321,F10130
F14786,F14484
F7993,F7622
F3582,F3565
F2737,F2525
F11818,F11697
F13990,F13894
F17223,F16899
F5462,F5184
F16026,F15714
F4764,F4650
F5090,F4737
F3081,F2888
F9003,F8702
F8961,F8653
F11908,F11738
F6165,F5826
F2834,F2721
F6254,F6230
F10433,F10343
F9953,F9808
F15463,F15330
F11099,F10997
F17548,F17300
F7254,F7076
F11025,F10944
F12608,F12561
F17876,F17779
F5209,F4873
F11078,F11036
F16188,F15840
F10213,F10097
F3490,F3314
F14597,F14580
F15793,F15688
F3158,F3119
F9611,F9547
F13259,F13151
F9323,F8955
F4893,F4604
F16874,F16722
F7538,F7397
F17288,F17238
F3167,F2854
F10094,F9982
F11402,F11246
F3872,F3772
F5901,F5788
F8606,F8302
F2772,F2758
F12129,F11929
F7953,F7734
F3484,F3357
F12842,F12473
F12293,F12024
F4492,F4454
F16666,F16524
F7834,F7640
F14999,F14752
F4460,F4206
F9794,F9700
F3250,F2989
F5725,F5545
F4878,F4658
F14025,F13634
F6950,F6670
F3779,F3536
F14139,F13980
F12735,F12691
F6766,F6555
F6164,F5802
F8400,F8137
F10715,F10682
F4427,F4138
F17318,F17207
F9099,F8722
F8068,F7885
F7221,F6999
F6058,F5791
F17673,F17340
F4972,F4913
F15604,F15436
F13007,F12888
F15541,F15158
F9033,F8789
F3323,F3204
F8992,F8798
F9438,F9083
F15905,F15744
F16521,F16293
F12079,F11867
F8903,F8554
F5998,F5933
F16474,F16448
F16793,F16544
F2994,F2719
F5630,F5438
F11597,F11356
F16685,F16488
F9351,F9256
F13025,F12994
F12336,F12077
F10426,F10187
F9588,F9296
F11876,F11626
F14125,F13749
F13467,F13293
F14517,F14485
F10320,F10089
F4115,F4017
F10117,F9873
F3301,F3145
F6368,F6146
F10835,F10748
F4039,F3705
F17334,F17247
F13752,F13565
F3657,F3263
F11670,F11489
F3284,F2915
F11182,F11044
F7062,F6976
F4972,F4744
F4226,F4000
F7897,F7737
F4313,F3922
F13443,F13132
F13525,F13390
F4787,F4429
F3481,F3385
F11185,F11004
F15649,F15526
F11573,F11435
F9713,F9402
F11692,F11429
F9902,F9609
F14567,F14389
F3916,F3789
F2858,F2524
F8957,F8572
F17738,F17667
F8214,F7894
F4933,F4881
F9217,F9021
F17183,F16940
F13639,F13505
F10944,F10809
F6350,F6209
F10796,F10609
F9279,F8957
F3934,F3920
F6473,F6362
F10015,F9973
F6192,F6139
F4069,F3885
F9807,F9588
F10611,F10314
F11987,F11775
F9451,F9441
F14834,F14778
F5419,F5371
F16848,F16583
F4020,F3890
F6189,F5909
F13107,F13063
F10112,F10044
F12992,F12893
F8867,F8612
F14003,F13880
F9776,F9558
F12794,F12758
F16882,F16834
F6829,F6445
F10840,F10640
F4181,F4146
F8686,F8656
F15963,F15674
F12631,F12426
F11675,F11435
F12432,F12169
F11704,F11482
F4036,F3943
F13312,F13268
F2955,F2584
F4230,F4136
F10613,F10513
F13799,F13793
F14418,F14217
F4326,F4176
F11613,F11443
F14886,F14828
F11506,F11198
F4375,F4071
F7506,F7451
F8497,F8459
F13343,F13124
F5596,F5311
F7348,F7036
F7684,F7672
F17043,F16951
F14331,F14011
F9969,F9614
F17124,F16935
F12201,F11882
F15657,F15451
F16186,F15941
F17331,F17167
F15689,F15505
F15974,F15767
F7252,F6976
F8620,F8348
F4958,F4564
F11967,F11874
F6095,F5938
F17435,F17234
F9776,F9755
F14521,F14494
F9721,F9686
F3589,F3558
F16781,F16507
F3844,F3839
F11953,F11663
F11231,F10980
F13376,F13104
F14355,F14205
F14172,F13826
F3179,F3082
F7386,F7069
F14306,F14208
F8780,F8491
F13451,F13122
F4191,F3995
F13598,F13318
F6153,F5992
F10594,F10231
F11843,F11621
F11794,F11573
F13447,F13351
F15326,F15091
F13853,F13638
F4177,F4156
F8881,F8784
F3321,F3206
F14388,F14077
F6877,F6686
F9265,F8886
F9431,F9152
F5965,F5866
F10000,F9762
F14416,F14217
F14855,F14550
F13431,F13137
F8254,F8100
F13588,F13325
F5101,F4802
F15140,F14786
F3607,F3353
F6190,F6007
F13975,F13685
F6038,F5723
F16716,F16450
F16433,F16238
F10779,F10565
F8775,F8696
F5747,F5727
F16631,F16627
F3540,F3535
F5326,F4967
F15891,F15879
F3459,F3291
F8749,F8365
F11328,F11195
F3985,F3715
F13235,F13085
F6706,F6422
F12715,F12637
F4382,F4148
F12177,F11890
F14895,F14773
F8533,F8304
F11018,F10892
F7035,F6646
F12395,F12378
F6747,F6668
F5020,F4969
F10729,F10503
F15648,F15409
F3581,F3182
F17431,F17315
F15484,F15279
F15160,F15072
F5632,F5592
F8545,F8367
F12842,F12566
F14155,F14122
F13005,F12847
F10036,F9693
F11467,F11070
F15930,F15600
F8592,F8199
F8273,F7923
F5187,F5013
F5938,F5905
F16148,F15952
F13168,F12932
F8468,F8348
F6520,F6328
F17681,F17409
F8226,F7858
F5392,F5028
F4555,F4315
F9466,F9321
F6767,F6395
F14791,F14738
F12591,F12363
F12515,F12371
F14304,F14078
F7463,F7281
F10031,F9940
F6311,F6222
F4241,F4125
F15339,F15083
F8433,F8060
F15984,F15736
F10170,F9937
F9849,F9833
F3166,F2776
F10856,F10760
F14334,F14092
F16253,F16067
F5303,F5108
F17263,F17175
F3428,F3038
F4154,F4017
F6885,F6533
F14066,F13984
F5824,F5470
F13898,F13599
F5423,F5097
F17034,F16971
F15672,F15633
F9286,F9033
F14908,F14576
F4184,F3869
F10798,F10641
F6381,F6263
F15120,F14935
F3533,F3427
F9015,F8954
F11897,F11723
F6430,F6269
F9237,F9084
F15456,F15354
F8707,F8321
F2771,F2709
F11626,F11527
F13852,F13576
F8496,F8462
F9091,F8845
F16582,F16358
F2713,F2511
F12479,F12377
F12559,F12373
F10143,F9760
F11538,F11267
F4042,F3674
F13022,F12799
F7781,F7393
F3267,F3257
F9729,F9637
F16285,F16091
F15944,F15574
F14949,F14701
F3697,F3326
F16487,F16478
F9023,F8843
F15074,F14875
F17520,F17267
F13915,F13868
F3672,F3565
F3810,F3595
F7887,F7741
F5988,F5652
F10628,F10270
F4763,F4695
F3196,F3153
F14306,F14220
F16047,F15725
F10849,F10624
F13586,F13275
F15833,F15699
F15241,F15095
F9771,F9729
F9181,F9053
F13742,F13511
F3169,F3086
F3744,F3670
F8996,F8783
F11432,F11090
F17207,F17141
F10669,F10558
F8610,F8333
F7185,F6977
F10179,F10001
F9960,F9580
F11933,F11823
F16853,F16783
F10553,F10273
F16416,F16274
F13230,F13180
F11457,F11285
F4879,F4501
F10386,F10326
F6709,F6384
F12487,F12153
F5999,F5773
F13507,F13373
F7066,F6879
F5962,F5607
F8079,F7798
F8998,F8772
F6531,F6474
F9957,F9699
F4667,F4603
F7792,F7538
F6575,F6379
F15375,F15054
F11435,F11417
F13279,F12953
F16645,F16309
F14727,F14567
F6934,F6906
F11709,F11617
F16934,F16617
F4420,F4110
F16959,F16809
F11456,F11321
F10938,F10683
F11275,F11253
F14184,F14027
F14509,F14235
F13089,F13041
F13776,F13692
F16037,F15823
F14001,F13842
F7958,F7950
F17575,F17228
F8288,F8133
F17110,F16969
F7303,F7247
F12935,F12837
F10117,F10064
F14217,F14175
F4670,F4516
F17678,F17471
F5037,F4965
F8935,F8584
F17003,F16618
F3213,F2826
F3307,F3113
F16394,F16050
F8105,F7796
F11385,F11241
F17705,F17447
F4889,F4540
F7672,F7557
F4199,F3984
F3652,F3334
F8022,F7857
F4238,F3946
F5147,F5030
F9006,F8802
F11747,F11445
F17958,F17804
F15012,F14776
F3246,F2962
F6230,F5929
F13655,F13314
F13189,F12957
F9276,F8911
F17535,F17157
F17881,F17845
F12765,F12574
F7790,F7753
F10589,F10321
F5838,F5508
F9968,F9780
F14225,F13975
F16566,F16515
F13175,F12900
F12453,F12118
F9252,F8951
F12829,F12490
F5251,F4861
F5546,F5300
F14688,F14584
F5514,F5125
F10743,F10605
F17197,F16968
F13396,F13067
F9381,F9307
F11533,F11178
F10361,F10159
F14828,F14767
F14935,F14752
F7482,F7303
F11607,F11389
F3837,F3624
F15218,F15105
F13552,F13492
F6051,F5671
F16006,F15800
F16138,F16009
F12804,F12756
F7812,F7496
F12419,F12194
F10437,F10213
F4503,F4408
F16346,F16222
F3439,F3145
F9260,F8942
F11207,F11061
F14268,F14012
F12131,F11905
F3634,F3576
F14017,F13816
F6965,F6666
F16145,F15807
F5795,F5676
F13719,F13478
F5526,F5400
F7947,F7734
F4158,F3994
F15538,F15217
F6555,F6535
F17965,F17783
F10903,F10688
F17794,F17476
F4289,F4219
F15452,F15223
F15299,F15288
F17756,F17742
F10470,F10452
F10192,F9916
F13971,F13871
F14146,F14062
F15146,F14971
F12414,F12029
F3779,F3628
F5565,F5414
F4933,F4653
F9045,F8858
F9334,F9118
F14570,F14393
F14591,F14351
F13543,F13283
F14440,F14436
F3298,F3079
F14256,F14077
F11365,F11158
F12621,F12477
F14584,F14296
F15831,F15572
F13092,F13088
F17091,F16784
F8034,F7806
F11727,F11539
F13215,F13021
F16125,F16064
F14607,F14292
F6715,F6591
F14210,F14162
F7571,F7353
F8980,F8755
F15109,F15090
F11895,F11661
F15458,F15173
F9674,F9461
F13448,F13417
F12705,F12595
F2967,F2814
F12188,F12182
F12190,F11851
F5097,F4839
F4777,F4450
F9456,F9433
F5912,F5801
F12831,F12511
F11842,F11580
F8103,F7805
F12063,F11721
F3517,F3258
F9288,F9101
F7465,F7400
F10375,F10246
F5357,F5277
F11948,F11918
F14016,F13795
F7343,F7152
F9482,F9410
F16622,F16507
F17009,F16889
F17952,F17886
F4678,F4296
F14481,F14299
F9486,F9303
F11058,F10700
F13364,F13339
F14377,F14262
F15197,F15096
F4894,F4681
F10917,F10606
F16063,F15732
F16539,F16486
F5362,F5361
F14079,F13982
F15339,F15208
F17492,F17119
F7346,F7190
F9596,F9529
F14442,F14325
F11492,F11435
F6277,F6159
F7702,F7470
F4248,F4246
F5373,F5014
F9149,F9121
F15386,F15151
F10550,F10536
F4806,F4550
F10181,F10015
F9819,F9450
F6875,F6673
F9003,F8673
F3208,F3112
F14850,F14711
F11119,F11112
F13459,F13239
F17466,F17142
F11059,F11019
F12156,F11854
F6124,F5911
F13248,F12922
F14502,F14337
F12893,F12830
F17563,F17401
F8241,F8174
F13214,F13013
F8800,F8436
F14605,F14472
F3871,F3784
F10658,F10300
F10640,F10417
F12040,F11674
F2865,F2575
F15630,F15461
F11538,F11406
F17282,F17044
F5555,F5374
F3598,F3542
F7820,F7644
F11174,F10855
F3755,F3368
F4165,F4078
F9608,F9566
F5346,F5135
F15646,F15509
F13159,F12934
F13195,F12899
F3214,F3210
F16288,F16167
F12104,F12002
F13380,F13108
F2793,F2611
F14863,F14699
F16507,F16188
F4752,F4451
F9176,F9119
F17873,F17528
F9972,F9762
F5119,F5091
F10095,F9904
F11558,F11161
F16939,F16876
F14262,F14049
F14938,F14597
F10226,F10198
F12562,F12547
F17195,F16990
F7603,F7569
F10868,F10734
F7618,F7228
F9406,F9059
F4820,F4784
F7735,F7522
F15974,F15876
F11181,F10926
F16311,F16298
F5698,F5575
F12468,F12223
F6232,F5856
F6861,F6739
F3398,F3152
F12798,F12780
F4435,F4154
F6443,F6203
F9170,F8948
F10378,F10354
F16957,F16727
F8476,F8330
F16123,F15781
F9552,F9356
F6799,F6588
F14431,F14255
F14157,F14146
F10999,F10837
F16105,F15862
F17931,F17823
F9619,F9508
F11883,F11597
F11102,F11019
F13277,F13170
F8589,F8416
F6414,F6092
F10920,F10839
F13137,F12846
F15450,F15197
F3452,F3324
F7531,F7391
F14481,F14471
F6061,F5734
F16386,F16011
F9362,F9266
F5652,F5507
F3312,F2918
F15448,F15277
F11493,F11212
F7141,F7039
F6519,F6514
F15467,F15187
F14267,F13911
F17754,F17361
F7937,F7619
F6583,F6327
F16780,F16617
F8392,F8255
F13207,F13187
F16018,F15984
F10049,F9994
F8864,F8609
F7938,F7686
F11465,F11244
F17314,F16976
F5604,F5491
F13656,F13385
F5248,F4880
F9210,F8973
F9371,F9105
F6375,F6019
F5995,F5742
F16266,F16063
F4036,F3759
F12622,F12231
F5857,F5564
F7692,F7511
F4995,F4793
F16495,F16249
F17614,F17430
F11756,F11365
F13725,F13595
F8036,F7742
F7310,F7034
F8742,F8679
F11817,F11787
F10759,F10470
F7533,F7263
F5882,F5785
F17705,F17647
F5154,F5001
F9540,F9238
F3289,F3155
F14034,F13972
F6823,F6626
F17186,F16852
F3097,F2737
F4100,F3924
F7215,F6976
F16864,F16667
F2778,F2584
F11692,F11452
F15248,F15247
F6056,F6052
F6038,F6010
F12909,F12545
F11336,F11000
F9224,F9083
F8690,F8351
F14570,F14373
F6034,F5860
F12179,F12104
F10227,F9896
F17536,F17198
F4641,F4520
F17655,F17288
F4456,F4438
F14023,F13875
F6120,F6079
F13724,F13448
F12751,F12508
F9660,F9657
F12785,F12443
F2964,F2962
F3974,F3743
F8027,F7684
F17977,F17712
F14771,F14521
F13578,F13208
F14759,F14478
F3382,F3266
F9237,F8965
F11472,F11120
F12721,F12545
F7809,F7782
F7747,F7560
F16500,F16189
F16197,F15872
F12174,F11916
F9543,F9293
F8558,F8526
F4270,F4235
F14486,F14445
F10963,F10693
F11195,F10825
F16710,F16461
F7539,F7436
F13964,F13959
F13333,F13079
F5640,F5495
F10775,F10573
F12233,F12145
F10084,F9899
F9799,F9413
F15368,F15291
F15590,F15261
F11430,F11118
F15809,F15625
F3826,F3468
F6397,F6110
F12359,F12139
F12656,F12263
F2973,F2875
F10295,F10109
F12914,F12575
F15480,F15470
F10457,F10143
F5508,F5327
F16036,F15807
F4241,F4051
F8493,F8251
F16663,F16436
F7923,F7571
F6441,F6296
F10882,F10641
F14681,F14572
F7040,F6705
F3460,F3397
F17169,F17051
F8666,F8466
F8260,F7929
F8529,F8322
F17100,F17014
F11526,F11240
F14899,F14563
F7663,F7580
F11948,F11745
F13398,F13333
F4198,F3847
F5467,F5353
F7579,F7316
F15771,F15603
F4037,F3955
F8309,F7978
F15287,F14909
F14033,F13799
F14106,F13808
F13562,F13244
F9277,F8879
F6784,F6544
F8628,F8272
F14283,F14169
F12526,F12427
F15939,F15618
F7675,F7571
F3071,F2694
F13938,F13653
F10311,F10063
F6075,F5734
F15850,F15718
F17871,F17675
F4337,F4112
F13878,F13489
F5139,F5044
F3451,F3156
F6804,F6565
F4346,F4104
F9906,F9519
F15925,F15604
F6836,F6531
F9332,F9135
F9880,F9601
F9549,F9170
F5752,F5409
F7850,F7500
F9844,F9789
F13697,F13400
F17842,F17503
F7289,F7221
F6530,F6345
F4114,F4043
F13600,F13330
F14361,F14043
F17287,F17030
F8675,F8454
F5602,F5397
F12349,F12128
F11995,F11816
F16225,F16115
F8627,F8515
F4260,F4211
F14180,F13933
F5550,F5374
F10390,F10054
F9877,F9829
F10607,F10526
F8429,F8174
F14812,F14491
F9496,F9106
F3549,F3236
F6861,F6487
F16212,F16076
F4474,F4406
F6624,F6267
F12354,F11981
F3364,F3348
F5940,F5760
F12491,F12403
F10298,F9988
F13906,F13572
F7960,F7820
F5646,F5505
F6938,F6932
F3941,F3778
F10642,F10612
F15640,F15244
F4556,F4298
F3040,F2842
F8838,F8526
F9447,F9111
F2825,F2699
F13491,F13256
F11373,F11179
F12435,F12354
F12652,F12377
F13513,F13394
F14257,F13860
F16301,F16038
F3426,F3375
F2775,F2504
F14139,F14012
F9718,F9495
F6431,F6170
F15771,F15767
F9251,F9180
F12956,F12601
F4640,F4613
F9430,F9267
F14452,F14097
F5406,F5185
F8489,F8151
F10806,F10533
F12734,F12668
F7008,F6859
F17940,F17705
F16616,F16465
F11343,F11179
F3671,F3487
F7903,F7547
F6924,F6622
F7218,F7114
F8803,F8636
F15871,F15830
F13789,F13741
F5477,F5422
F15749,F15361
F3680,F3286
F4624,F4371
F13434,F13295
F15328,F15051
F9644,F9305
F14407,F14007
F8069,F7812
F11767,F11729
F13139,F13117
F17576,F17518
F10368,F10088
F15880,F15625
F10945,F10652
F15821,F15590
F6905,F6702
F5622,F5275
F6612,F6367
F7507,F7480
F4148,F3771
F16401,F16284
F6104,F5881
F5128,F4918
F4401,F4011
F15644,F15611
F8031,F7881
F12983,F12628
F12380,F12273
F3215,F2880
F8417,F8160
F17649,F17534
F16304,F16199
F5398,F5029
F6809,F6440
F8437,F8270
F14754,F14425
F15358,F14996
F17412,F17093
F14434,F14198
F11842,F11562
F5057,F4854
F10862,F10821
F3083,F2983
F16460,F16330
F10633,F10524
F8693,F8326
F13693,F13588
F17210,F17116
F5702,F5374
F6991,F6693
F3429,F3375
F2819,F2740
F3424,F3255
F12196,F11882
F7188,F7109
F7313,F7028
F17123,F16936
F5463,F5401
F8589,F8498
F15236,F14989
F14243,F14241
F13885,F13747
F17489,F17287
F13104,F12908
F17620,F17488
F2958,F2775
F4101,F4050
F5166,F4847
F12686,F12597
F3135,F2751
F7121,F7003
F11618,F11557
F8358,F8327
F17950,F17730
F14754,F14577
F16207,F16200
F14283,F14247
F17963,F17657
F2948,F2736
F7791,F7526
F10670,F10618
F9694,F9691
F3503,F3223
F17949,F17620
F3111,F3030
F2941,F2887
F10905,F10896
F7815,F7685
F12319,F12037
F11834,F11668
F8029,F7821
F7496,F7489
F17538,F17276
F8712,F8454
F6233,F5923
F12170,F11804
F3249,F3041
F4673,F4573
F8408,F8212
F16948,F16709
F6962,F6884
F7221,F7067
F3544,F3341
F3407,F3254
F3893,F3537
F16944,F16569
F11223,F11071
F8572,F8240
F15883,F15754
F15339,F14981
F2750,F2725
F5782,F5752
F12125,F11745
F4415,F4050
F5690,F5598
F3795,F3612
F11720,F11322
F11764,F11762
F15006,F14819
F7136,F6854
F10593,F10274
F6193,F5971
F16879,F16765
F15818,F15443
F8260,F7863
F10301,F10008
F6286,F6142
F12984,F12955
F6052,F6010
F7033,F6997
F7347,F7167
F6552,F6369
F5856,F5608
F16960,F16566
F16062,F15874
F14921,F14660
F15675,F15588
F16351,F16348
F3099,F3017
F13708,F13359
F15124,F14747
F10926,F10542
F6831,F6613
F13465,F13264
F5270,F4991
F17021,F16698
F6712,F6558
F15656,F15330
F11655,F11467
F6864,F6664
F5006,F4852
F5374,F4985
F16366,F16012
F6716,F6467
F9451,F9090
F5265,F4901
F16117,F15857
F6834,F6614
F8818,F8814
F10506,F10294
F15817,F15647
F7717,F7712
F3670,F3594
F15438,F15125
F3158,F3066
F3403,F3126
F6226,F5961
F13063,F12814
F15850,F15753
F8721,F8552
F3197,F3024
F17213,F17101
F15015,F14821
F15221,F15140
F3165,F2850
F15121,F15014
F7605,F7480
F9353,F9123
F3769,F3606
F14831,F14650
F10140,F10040
F16745,F16597
F3523,F3247
F14773,F14724
F14505,F14162
F7627,F7339
F9053,F8797
F3758,F3433
F8885,F8808
F6494,F6277
F15197,F14918
F16461,F16284
F8229,F7873
F16817,F16545
F10310,F10177
F6601,F6470
F16822,F16770
F6110,F5718
F5757,F5661
F16605,F16435
F7288,F7013
F5707,F5557
F9540,F9497
F13161,F12887
F16831,F16829
F14103,F13754
F17798,F17589
F12497,F12264
F9024,F8833
F14905,F14726
F15573,F15228
F11109,F11047
F3028,F2993
F16103,F16041
F4905,F4583
F5008,F4917
F6452,F6261
F10463,F10110
F12043,F11733
F14041,F13695
F9513,F9114
F12678,F12341
F6358,F6349
F5431,F5336
F13741,F13412
F14024,F13941
F3100,F2887
F6908,F6692
F8441,F8232
F7389,F7099
F5024,F4736
F3869,F3498
F8543,F8320
F12100,F11709
F16432,F16303
F3894,F3598
F8995,F8933
F9824,F9486
F4963,F4849
F7375,F7108
F15159,F14854
F6401,F6176
F5033,F4820
F2704,F2496
F11515,F11417
F12481,F12172
F3754,F3358
F8530,F8258
F14331,F14225
F17737,F17536
F16912,F16719
F12164,F12111
F14835,F14500
F13384,F13029
F5666,F5301
F11939,F11895
F7203,F7091
F14662,F14461
F7429,F7072
F9042,F8975
F13424,F13175
F15318,F15155
F10245,F10023
F11385,F10989
F12463,F12446
F12901,F12512
F14361,F14162
F16638,F16530
F7258,F7190
F17698,F17691
F13685,F13370
F5791,F5670
F16349,F16153
F7915,F7826
F6566,F6399
F4053,F3966
F10483,F10279
F3448,F3210
F8714,F8637
F4821,F4579
F7527,F7195
F3688,F3315
F14825,F14759
F3558,F3367
F4989,F4928
F13160,F13137
F6283,F6196
F12183,F11811
F7103,F6890
F6679,F6360
F11609,F11490
F17845,F17591
F12267,F12111
F10401,F10048
F8752,F8578
F3810,F3668
F4919,F4764
F11072,F10821
F10784,F10730
F13333,F13254
F7342,F7078
F12489,F12321
F14024,F13993
F4451,F4416
F14394,F14165
F16135,F15931
F5271,F4953
F3061,F2708
F15554,F15284
F8637,F8310
F10258,F10165
F10761,F10503
F6322,F6225
F6538,F6265
F8513,F8272
F10058,F9885
F7037,F6822
F14896,F14535
F16108,F15926
F4697,F4423
F6998,F6938
F9557,F9259
F8083,F7926
F8750,F8357
F15974,F15745
F14110,F13938
F14861,F14623
F5153,F5057
F8518,F8133
F14680,F14570
F11565,F11278
F8087,F7840
F11100,F10807
F6081,F5999
F11380,F11024
F17109,F16960
F6297,F5979
F13976,F13816
F15890,F15805
F12908,F12543
F2917,F2648
F8622,F8554
F11319,F11211
F3138,F2859
F9219,F9134
F3543,F3263
F5120,F5020
F6727,F6573
F8814,F8630
F11781,F11682
F7697,F7421
F7527,F7282
F8948,F8809
F14287,F13935
F9967,F9614
F6593,F6268
F11034,F10880
F6033,F5688
F3880,F3846
F8948,F8843
F17941,F17701
F16371,F16194
F15416,F15238
F12796,F12744
F7595,F7532
F11254,F11233
F12548,F12385
F5672,F5489
F17778,F17614
F6286,F6205
F8340,F7977
F16897,F16798
F11795,F11397
F4646,F4318
F13961,F13894
F8012,F7833
F12165,F11852
F17730,F17378
F3128,F2792
F11187,F11118
F11331,F11148
F13292,F12895
F10346,F10046
F8285,F8140
F17600,F17258
F11847,F11763
F8301,F7905
F14555,F14523
F15615,F15556
F10161,F9975
F16684,F16551
F9777,F9579
F15691,F15501
F12977,F12700
F11921,F11886
F10447,F10335
F8724,F8492
F7898,F7779
F15790,F15431
F17666,F17479
F11402,F11088
F10818,F10652
F3060,F2703
F8645,F8374
F4943,F4802
F12725,F12538
F14877,F14554
F11521,F11257
F16173,F16077
F6469,F6166
F6719,F6710
F10053,F9863
F10693,F10529
F15542,F15348
F17277,F16959
F8801,F8486
F2714,F2409
F5579,F5180
F17111,F17095
F8748,F8633
F13017,F12996
F11812,F11423
F4132,F3769
F15735,F15532
F3291,F2950
F9936,F9813
F15018,F14714
F8055,F7769
F3509,F3162
F10382,F10141
F12291,F12124
F14148,F14063
F7402,F7021
F16845,F16787
F4393,F4184
F15920,F15659
F7029,F6739
F5064,F4739
F7989,F7855
F5285,F5225
F5809,F5574
F7600,F7246
F6141,F6036
F9868,F9814
F10110,F9772
F6610,F6595
F15828,F15602
F17697,F17529
F9434,F9070
F15654,F15385
F12211,F12207
F16470,F16183
F3041,F2763
F6785,F6579
F11954,F11903
F5534,F5279
F3416,F3379
F8452,F8087
F8283,F7984
F5519,F5354
F7319,F7016
F9199,F9138
F8098,F7928
F12189,F11837
F7762,F7400
F17798,F17579
F16516,F16323
F7236,F6885
F3101,F2963
F9159,F9114
F9270,F9148
F6919,F6719
F7353,F6984
F2872,F2636
F9893,F9839
F14845,F14487
F8539,F8153
F11104,F10811
F5666,F5399
F11511,F11403
F10915,F10616
F5521,F5453
F6809,F6453
F16438,F16045
F3726,F3656
F16977,F16688
F17005,F16688
F5028,F4904
F7844,F7767
F9576,F9509
F6642,F6579
F10004,F9858
F13443,F13058
F12442,F12045
F14925,F14609
F11074,F11047
F13878,F13678
F14349,F13950
F15753,F15363
F11251,F11204
F10626,F10377
F6563,F6399
F7888,F7602
F5437,F5204
F7393,F7341
F7267,F7230
F15925,F15798
F16053,F15725
F6163,F5867
F16232,F15930
F17234,F17205
F10591,F10581
F4650,F4463
F8212,F7829
F9789,F9677
F15874,F15498
F4577,F4573
F5357,F5350
F10103,F10056
F10801,F10627
F17107,F16958
F14191,F13859
F16996,F16743
F4971,F4945
F3823,F3625
F4331,F4321
F11614,F11383
F17500,F17489
F17735,F17544
F8438,F8138
F4871,F4767
F6048,F5758
F4180,F3995
F14734,F14385
F17984,F17724
F2765,F2752
F6237,F5858
F8203,F8149
F11913,F11787
F14491,F14330
F9749,F9432
F6018,F5779
F10602,F10386
F9160,F9049
F16910,F16828
F12172,F11828
F16456,F16427
F13168,F13105
F5541,F5464
F7951,F7660
F15110,F14895
F15810,F15718
F5998,F5721
F6603,F6423
F7616,F7520
F7469,F7355
F14255,F14037
F8581,F8511
F4523,F4244
F4522,F4521
F15814,F15537
F12405,F12144
F13028,F12949
F5099,F4974
F6755,F6629
F8167,F7887
F9573,F9529
F16546,F16192
F8298,F8175
F11726,F11349
F14413,F14111
F12760,F12380
F4739,F4671
F8259,F8026
F10713,F10646
F12245,F12221
F10174,F10096
F17970,F17873
F8503,F8461
F7899,F7828
F2856,F2514
F3249,F3103
F3681,F3618
F2883,F2859
F15688,F15422
F15013,F14971
F8802,F8771
F4691,F4568
F8263,F7950
F13443,F13101
F9312,F9188
F14912,F14805
F14076,F13890
F4913,F4892
F11279,F10989
F3018,F2929
F5999,F5628
F10282,F10032
F4141,F3839
F17085,F16884
F15988,F15655
F17312,F17286
F3841,F3471
F5670,F5655
F10158,F9871
F10351,F10253
F16087,F15987
F3699,F3649
F9473,F9293
F13991,F13824
F14663,F14336
F11073,F10899
F14949,F14802
F16812,F16490
F15126,F15120
F13364,F13204
F13048,F12845
F13559,F13246
F2953,F2662
F13240,F13079
F16777,F16421
F14554,F14209
F5034,F4970
F6086,F5985
F14343,F13959
F16738,F16623
F11472,F11464
F5666,F5326
F9870,F9787
F5299,F5079
F5432,F5051
F14947,F14807
F6030,F5969
F4814,F4542
F9873,F9859
F15147,F15106
F15111,F14939
F13033,F12787
F8790,F8410
F8682,F8341
F15009,F14740
F14009,F13845
F8947,F8584
F10080,F9885
F4966,F4912
F11057,F10676
F16310,F16189
F13024,F12949
F2758,F2537
F10329,F10181
F8810,F8756
F4577,F4229
F17912,F17650
F6599,F6312
F14634,F14520
F9360,F9220
F16795,F16417
F10458,F10288
F10464,F10237
F10313,F10176
F15278,F15238
F3571,F3435
F8072,F7683
F6778,F6545
F6788,F6739
F12967,F12567
F3791,F3412
F4986,F4874
F12341,F12123
F3137,F2861
F12171,F11929
F6955,F6709
F5315,F5155
F9897,F9896
F11792,F11500
F14162,F14144
F13188,F13110
F15322,F15262
F16498,F16375
F8808,F8468
F16190,F16057
F13399,F13129
F13557,F13344
F16483,F16094
F16589,F16538
F5388,F5042
F10859,F10531
F14506,F14131
F9081,F8733
F9594,F9266
F11652,F11346
F8080,F7691
F17053,F16923
F6443,F6227
F8028,F7883
F5743,F5352
F17272,F17184
F15371,F15294
F16467,F16291
F13175,F13172
F10248,F10166
F6087,F5888
F10366,F10203
F12005,F11737
F15438,F15138
F6690,F6297
F5974,F5582
F3126,F2952
F17064,F16872
F12439,F12124
F3409,F3219
F13210,F13086
F7928,F7915
F13740,F13428
F3476,F3288
F9324,F9173
F10359,F10002
F13065,F13039
F14612,F14570
F12305,F12051
F12446,F12283
F10514,F10222
F5783,F5681
F16118,F15742
F8356,F8230
F16359,F16130
F11578,F11310
F3837,F3813
F8309,F7944
F9963,F9821
F8146,F8061
F9805,F9461
F17497,F17219
F16291,F16076
F8578,F8565
F16896,F16621
F14263,F13915
F8831,F8574
F6086,F5735
F11356,F11202
F13799,F13756
F8801,F8401
F12239,F12030
F3052,F2803
F9208,F9105
F8472,F8104
F8482,F8161
F4031,F3715
F8791,F8760
F14215,F14213
F7606,F7490
F6673,F6597
F5296,F4900
F11124,F10812
F10035,F9932
F12322,F12192
F12258,F12149
F3461,F3429
F16349,F16308
F9581,F9350
F6837,F6586
F7223,F7068
F4484,F4326
F9415,F9360
F6088,F5688
F4993,F4650
F9362,F9314
F7412,F7261
F11066,F10749
F16416,F16353
F2781,F2690
F4566,F4366
F4636,F4466
F13593,F13275
F11594,F11545
F14044,F14038
F6616,F6358
F4883,F4775
F14595,F14412
F16195,F15933
F13726,F13369
F8197,F8021
F5200,F5186
F12118,F11798
F7271,F7009
F12267,F11970
F7243,F7129
F14997,F14978
F3155,F3088
F3688,F3309
F16907,F16562
F6998,F6886
F13978,F13662
F11966,F11886
F17000,F16863
F8528,F8495
F9500,F9330
F5732,F5654
F15095,F14725
F13265,F13263
F8060,F8004
F8064,F7717
F5125,F4745
F16702,F16595
F8023,F7892
F9481,F9265
F16903,F16708
F7387,F7135
F14138,F14125
F10199,F9866
F2881,F2509
F16341,F16226
F11288,F10992
F9533,F9300
F6091,F5742
F17369,F17006
F8274,F7896
F9609,F9577
F16320,F16186
F2889,F2863
F11178,F11091
F3194,F2849
F10662,F10586
F6484,F6295
F13685,F13674
F6452,F6242
F9658,F9555
F17451,F17259
F15582,F15470
F16698,F16337
F5889,F5800
F11631,F11442
F11803,F11496
F2770,F2430
F11010,F10881
F11157,F11054
F9657,F9443
F3119,F2881
F10700,F10413
F3486,F3237
F3816,F3656
F8407,F8194
F8384,F8095
F12986,F12764
F7298,F7141
F17581,F17194
F16053,F15945
F8583,F8450
F16080,F15817
F10618,F10527
F8711,F8450
F11435,F11072
F16334,F16070
F8964,F8928
F7039,F6830
F11235,F11196
F6441,F6428
F3335,F3081
F14674,F14562
F14891,F14515
F8405,F8245
F13158,F12962
F15516,F15385
F3696,F3568
F7895,F7675
F15839,F15815
F3478,F3144
F4606,F4561
F9200,F8916
F15143,F14902
F13201,F12857
F17620,F17402
F3690,F3314
F11120,F11023
F12971,F12727
F16862,F16542
F6836,F6475
F9751,F9431
F7768,F7429
F11186,F11115
F8514,F8452
F15189,F15092
F11228,F11050
F6507,F6339
F9784,F9528
F17487,F17410
F14772,F14621
F17335,F17280
F14883,F14797
F8065,F7752
F17492,F17341
F9309,F8982
F3900,F3592
F4797,F4673
F15628,F15334
F9185,F8856
F4563,F4515
F11334,F11068
F3515,F3159
F6888,F6558
F13456,F13337
F13754,F13558
F12895,F12811
F4266,F3932
F6800,F6677
F10622,F10604
F12921,F12579
F15769,F15751
F7047,F6757
F7989,F7704
F10543,F10199
F11321,F11049
F5751,F5464
F10427,F10291
F11721,F11333
F9655,F9352
F7890,F7758
F13341,F13103
F17997,F17626
F17179,F17025
F9522,F9245
F12570,F12547
F16670,F16483
F12688,F12510
F5647,F5412
F14862,F14797
F12612,F12417
F12876,F12635
F15107,F14969
F17389,F17344
F4739,F4485
F14889,F14601
F10418,F10386
F16081,F16056
F17264,F16880
F4441,F4434
F16089,F15911
F8436,F8407
F5896,F5695
F3189,F2915
F8282,F8197
F4154,F3907
F15424,F15312
F15235,F14877
F9084,F9081
F10287,F10042
F10771,F10624
F13406,F13344
F6155,F5893
F14103,F13770
F17796,F17737
F12316,F12198
F7026,F6792
F8013,F7929
F11159,F10817
F5664,F5371
F17808,F17695
F3311,F3087
F9355,F9040
F4718,F4654
F7418,F7104
F5945,F5657
F7490,F7458
F4350,F3963
F6459,F6366
F12860,F12720
F4862,F4622
F15170,F14841
F9548,F9187
F2728,F2658
F5099,F4824
F8498,F8248
F9865,F9567
F11270,F11090
F3184,F2831
F10356,F10174
F9428,F9236
F13556,F13542
F15983,F15949
F5204,F4888
F5638,F5310
F6256,F5959
F5465,F5269
F12126,F12067
F5263,F5057
F5140,F4949
F13434,F13218
F3146,F3124
F14454,F14328
F5135,F5065
F13449,F13264
F5152,F4981
F7528,F7474
F15342,F15087
F15836,F15497
F14196,F13988
F4762,F4651
F13393,F13137
F5971,F5815
F9781,F9478
F5323,F5031
F17968,F17623
F4097,F4089
F9727,F9696
F12904,F12787
F11453,F11115
F12576,F12374
F8673,F8655
F6589,F6207
F10643,F10637
F7228,F7137
F10989,F10866
F12373,F12192
F12922,F12791
F8870,F8766
F13965,F13915
F3947,F3854
F13161,F13121
F5203,F4875
F12336,F12004
F16664,F16327
F16492,F16213
F10705,F10337
F17611,F17493
F17513,F17114
F16050,F15814
F14341,F14056
F10803,F10474
F17753,F17710
F9483,F9240
F10607,F10525
F7953,F7727
F8295,F8204
F9098,F8918
F8496,F8256
F9562,F9251
F9350,F9094
F9083,F8827
F7198,F7065
F9625,F9555
F4912,F4643
F17820,F17660
F15347,F15067
F16137,F15788
F16844,F16464
F8245,F8024
F12407,F12131
F5581,F5443
F17722,F17442
F9605,F9220
F7747,F7645
F9073,F8812
F6621,F6357
F5497,F5385
F12891,F12870
F10679,F10547
F15873,F15533
F14057,F14049
F5382,F5317
F17186,F17103
F16757,F16734
F9901,F9730
F13906,F13693
F3402,F3318
F5368,F5026
F10675,F10605
F15190,F14973
F2943,F2911
F17923,F17900
F3223,F3096
F7772,F7518
F15867,F15700
F16098,F15822
F8748,F8542
F4575,F4414
F10261,F9890
F5755,F5495
F12634,F12557
F3393,F3172
F6059,F5774
F8904,F8744
F8874,F8566
F8415,F8235
F10952,F10759
F10214,F9930
F17789,F17675
F5742,F5596
F17622,F17498
F7803,F7540
F9654,F9636
F12092,F12091
F14745,F14415
F13366,F13087
F11826,F11584
F11078,F10862
F13409,F13104
F15865,F15811
F5583,F5392
F13389,F13176
F17987,F17801
F4165,F3825
F16611,F16521
F7674,F7324
F13027,F12696
F15325,F15145
F11542,F11142
F6814,F6668
F16315,F16199
F10182,F9970
F4873,F4502
F8906,F8640
F9020,F8827
F17666,F17269
F9897,F9863
F17580,F17243
F15979,F15834
F17816,F17620
F8863,F8673
F14189,F13862
F8312,F8127
F3569,F3315
F5773,F5427
F13878,F13628
F15980,F15643
F5034,F4798
F15500,F15189
F11529,F11498
F9236,F8945
F8035,F7650
F12739,F12723
F3870,F3689
F10333,F10093
F7118,F7092
F15883,F15802
F8712,F8602
F13471,F13333
F6762,F6627
F13765,F13475
F9682,F9528
F4373,F4334
F10803,F10558
F11783,F11608
F7117,F7006
F14388,F14162
F3242,F3031
F8667,F8562
F5829,F5559
F17747,F17503
F2791,F2643
F17436,F17158
F6802,F6574
F9299,F9078
F7326,F7042
F11860,F11644
F11878,F11851
F8339,F8106
F2754,F2399
F14408,F14340
F17551,F17445
F15753,F15430
F6199,F5893
F10997,F10971
F7397,F7394
F16671,F16433
F9686,F9603
F11422,F11318
F4073,F3699
F13336,F13210
F7507,F7118
F10568,F10275
F13290,F13047
F13706,F13568
F6189,F5979
F17717,F17690
F12828,F12759
F16218,F15847
F8277,F8157
F4105,F3986
F7055,F7030
F9197,F8951
F14234,F14108
F11926,F11609
F14664,F14444
F4421,F4212
F8914,F8661
F6016,F5774
F4757,F4717
F9974,F9842
F12733,F12682
F6357,F6224
F17806,F17635
F8061,F7706
F5172,F4922
F14177,F13981
F10724,F10397
F17494,F17403
F2911,F2854
F10830,F10696
F16693,F16337
F7924,F7547
F16479,F16230
F6039,F5788
F9958,F9628
F6123,F5770
F13904,F13579
F15212,F15069
F7963,F7890
F17800,F17495
F12235,F11989
F16050,F15742
F9122,F8931
F12700,F12658
F4620,F4419
F16159,F16142
F5250,F4950
F13272,F13142
F5846,F5527
F3345,F3087
F2713,F2574
F9835,F9783
F8306,F8149
F16392,F16233
F8446,F8124
F4971,F4765
F8567,F8181
F5315,F5276
F7217,F7195
F4486,F4370
F9031,F8780
F11997,F11630
F13917,F13827
F15846,F15493
F14228,F14133
F8855,F8811
F4803,F4588
F3331,F2993
F9497,F9488
F9940,F9898
F15723,F15426
F4109,F4056
F17222,F17121
F14107,F14019
F14227,F14120
F5361,F5208
F10776,F10412
F11181,F10941
F12326,F12147
F5662,F5445
F16030,F15795
F14429,F14197
F7012,F6662
F11505,F11255
F14004,F13715
F4199,F4170
F4833,F4744
F13458,F13431
F7100,F6844
F10684,F10530
F11456,F11402
F11795,F11578
F16558,F16222
F9195,F8857
F15738,F15617
F4261,F4027
F2798,F2774
F16574,F16198
F14702,F14348
F11940,F11656
F5456,F5255
F9189,F8799
F6641,F6483
F15261,F15013
F13376,F13344
F14574,F14178
F16262,F15892
F5856,F5687
F14982,F14725
F4108,F3847
F5587,F5440
F5014,F4787
F7124,F6948
F16656,F16489
F10882,F10772
F12270,F11877
F13620,F13402
F2877,F2522
F8350,F8319
F10699,F10673
F10896,F10604
F7489,F7290
F4572,F4420
F16887,F16587
F4317,F4226
F11644,F11344
F15772,F15633
F7773,F7718
F8618,F8295
F10286,F10051
F12221,F12123
F16664,F16469
F11536,F11530
F14896,F14810
F4120,F3981
F11070,F10705
F4339,F4206
F17488,F17424
F10260,F9962
F6819,F6471
F5440,F5132
F8992,F8624
F5738,F5644
F16683,F16669
F8319,F8213
F11909,F11513
F16909,F16827
F7731,F7681
F14755,F14432
F12034,F11724
F10182,F10162
F3450,F3067
F5266,F4870
F4367,F4213
F17303,F17125
F12178,F11919
F5610,F5344
F14761,F14557
F17693,F17487
F9480,F9310
F4843,F4558
F3775,F3708
F17978,F17580
F11455,F11445
F17954,F17687
F6480,F6243
F9334,F9065
F4023,F3941
F15244,F14865
F13276,F12907
F6729,F6550
F3817,F3774
F17104,F16864
F6378,F6368
F12137,F12007
F10935,F10794
F10919,F10795
F13306,F12975
F14874,F14747
F13237,F12849
F16469,F16366
F7987,F7691
F12098,F11998
F3527,F3309
F4480,F4309
F8661,F8644
F4800,F4506
F8296,F8016
F16758,F16704
F12256,F12222
F12263,F12184
F13142,F12766
F15610,F15365
F11984,F11940
F9303,F9051
F5524,F5511
F3253,F3128
F13592,F13233
F7994,F7941
F6669,F6386
F6114,F5927
F17585,F17216
F9163,F8988
F3389,F3355
F11744,F11388
F14877,F14500
F14890,F14491
F14905,F14646
F9290,F8937
F14062,F13931
F10426,F10114
F9001,F8895
F12763,F12759
F10609,F10421
F3987,F3879
F2872,F2480
F12944,F12568
F8505,F8270
F13790,F13504
F4257,F4217
F15574,F15209
F15879,F15577
F9352,F9073
F3193,F2936
F11604,F11521
F17857,F17551
F7640,F7437
F9233,F9213
F6889,F6778
F17964,F17645
F10619,F10525
F7373,F7072
F12074,F12020
F9494,F9401
F15973,F15887
F5260,F5007
F17357,F17083
F6705,F6509
F4258,F4101
F12078,F11700
F15014,F14648
F13407,F13233
F17442,F17416
F11250,F11223
F11723,F11532
F2927,F2625
F7565,F7396
F10799,F10723
F11767,F11540
F15481,F15321
F15773,F15414
F15957,F15617
F6616,F6242
F5422,F5139
F10737,F10675
F13926,F13562
F17815,F17762
F3838,F3784
F8031,F7922
F12467,F12198
F5184,F4896
F14852,F14582
F6871,F6677
F10157,F10064
F7581,F7240
F8718,F8633
F8902,F8860
F11961,F11782
F4755,F4506
F13436,F13039
F13142,F13003
F10566,F10398
F9388,F9316
F15069,F14963
F17243,F16961
F10940,F10909
F3466,F3271
F6319,F6242
F6942,F6871
F9449,F9263
F14262,F14000
F8209,F8033
F14296,F14082
F7287,F7218
F5217,F5000
F10509,F10132
F11188,F10897
F11945,F11564
F15213,F15053
F15649,F15486
F9421,F9369
F17457,F17372
F7331,F7066
F9743,F9740
F8009,F7754
F12785,F12733
F14459,F14067
F14868,F14656
F6231,F6152
F13375,F13353
F7835,F7676
F5960,F5765
F5872,F5570
F7755,F7664
F16606,F16522
F11328,F11083
F14143,F13952
F9731,F9397
F15877,F15779
F13016,F12722
F3877,F3486
F11857,F11788
F12959,F12848
F17086,F16862
F11262,F11143
F8400,F8216
F17496,F17242
F16540,F16308
F5486,F5311
F12273,F12154
F16882,F16693
F11178,F11175
F4934,F4657
F10789,F10658
F13788,F13754
F4290,F4046
F9181,F9074
F3197,F3138
F14560,F14463
F15642,F15519
F12703,F12525
F4367,F3972
F10080,F10069
F12857,F12816
F13997,F13945
F17164,F16786
F7246,F7118
F14139,F14079
F12736,F12682
F13544,F13303
F7876,F7675
F12422,F12383
F14088,F13950
F11324,F11234
F15547,F15377
F7043,F7016
F10526,F10151
F16146,F15853
F3265,F3061
F8894,F8591
F13663,F13596
F13825,F13748
F15817,F15767
F2922,F2787
F16043,F15715
F8634,F8283
F11983,F11889
F14838,F14499
F6882,F6541
F13956,F13673
F13524,F13291
F13402,F13152
F7550,F7348
F3729,F3552
F13461,F13161
F12555,F12435
F8778,F8634
F13918,F13518
F4088,F3688
F4902,F4660
F3454,F3123
F16930,F16742
F9657,F9561
F5241,F4959
F4465,F4107
F9290,F8912
F14595,F14328
F14461,F14260
F4709,F4371
F13010,F12690
F8511,F8224
F14919,F14897
F13066,F13055
F15414,F15200
F6805,F6676
F16731,F16384
F17956,F17640
F12719,F12458
F8449,F8211
F16218,F16144
F15730,F15540
F7735,F7684
F9232,F8891
F13559,F13390
F6194,F5941
F12141,F12048
F3157,F3084
F12633,F12454
F5709,F5450
F9806,F9570
F14737,F14394
F6546,F6466
F9104,F8925
F9441,F9440
F17487,F17454
F17939,F17626
F16176,F15915
F8902,F8644
F7480,F7360
F9168,F8796
F12353,F12047
F17305,F17050
F5377,F5368
F10032,F9686
F14242,F13890
F4796,F4399
F16633,F16291
F8376,F8214
F6405,F6147
F8738,F8530
F17862,F17740
F11534,F11292
F14650,F14528
F5575,F5361
F5206,F5166
F12233,F12189
F15043,F14657
F16629,F16560
F14851,F14721
F11099,F10889
F4316,F4018
F15159,F14781
F3755,F3559
F10384,F10182
F4245,F3980
F13634,F13487
F5639,F5262
F7965,F7685
F11331,F10939
F16394,F16097
F12037,F11836
F10847,F10649
F11611,F11550
F3915,F3852
F6221,F5834
F11664,F11420
F10648,F10526
F3174,F3172
F12168,F11995
F15396,F15052
F8509,F8336
F10478,F10189
F15308,F15201
F10977,F10822
F11086,F10979
F9907,F9840
F15392,F15279
F8791,F8673
F5592,F5357
F13457,F13125
F3872,F3740
F9587,F9381
F6675,F6509
F16217,F15920
F3072,F2819
F3703,F3626
F3759,F3746
F5322,F5177
F3071,F2679
F7885,F7561
F13599,F13367
F7314,F7255
F8130,F8095
F6476,F6319
F11683,F11479
F11881,F11620
F14107,F13843
F7734,F7525
F16635,F16242
F10450,F10378
F3787,F3632
F13889,F13859
F8537,F8176
F11151,F10835
F15253,F15221
F3149,F2988
F10987,F10738
F16169,F15986
F16211,F16097
F11630,F11566
F5277,F5113
F5472,F5317
F11404,F11177
F11584,F11215
F10684,F10390
F16681,F16499
F4077,F3970
F9492,F9134
F4119,F4113
F15904,F15768
F9973,F9705
F6636,F6529
F15381,F15311
F5117,F5025
F15001,F14829
F9996,F9609
F15633,F15408
F9645,F9410
F6997,F6638
F7096,F6735
F3701,F3370
F8603,F8210
F5193,F4862
F9478,F9263
F15046,F14756
F8398,F8151
F13183,F12873
F9233,F9161
F5181,F4782
F6259,F5946
F10259,F10064
F10044,F10000
F12284,F11964
F12082,F11815
F11855,F11614
F6870,F6704
F3089,F2791
F16319,F16090
F15583,F15548
F10362,F10220
F4270,F3986
F14105,F13922
F2758,F2408
F16027,F15807
F12933,F12578
F8433,F8382
F3120,F3041
F2701,F2661
F10142,F10031
F7794,F7411
F4748,F4565
F9281,F9188
F9365,F9224
F3666,F3300
F16672,F16640
F6451,F6308
F17644,F17421
F6420,F6230
F8247,F8066
F10320,F10068
F7948,F7690
F15321,F15093
F16977,F16648
F4535,F4393
F17692,F17356
F10123,F9840
F7440,F7366
F8037,F7842
F10636,F10374
F7663,F7513
F8672,F8622
F13998,F13933
F14100,F13930
F13744,F13453
F7101,F7030
F11543,F11236
F6788,F6538
F10152,F9976
F6727,F6407
F4995,F4708
F10487,F10178
F12007,F11809
F17283,F17133
F7153,F6913
F14039,F13957
F7969,F7581
F12345,F12300
F16841,F16730
F7026,F6800
F7430,F7235
F3678,F3364
F4274,F4042
F2734,F2653
F3222,F2925
F3224,F2885
F8663,F8654
F6714,F6489
F2850,F2741
F16113,F16072
F7921,F7827
F14370,F14068
F4891,F4814
F11260,F10887
F3135,F2983
F12096,F11873
F12176,F12175
F5319,F5020
F3302,F3234
F17931,F17642
F16549,F16158
F14387,F14303
F15044,F14768
F15935,F15738
F5210,F5195
F11193,F11061
F17026,F17022
F15220,F15076
F7810,F7805
F12846,F12712
F14385,F14235
F3142,F2866
F15113,F14828
F14518,F14374
F12825,F12538
F16922,F16712
F15559,F15522
F7213,F6992
F15521,F15183
F8541,F8282
F15399,F15315
F7130,F7062
F15459,F15232
F7525,F7415
F12718,F12584
F6705,F6619
F14283,F14216
F10786,F10755
F9862,F9790
F4437,F4232
F12439,F12251
F17292,F17271
F7553,F7398
F14236,F13847
F17526,F17308
F10442,F10277
F7901,F7553
F11486,F11401
F7837,F7610
F13914,F13898
F16769,F16378
F14562,F14237
F12825,F12686
F2757,F2525
F14690,F14582
F16334,F15994
F17713,F17313
F3400,F3127
F6643,F6354
F12490,F12216
F13706,F13675
F4197,F3992
F9758,F9597
F15105,F15035
F12259,F12001
F6359,F6124
F14340,F14015
F13167,F13113
F11615,F11370
F17343,F16977
F5997,F5627
F11020,F10992
F5799,F5681
F6735,F6480
F16402,F16301
F10396,F9998
F7388,F7333
F2969,F2770
F14280,F14184
F6476,F6246
F15700,F15434
F14836,F14686
F10923,F10573
F13967,F13731
F5865,F5770
F16511,F16472
F2834,F2636
F11820,F11487
F12298,F11934
F10137,F9974
F10820,F10566
F15137,F15043
F16625,F16275
F3404,F3136
F16983,F16794
F5717,F5369
F17742,F17713
F13212,F13039
F3501,F3481
F13625,F13299
F12779,F12621
F4827,F4453
F11846,F11773
F11574,F11310
F13737,F13703
F8700,F8443
F16091,F15769
F14420,F14154
F10224,F10062
F9340,F9034
F14137,F13775
F6732,F6710
F13126,F12920
F3796,F3501
F5447,F5324
F7109,F6979
F13264,F13007
F6537,F6170
F10301,F9949
F10724,F10358
F12498,F12103
F14939,F14873
F10271,F9923
F8466,F8229
F11481,F11418
F6742,F6429
F12202,F12161
F4848,F4666
F8243,F8206
F6815,F6608
F14897,F14610
F12333,F12033
F8865,F8613
F4427,F4109
F9610,F9391
F14155,F13804
F4758,F4740
F10020,F9838
F17031,F16671
F13614,F13581
F7148,F6920
F11590,F11316
F9760,F9701
F9889,F9792
F8632,F8416
F14446,F14172
F4759,F4441
F7296,F6954
F11635,F11251
F11038,F10896
F17546,F17358
F14576,F14226
F13436,F13385
F14857,F14650
F17478,F17453
F4481,F4093
F7200,F6875
F8781,F8440
F13274,F12990
F16856,F16554
F3916,F3633
F5722,F5423
F11599,F11301
F14149,F14013
F17421,F17165
F5938,F5722
F10458,F10199
F17667,F17452
F17591,F17210
F13166,F12832
F8168,F7808
F9112,F9109
F9772,F9766
F7733,F7398
F6601,F6316
F9750,F9487
F14487,F14375
F9795,F9646
F12661,F12537
F4728,F4369
F13648,F13310
F7494,F7228
F3392,F3199
F6375,F6229
F16924,F16698
F4010,F3978
F17261,F17065
F6310,F5970
F8346,F8298
F8923,F8750
F11151,F10995
F5276,F5196
F9666,F9631
F2939,F2544
F13974,F13883
F11243,F11160
F12020,F11847
F5825,F5579
F17590,F17537
F16669,F16361
F9348,F8985
F11039,F10888
F3940,F3889
F11435,F11321
F15420,F15238
F15283,F14949
F8289,F8244
F15015,F14658
F10234,F10091
F5556,F5406
F2790,F2522
F6371,F6112
F16645,F16312
F11220,F11000
F10369,F10004
F12142,F11897
F12249,F12085
F3879,F3679
F10557,F10544
F14033,F14016
F7279,F7222
F17612,F17339
F6554,F6389
F12292,F11911
F16374,F16321
F5742,F5497
F5604,F5281
F8094,F7865
F16842,F16445
F14092,F13701
F5303,F5240
F16406,F16297
F3433,F3158
F8077,F7925
F8128,F8018
F12901,F12808
F16967,F16720
F3082,F2948
F4792,F4517
F14618,F14581
F5814,F5500
F13352,F13096
F10834,F10506
F3919,F3689
F4424,F4040
F16694,F16650
F5905,F5630
F14829,F14732
F8032,F7935
F11075,F10897
F15311,F15280
F4500,F4235
F12351,F12026
F13487,F13439
F14675,F14398
F4750,F4456
F4713,F4359
F2810,F2677
F10106,F9786
F7303,F7280
F11294,F10959
F14717,F14673
F12944,F12720
F3843,F3697
F11297,F11005
F11276,F11122
F16511,F16346
F15631,F15294
F8616,F8600
F3277,F3142
F16166,F15824
F6850,F6689
F17183,F17050
F16030,F15653
F3638,F3550
F3687,F3291
F3257,F2859
F12937,F12600
F4051,F3836
F14165,F14027
F16209,F16065
F10611,F10487
F3214,F2916
F13472,F13099
F10142,F9875
F10462,F10439
F15989,F15597
F17090,F16867
F13722,F13488
F9339,F9056
F3168,F2854
F2748,F2657
F10143,F9748
F10165,F10066
F3199,F2995
F16668,F16533
F15667,F15416
F4318,F4027
F6176,F5901
F7330,F7320
F11476,F11298
F13561,F13284
F12944,F12752
F10522,F10144
F16901,F16595
F4374,F4372
F17739,F17567
F8475,F8422
F5481,F5231
F3433,F3374
F4764,F4632
F15903,F15519
F8302,F7984
F10877,F10603
F3432,F3046
F10509,F10406
F11202,F11105
F7582,F7555
F16518,F16505
F7891,F7725
F14881,F14849
F15268,F14892
F14586,F14379
F17233,F16890
F6170,F5818
F3325,F3254
F5829,F5488
F4062,F3784
F6593,F6340
F16290,F16138
F9493,F9446
F13717,F13604
F16280,F15962
F12067,F11881
F9631,F9290
F11581,F11220
F16393,F16118
F3892,F3783
F9972,F9689
F13216,F12992
F12214,F12113
F6935,F6743
F6846,F6821
F5321,F5051
F14615,F14585
F4359,F4130
F17737,F17681
F15187,F15061
F9956,F9716
F6850,F6604
F14293,F14180
F16634,F16339
F14424,F14301
F11298,F11068
F12919,F12665
F15679,F15301
F9263,F8900
F3881,F3755
F16244,F15882
F17458,F17303
F5586,F5228
F2928,F2566
F17568,F17438
F10363,F10152
F17722,F17340
F4880,F4599
F7630,F7325
F17356,F17227
F9132,F9041
F8517,F8468
F2737,F2505
F17699,F17361
F7732,F7569
F11550,F11264
F4736,F4363
F11087,F10915
F8388,F8257
F7443,F7410
F10426,F10413
F6868,F6829
F4467,F4373
F5010,F4716
F5904,F5568
F11463,F11222
F7261,F7078
F5114,F4780
F13666,F13286
F14768,F14603
F9826,F9632
F6545,F6512
F12544,F12540
F3202,F3201
F6637,F6247
F9397,F9198
F12621,F12515
F6877,F6554
F15603,F15572
F11335,F11260
F15684,F15350
F8800,F8457
F5008,F4635
F12740,F12643
F13128,F12788
F13739,F13531
F16526,F16231
F9563,F9262
F3322,F3154
F8001,F7720
F11528,F11278
F9283,F9207
F11473,F11157
F4752,F4421
F6963,F6866
F7839,F7790
F17658,F17424
F17626,F17485
F13408,F13269
F10932,F10845
F7295,F7007
F5907,F5805
F8288,F8121
F10128,F9819
F13243,F13046
F14127,F13978
F4720,F4594
F6505,F6350
F15177,F14800
F5697,F5543
F10192,F10162
F12913,F12910
F11514,F11331
F17774,F17396
F13446,F13113
F9588,F9352
F8613,F8424
F17118,F16747
F3248,F3117
F8908,F8722
F16977,F16673
F10959,F10697
F5231,F4908
F11851,F11676
F17863,F17828
F3796,F3707
F14353,F14312
F15525,F15318
F12287,F12266
F3911,F3850
F12268,F12060
F6182,F6052
F8945,F8872
F7492,F7287
F17999,F17868
F7322,F7076
F17006,F16954
F15625,F15492
F6965,F6675
F14955,F14712
F10089,F9765
F11643,F11332
F13727,F13327
F7192,F6869
F6632,F6627
F12964,F12754
F8265,F8013
F7805,F7471
F16419,F16058
F10166,F9786
F3463,F3097
F10772,F10635
F6988,F6598
F6184,F5864
F9128,F8893
F15195,F14852
F6652,F6390
F12941,F12725
F16838,F16772
F13122,F12864
F15996,F15746
F16382,F16336
F12824,F12671
F6431,F6116
F10338,F10054
F11998,F11725
F3156,F3004
F11961,F11744
F7099,F6895
F12125,F11962
F15405,F15188
F9251,F9027
F12538,F12340
F17808,F17603
F5988,F5787
F9499,F9457
F7502,F7255
F11694,F11344
F14173,F13789
F13985,F13619
F16417,F16312
F6807,F6433
F12726,F12445
F7095,F7084
F10245,F9888
F17590,F17367
F16959,F16661
F9041,F8819
F5444,F5155
F7101,F6763
F4677,F4437
F12973,F12688
F13876,F13644
F5238,F4920
F4412,F4132
F14879,F14492
F12937,F12641
F3319,F3119
F13699,F13641
F11432,F11176
F11616,F11581
F11667,F11516
F16831,F16700
F6706,F6681
F9596,F9313
F4428,F4422
F14627,F14400
F12250,F11862
F2933,F2845
F3502,F3159
F4276,F4219
F5219,F5021
F12618,F12588
F13068,F12832
F15824,F15503
F4722,F4627
F5468,F5451
F14469,F14178
F8348,F8122
F16264,F16026
F3297,F3281
F14694,F14667
F14775,F14500
F13414,F13394
F10558,F10402
F17248,F17044
F15875,F15646
F10449,F10212
F17358,F16980
F9498,F9353
F13151,F13060
F16995,F16658
F13669,F13462
F2785,F2416
F4265,F4072
F7971,F7970
F9276,F9207
F10102,F10022
F7327,F7097
F11324,F10984
F3876,F3679
F7339,F7205
F6503,F6123
F13560,F13437
F14163,F13864
F7939,F7664
F3272,F2995
F5171,F5137
F16251,F15954
F9791,F9425
F12473,F12425
F9728,F9572
F3910,F3863
F7373,F7091
F12943,F12929
F5764,F5717
F8964,F8752
F9055,F8921
F14854,F14839
F8271,F7990
F14304,F14205
F17488,F17194
F16577,F16187
F8423,F8249
F13130,F12878
F8282,F8037
F14929,F14907
F4739,F4600
F9281,F9135
F12993,F12822
F17230,F17111
F16860,F16522
F12646,F12536
F10382,F10225
F7114,F7010
F9988,F9837
F10816,F10559
F13348,F13244
F13913,F13912
F17274,F17226
F3511,F3348
F12864,F12844
F15712,F15551
F7755,F7479
F14187,F14019
F5290,F5023
F17405,F17387
F10236,F9892
F5143,F4755
F17007,F16796
F17225,F17051
F11392,F11249
F16699,F16329
F8574,F8369
F4202,F4020
F9067,F9006
F13227,F13089
F5863,F5643
F9039,F8642
F10574,F10448
F4437,F4060
F16039,F15847
F16578,F16359
F17083,F16861
F6922,F6716
F15161,F15038
F3318,F3062
F10457,F10180
F7056,F6771
F13906,F13519
F8979,F8843
F10867,F10557
F14191,F13923
F16843,F16830
F16525,F16324
F17361,F17264
F4622,F4401
F3868,F3721
F11962,F11896
F3693,F3672
F2800,F2738
F17008,F16725
F6698,F6678
F12551,F12257
F6031,F6022
F5012,F4874
F12132,F11901
F15054,F14966
F16920,F16702
F8655,F8507
F4712,F4668
F16397,F16134
F12219,F11861
F11160,F11017
F6269,F6207
F16342,F16103
F4730,F4715
F6672,F6505
F5929,F5902
F16916,F16810
F11280,F10978
F14028,F13835
F5963,F5694
F13260,F12999
F16171,F16154
F15687,F15360
F14212,F13910
F7772,F7544
F9010,F8835
F10630,F10294
F11150,F10949
F9125,F8745
F4185,F3890
F17767,F17654
F8603,F8418
F6271,F5909
F12482,F12468
F3350,F3164
F12227,F12102
F15672,F15318
F6987,F6946
F8856,F8785
F10133,F9863
F11502,F11149
F7993,F7593
F9709,F9624
F12217,F11899
F17301,F17259
F6560,F6244
F8480,F8335
F7967,F7897
F12515,F12183
F5999,F5784
F12945,F12569
F16320,F16136
F13158,F12820
F7070,F6700
F12468,F12154
F16407,F16019
F16910,F16743
F9772,F9647
F4207,F3989
F17621,F17560
F10881,F10715
F4717,F4613
F14556,F14181
F4841,F4592
F5480,F5163
F15786,F15477
F3557,F3475
F16886,F16726
F16210,F16191
F8278,F8149
F17102,F16864
F9228,F8906
F11377,F11269
F8974,F8675
F2852,F2757
F12230,F11999
F9907,F9863
F16476,F16178
F3654,F3500
F6577,F6307
F16354,F16121
F16515,F16269
F11803,F11432
F5054,F4945
F13550,F13169
F15151,F15040
F5525,F5202
F6450,F6148
F14712,F14352
F10888,F10781
F10654,F10305
F14450,F14105
F5709,F5509
F14326,F14133
F3083,F2704
F15008,F14916
F17207,F16885
F17567,F17476
F13522,F13302
F9157,F8916
F15461,F15065
F11497,F11329
F14585,F14192
F6370,F6092
F15172,F15054
F13622,F13384
F9077,F8727
F15885,F15497
F10144,F9967
F14436,F14202
F5588,F5335
F9447,F9211
F13223,F13131
F3260,F2920
F13177,F12917
F7586,F7451
F11680,F11327
F13561,F13177
F8916,F8751
F9377,F9180
F16732,F16600
F12930,F12773
F9423,F9256
F11094,F10803
F13919,F13903
F13549,F13503
F9175,F9126
F12837,F12831
F16979,F16868
F7431,F7296
F14301,F14127
F14806,F14769
F7350,F7092
F10046,F9967
F3347,F3303
F14206,F14012
F15003,F14700
F13853,F13779
F11453,F11422
F8879,F8694
F14321,F14165
F17534,F17317
F2707,F2353
F5812,F5633
F6703,F6425
F13872,F13590
F17917,F17723
F17793,F17428
F8994,F8901
F15862,F15806
F13045,F12902
F16725,F16574
F12938,F12708
F9771,F9526
F4992,F4684
F10754,F10528
F8185,F7953
F10465,F10340
F8495,F8208
F8517,F8436
F11745,F11706
F4529,F4197
F16289,F16188
F17323,F17010
F17509,F17421
F5610,F5460
F11811,F11444
F11937,F11544
F9659,F9607
F12554,F12342
F9061,F8768
F17935,F17634
F17813,F17671
F5813,F5532
F13029,F12880
F16782,F16580
F17310,F17164
F8507,F8398
F6250,F5941
F16278,F16245
F17456,F17107
F13949,F13894
F5197,F4916
F13465,F13244
F13806,F13510
F10144,F10103
F9410,F9076
F6452,F6434
F7022,F6716
F8486,F8140
F12809,F12711
F11305,F11244
F14081,F13985
F3472,F3155
F4144,F3969
F15039,F14970
F5156,F5153
F4797,F4519
F7512,F7208
F9459,F9345
F15570,F15456
F5601,F5568
F8323,F8287
F10147,F9896
F3810,F3509
F15036,F14708
F12320,F12133
F14866,F14584
F15918,F15877
F10484,F10320
F17012,F16938
F2918,F2746
F16492,F16460
F5922,F5568
F4011,F3731
F5533,F5344
F12141,F11967
F2766,F2500
F17712,F17453
F5692,F5561
F10797,F10430
F9012,F8745
F4147,F3976
F10964,F10694
F12697,F12526
F7725,F7710
F15813,F15433
F3600,F3310
F3578,F3552
F9666,F9657
F10426,F10136
F13994,F13745
F10650,F10505
F6627,F6295
F6423,F6398
F7240,F6977
F8758,F8560
F17456,F17317
F7172,F6857
F10243,F9982
F5452,F5176
F6167,F5860
F8418,F8158
F9592,F9537
F8326,F8009
F10965,F10735
F14954,F14816
F3860,F3513
F16651,F16642
F6708,F6484
F17737,F17552
F8473,F8445
F17505,F17204
F14861,F14645
F6553,F6452
F9255,F8923
F6168,F6135
F12303,F11943
F15106,F15021
F17221,F17034
F6527,F6231
F2742,F2669
F2754,F2483
F6215,F5858
F16928,F16905
F7561,F7510
F17917,F17845
F14496,F14250
F14536,F14261
F10043,F9831
F10992,F10813
F5327,F4987
F15521,F15150
F8048,F7784
F11880,F11848
F2863,F2656
F11373,F11111
F15836,F15535
F12579,F12310
F15460,F15271
F4784,F4451
F15904,F15564
F17281,F17265
F7632,F7546
F14222,F14013
F8071,F7969
F14575,F14559
F9196,F9046
F4184,F4145
F9201,F8861
F9294,F9119
F8242,F8011
F9040,F9027
F12675,F12445
F3976,F3815
F14014,F13829
F16765,F16633
F12569,F12527
F5512,F5482
F15706,F15475
F15973,F15741
F4880,F4695
F7727,F7518
F7438,F7062
F6091,F5744
F13324,F12935
F6200,F6019
F13062,F12681
F2924,F2560
F10865,F10628
F6882,F6490
F10542,F10356
F5783,F5411
F16451,F16151
F2740,F2409
F6352,F6211
F17446,F17070
F9700,F9361
F12548,F12309
F14126,F14010
F12491,F12458
F7819,F7621
F16238,F16162
F9450,F9279
F5047,F4998
F9597,F9224
F15768,F15397
F11686,F11507
F13066,F12930
F3579,F3572
F15364,F15005
F16869,F16616
F6394,F6006
F3553,F3519
F16510,F16333
F17070,F16991
F14401,F14064
F11889,F11820
F17307,F17174
F12123,F11913
F11631,F11466
F4710,F4441
F6795,F6545
F5193,F4978
F13583,F13516
F5743,F5717
F17198,F17054
F15887,F15675
F2762,F2431
F10594,F10375
F7585,F7547
F4257,F3912
F11349,F10972
F2726,F2632
F6892,F6850
F14244,F13888
F4046,F3744
F11101,F10986
F17093,F16940
F12830,F12717
F4549,F4404
F5842,F5604
F8413,F8401
F6600,F6347
F12646,F12592
F12284,F12160
F7532,F7149
F7073,F7055
F14101,F13816
F12674,F12388
F3888,F3883
F14733,F14365
F13921,F13774
F7982,F7884
F11117,F11001
F6826,F6555
F6633,F6491
F13885,F13538
F8264,F8110
F17646,F17485
F8111,F8054
F13273,F13231
F13778,F13398
F3639,F3362
F15538,F15528
F3940,F3569
F8831,F8813
F14582,F14575
F5916,F5729
F8206,F8059
F5694,F5315
F6178,F5879
F17238,F16925
F13615,F13231
F9708,F9664
F8712,F8691
F5814,F5809
F16152,F15809
F13520,F13361
F15802,F15466
F10109,F9737
F6812,F6648
F8981,F8832
F16467,F16433
F13895,F13792
F8695,F8541
F12556,F12475
F13178,F12992
F7374,F7120
F15527,F15481
F6731,F6474
F3914,F3655
F17443,F17309
F8637,F8368
F13050,F12674
F13920,F13587
F6074,F5949
F10590,F10461
F16767,F16542
F13786,F13755
F16058,F15878
F6489,F6194
F9914,F9881
F4702,F4349
F16771,F16541
F17588,F17358
F10090,F10074
F3904,F3710
F8887,F8811
F8316,F7972
F8408,F8355
F11070,F10702
F10729,F10438
F13023,F12844
F11890,F11781
F11006,F10670
F12146,F11882
F5652,F5456
F16494,F16370
F15198,F14844
F13487,F13377
F11214,F11213
F12414,F12041
F11190,F11177
F3329,F3327
F15480,F15277
F9267,F9251
F15371,F15163
F15748,F15672
F4161,F3981
F11602,F11282
F11827,F11688
F4948,F4712
F15587,F15472
F8997,F8712
F11356,F11179
F15276,F14942
F2730,F2428
F8511,F8168
F9750,F9549
F15838,F15735
F9401,F9374
F5394,F5052
F11294,F11283
F8063,F8026
F5990,F5671
F11884,F11874
F9359,F9152
F17620,F17548
F11753,F11536
F5660,F5605
F6541,F6381
F9109,F9096
F17106,F16730
F6799,F6401
F12382,F12205
F15741,F15725
F17418,F17058
F12144,F11919
F2769,F2703
F4104,F4052
F6496,F6314
F16372,F16140
F17240,F17019
F14119,F13720
F14405,F14103
F6876,F6740
F13056,F12780
F4228,F3938
F14413,F14342
F5452,F5124
F10093,F9848
F15317,F14944
F6724,F6399
F2711,F2539
F15097,F14761
F5890,F5818
F14793,F14743
F11258,F10869
F3402,F3353
F15250,F14907
F9578,F9246
F14553,F14200
F15415,F15116
F17691,F17398
F3039,F2903
F12209,F11973
F8412,F8326
F16124,F16014
F6149,F6032
F11253,F10941
F5179,F4881
F9676,F9596
F12525,F12268
F6092,F5759
F12578,F12340
F14659,F14635
F6902,F6702
F9796,F9454
F14717,F14651
F13103,F12996
F13527,F13280
F9316,F8976
F7403,F7350
F2815,F2450
F15742,F15357
F8937,F8652
F4409,F4183
F4311,F4295
F17023,F16974
F3061,F2777
F12670,F12381
F11240,F10901
F10918,F10753
F11083,F11075
F15720,F15703
F16412,F16101
F16648,F16513
F4482,F4153
F15954,F15715
F16571,F16489
F7565,F7552
F13141,F13117
F14202,F13996
F13899,F13705
F7560,F7492
F4799,F4737
F9213,F8893
F15865,F15605
F5369,F5205
F15117,F14892
F5865,F5556
F7694,F7507
F3303,F3280
F13989,F13931
F2895,F2697
F4864,F4814
F14379,F14208
F7797,F7558
F7968,F7616
F4105,F3914
F10394,F10328
F4510,F4348
F11810,F11458
F11419,F11078
F16674,F16482
F17540,F17176
F4251,F4113
F14406,F14245
F6080,F6028
F4816,F4779
F8345,F8016
F4119,F3937
F6336,F6231
F16139,F15996
F17212,F16962
F9334,F8985
F17708,F17672
F13780,F13636
F6638,F6337
F15940,F15675
F16558,F16163
F16990,F16876
F6209,F6184
F3913,F3833
F10572,F10404
F16612,F16467
F12656,F12386
F16298,F15949
F5299,F5202
F6343,F6033
F8704,F8477
F17454,F17101
F11466,F11375
F5809,F5677
F10934,F10844
F9920,F9594
F10732,F10686
F4861,F4594
F15926,F15854
F4171,F4030
F4376,F4007
F13553,F13406
F12212,F11847
F11787,F11565
F13385,F13186
F14041,F13863
F7001,F6974
F9901,F9713
F13917,F13812
F14389,F14083
F11637,F11254
F5512,F5337
F9021,F8668
F6703,F6314
F12475,F12248
F16510,F16185
F11756,F11710
F4957,F4788
F5567,F5419
F6466,F6080
F12563,F12175
F17233,F16970
F3327,F3215
F16304,F16076
F8483,F8156
F9748,F9593
F16070,F15811
F11829,F11733
F5427,F5223
F14089,F14030
F16695,F16452
F12991,F12702
F16383,F16200
F4114,F3841
F15585,F15541
F6830,F6430
F10309,F10305
F10939,F10623
F15511,F15342
F15987,F15615
F4479,F4427
F5854,F5790
F11678,F11321
F10658,F10619
F5627,F5552
F13204,F13093
F2777,F2714
F10876,F10749
F11878,F11493
F7625,F7406
F15907,F15614
F9387,F9324
F6717,F6539
F7954,F7778
F17115,F16931
F4785,F4755
F15674,F15461
F10816,F10727
F6732,F6644
F13209,F12841
F3417,F3035
F4470,F4251
F5408,F5224
F7094,F6934
F7247,F7154
F10380,F10323
F8399,F8336
F14811,F14490
F16254,F16210
F11251,F11243
F7082,F6923
F9965,F9901
F12520,F12204
F16898,F16798
F11934,F11641
F15080,F14753
F6377,F6154
F3926,F3902
F16918,F16813
F8988,F8874
F12050,F11808
F11905,F11540
F15555,F15337
F6483,F6103
F13101,F13020
F14912,F14724
F9879,F9723
F13005,F12995
F15738,F15516
F9565,F9280
F10982,F10868
F7955,F7843
F13576,F13348
F9835,F9662
F5086,F4784
F9390,F9057
F13797,F13688
F6693,F6467
F10893,F10781
F11698,F11338
F2894,F2848
F4287,F4061
F14150,F13899
F15424,F15143
F13520,F13160
F15622,F15423
F12069,F12066
F17303,F17112
F16666,F16608
F17520,F17210
F7618,F7486
F6371,F6019
F7415,F7201
F9755,F9520
F3768,F3681
F13072,F12944
F6322,F6224
F15595,F15364
F15062,F14703
F5921,F5547
F14748,F14675
F3201,F2918
F5136,F4993
F5602,F5399
F17523,F17517
F8406,F8046
F14035,F13952
F12714,F12662
F17684,F17520
F14254,F14024
F6565,F6181
F11290,F11281
F5059,F5002
F11158,F10845
F14823,F14722
F15031,F14934
F7359,F7349
F7804,F7474
F15193,F15097
F4393,F4282
F12850,F12825
F13907,F13586
F14292,F14080
F7186,F6830
F3111,F2739
F10354,F10296
F6306,F6109
F6961,F6569
F16215,F16067
F10131,F9805
F9603,F9412
F6095,F5733
F8974,F8950
F12695,F12591
F13069,F12778
F15603,F15230
F8732,F8352
F17205,F17081
F5028,F5013
F15113,F14923
F13377,F13005
F13497,F13333
F9112,F8972
F9464,F9163
F14140,F13898
F6044,F5932
F13004,F12893
F15214,F15131
F5978,F5875
F16159,F15920
F11910,F11570
F8155,F7880
F9261,F9004
F17499,F17324
F16478,F16329
F17964,F17736
F8490,F8465
F11336,F11026
F13483,F13099
F9546,F9414
F14250,F14136
F14292,F14163
F12049,F11940
F13545,F13399
F7137,F7015
F7125,F7073
F14756,F14709
F12375,F12208
F4544,F4206
F10706,F10451
F15505,F15177
F10027,F10021
F16417,F16023
F7647,F7396
F15880,F15824
F10681,F10281
F3286,F2955
F4719,F4352
F8467,F8110
F7731,F7670
F7370,F7194
F7689,F7581
F15960,F15947
F6396,F6248
F6947,F6805
F8966,F8759
F10557,F10531
F13219,F13191
F5182,F4813
F4675,F4388
F3226,F3148
F2783,F2488
F16202,F15955
F14453,F14106
F9955,F9651
F3383,F3120
F12506,F12273
F10065,F9822
F13123,F13046
F9494,F9187
F13617,F13559
F4916,F4617
F14885,F14553
F7295,F6984
F11448,F11186
F17622,F17478
F9260,F9104
F8039,F7846
F14161,F13832
F8835,F8518
F10323,F10121
F4671,F4451
F11636,F11633
F4364,F4093
F10582,F10528
F4664,F4614
F9804,F9472
F15513,F15204
F3211,F3003
F16951,F16827
F3614,F3225
F14686,F14292
F11768,F11628
F6236,F6200
F4781,F4384
F13637,F13537
F14092,F14078
F13924,F13822
F10800,F10746
F5309,F5087
F7542,F7354
F16670,F16368
F11731,F11458
F16745,F16556
F9056,F9049
F17654,F17364
F16090,F15886
F5026,F4657
F3958,F3752
F13681,F13379
F4167,F4070
F3361,F3052
F15298,F14931
F13794,F13554
F14829,F14642
F5195,F5080
F16187,F16142
F9832,F9549
F7596,F7563
F8662,F8585
F14855,F14479
F12314,F12110
F16161,F15991
F12923,F12817
F7716,F7474
F7812,F7513
F16376,F16236
F5646,F5593
F15554,F15192
F8131,F7919
F17564,F17445
F11985,F11738
F17828,F17651
F13013,F12818
F15099,F15080
F10880,F10573
F9046,F9029
F16231,F16192
F16048,F15709
F11747,F11575
F10978,F10643
F11096,F10897
F12753,F12453
F10524,F10519
F7757,F7529
F15932,F15849
F10691,F10525
F12058,F11788
F14176,F13796
F7877,F7821
F17909,F17715
F6641,F6603
F13299,F13272
F12398,F12157
F5730,F5582
F3768,F3494
F15158,F15083
F6285,F5942
F6692,F6634
F15836,F15564
F12178,F12011
F3625,F3518
F11292,F11010
F13769,F13512
F14942,F14589
F11273,F11238
F5417,F5212
F8936,F8569
F10995,F10825
F6336,F6198
F15180,F14794
F10135,F9995
F12297,F11965
F13077,F12969
F4900,F4642
F16411,F16095
F13860,F13706
F4410,F4401
F10374,F10192
F6035,F5803
F8990,F8983
F9517,F9390
F4077,F3690
F15909,F15720
F12830,F12463
F16650,F16510
F17372,F17260
F12169,F11978
F7678,F7497
F3482,F3422
F13841,F13563
F12090,F11916
F16231,F15890
F4683,F4432
F7942,F7587
F8658,F8435
F13715,F13679
F10174,F9932
F11914,F11823
F9412,F9276
F16444,F16188
F6618,F6599
F11854,F11543
F14253,F13855
F14923,F14645
F15460,F15218
F7141,F6809
F10982,F10880
F11102,F10848
F14513,F14293
F17779,F17567
F7649,F7415
F11735,F11455
F8544,F8388
F9197,F9130
F12510,F12124
F12007,F11869
F15778,F15725
F9152,F9129
F8659,F8324
F14606,F14352
F3012,F2778
F5225,F5082
F7895,F7891
F6178,F5782
F7563,F7485
F10841,F10536
F10175,F10160
F4776,F4620
F12974,F12834
F9467,F9344
F2946,F2791
F14997,F14806
F15210,F14912
F9658,F9557
F5264,F5119
F4516,F4393
F4083,F4069
F8424,F8213
F9020,F8904
F12882,F12821
F16500,F16164
F7632,F7274
F17879,F17833
F11937,F11787
F2838,F2650
F7501,F7109
F10160,F10046
F16584,F16418
F15375,F15070
F16758,F16619
F8644,F8269
F8488,F8150
F10864,F10673
F15800,F15602
F7803,F7728
F5374,F5353
F10027,F9956
F7157,F6802
F4759,F4598
F17573,F17499
F3928,F3849
F8850,F8786
F11957,F11633
F12962,F12789
F6132,F6025
F13134,F12846
F13745,F13417
F6686,F6370
F6455,F6306
F4865,F4484
F17454,F17240
F15466,F15378
F12430,F12095
F13085,F12729
F15242,F15062
F7786,F7754
F10388,F10015
F5819,F5477
F15845,F15635
F8625,F8310
F8319,F8092
F6031,F5976
F6934,F6898
F17312,F17308
F7011,F6777
F3236,F2892
F4177,F4108
F14653,F14590
F6094,F5710
F6286,F6270
F15355,F15304
F9133,F9080
F10282,F10136
F16312,F16205
F6367,F6121
F16798,F16713
F9019,F9009
F9685,F9474
F10248,F10072
F17957,F17681
F3485,F3416
F13587,F13456
F12062,F11819
F4035,F3676
F11315,F11090
F16416,F16187
F4917,F4664
F4466,F4148
F4734,F4414
F9485,F9481
F13720,F13431
F10674,F10399
F16073,F16071
F7730,F7728
F7520,F7400
F6109,F5838
F5010,F4686
F17406,F17302
F17887,F17834
F15263,F15126
F4908,F4547
F12897,F12685
F3780,F3440
F15134,F14930
F16085,F16002
F11927,F11527
F11822,F11551
F8248,F8073
F15651,F15571
F8464,F8096
F11441,F11255
F5250,F5110
F6572,F6414
F16424,F16264
F7410,F7351
F9767,F9673
F12942,F12647
F9219,F9093
F13604,F13308
F9459,F9395
F5836,F5572
F3013,F2788
F14739,F14687
F11705,F11482
F11098,F10838
F7804,F7541
F5925,F5894
F11170,F10913
F15579,F15252
F5328,F5140
F5151,F4940
F11129,F10743
F15372,F15041
F13007,F12853
F6544,F6243
F7682,F7678
F15230,F14848
F5324,F5308
F12545,F12301
F4566,F4372
F4438,F4074
F14630,F14617
F14252,F13864
F9493,F9260
F3581,F3552
F8200,F7903
F5898,F5767
F8096,F7779
F12801,F12681
F14199,F14163
F6833,F6652
F13906,F13815
F10485,F10460
F4030,F3949
F5799,F5437
F6157,F5870
F13010,F12865
F8190,F7890
F11539,F11280
F14098,F13905
F6124,F5739
F9547,F9349
F11065,F11058
F14581,F14352
F8251,F7918
F3570,F3475
F13615,F13398
F16289,F16286
F17801,F17753
F7599,F7207
F14730,F14641
F9309,F9283
F8009,F7982
F7591,F7521
F3322,F3098
F11098,F10712
F3685,F3613
F15849,F15614
F17112,F17032
F13270,F13241
F4772,F4421
F12436,F12366
F15662,F15428
F17818,F17503
F5975,F5905
F7137,F7072
F13714,F13398
F17871,F17557
F15228,F14915
F15634,F15502
F15551,F15305
F6079,F5935
F6795,F6640
F14571,F14344
F13745,F13401
F3051,F2975
F15416,F15084
F13721,F13589
F16563,F16250
F6919,F6866
F6578,F6237
F17324,F17014
F11253,F11013
F14673,F14374
F17294,F17035
F15547,F15339
F9867,F9710
F8413,F8238
F3938,F3609
F15523,F15441
F17269,F17141
F15251,F14930
F17707,F17589
F10831,F10791
F12951,F12922
F3930,F3713
F8426,F8422
F11202,F11095
F17728,F17409
F8722,F8669
F10353,F10312
F16020,F15887
F4059,F3868
F3031,F2692
F15478,F15296
F3580,F3350
F14297,F14183
F15957,F15641
F3806,F3459
F10927,F10757
F15855,F15474
F7864,F7614
F16357,F16038
F17429,F17394
F3064,F2831
F15672,F15561
F17267,F17261
F15693,F15435
F16000,F15965
F13871,F13594
F17822,F17702
F10595,F10550
F5981,F5639
F9599,F9368
F12052,F12019
F17151,F17103
F4757,F4625
F4641,F4634
F14022,F13873
F6387,F6320
F9141,F8939
F10641,F10582
F6825,F6519
F5754,F5649
F3023,F2890
F13016,F12660
F4280,F4093
F9774,F9386
F15910,F15827
F11710,F11499
F16549,F16299
F4664,F4315
F6043,F5878
F2790,F2481
F5030,F4735
F4931,F4607
F14343,F14089
F8194,F7964
F14558,F14533
F17876,F17759
F15352,F15048
F17623,F17268
F15262,F15159
F16006,F16000
F7993,F7642
F13688,F13328
F13842,F13654
F15476,F15463
F14767,F14662
F15493,F15338
F3138,F2924
F4102,F3899
F11000,F10879
F7940,F7735
F11522,F11492
F11005,F10962
F11240,F11214
F3515,F3127
F3415,F3323
F7022,F6654
F7276,F6923
F12586,F12526
F2740,F2730
F6629,F6583
F9021,F8978
F3034,F2754
F10091,F10021
F17628,F17426
F16740,F16620
F8196,F7805
F5776,F5393
F17937,F17612
F15024,F14918
F3599,F3322
F5554,F5212
F14066,F13932
F16005,F15840
F8684,F8361
F17590,F17396
F5132,F5059
F14260,F14035
F16011,F15646
F17247,F17005
F2926,F2863
F15157,F14988
F10130,F9797
F10162,F9922
F13224,F13039
F4951,F4769
F4118,F4000
F12741,F12394
F6383,F5999
F11249,F11232
F7321,F6932
F7614,F7377
F15807,F15706
F2881,F2536
F15267,F15103
F14577,F14396
F11718,F11622
F7990,F7630
F11321,F11070
F11799,F11701
F6934,F6651
F17833,F17537
F7133,F6840
F17068,F16810
F3369,F3275
F7985,F7640
F17767,F17711
F2746,F2665
F11001,F10725
F8616,F8535
F7332,F6961
F10372,F10035
F11976,F11951
F4132,F4011
F7288,F6945
F16443,F16382
F7404,F7363
F4282,F4109
F13984,F13839
F9321,F8940
F17256,F17215
F8113,F7803
F4565,F4462
F11555,F11372
F6249,F6137
F14872,F14610
F7269,F7078
F6689,F6506
F11631,F11341
F3441,F3279
F13832,F13549
F15718,F15593
F5438,F5373
F10510,F10448
F3226,F3217
F4868,F4809
F5487,F5294
F16709,F16583
F2857,F2820
F8276,F7880
F12880,F12699
F14378,F14108
F4915,F4881
F2809,F2486
F3845,F3739
F13167,F13142
F12866,F12737
F4927,F4886
F10471,F10270
F3764,F3443
F17262,F17102
F8872,F8854
F15475,F15169
F17434,F17043
F7791,F7474
F7412,F7017
F13565,F13238
F16097,F16079
F17780,F17442
F9651,F9481
F13796,F13494
F4734,F4647
F5319,F5041
F5154,F4758
F3317,F2979
F7658,F7294
F11342,F11214
F7356,F7186
F12478,F12435
F13529,F13190
F13301,F13277
F3751,F3384
F14003,F13790
F9438,F9413
F5913,F5712
F9570,F9483
F10517,F10510
F14279,F14050
F11382,F11332
F8631,F8243
F5816,F5558
F13762,F13452
F6668,F6658
F14614,F14579
F17763,F17696
F14476,F14388
F3326,F2952
F4294,F4033
F15796,F15789
F3728,F3517
F15114,F14844
F16956,F16668
F7584,F7518
F4944,F4604
F10515,F10317
F7151,F6794
F15430,F15390
F9442,F9421
F15313,F15207
F15985,F15610
F13295,F13056
F17509,F17262
F10108,F10019
F6023,F5890
F15379,F14986
F9035,F8817
F13683,F13510
F14272,F14232
F16314,F16210
F15390,F15275
F10255,F9960
F4679,F4436
F9651,F9397
F6230,F5841
F13195,F12843
F17525,F17193
F4276,F4270
F15526,F15258
F14111,F13982
F10629,F10275
F11071,F10681
F13221,F12971
F10972,F10725
F8570,F8453
F3448,F3441
F10048,F9728
F16599,F16390
F9437,F9186
F8903,F8881
F12041,F11798
F6196,F6071
F7650,F7353
F8592,F8234
F11034,F10725
F7117,F6913
F9182,F9010
F2873,F2599
F3469,F3290
F12815,F12491
F5359,F5089
F7912,F7690
F13650,F13453
F8809,F8588
F9033,F8780
F15299,F14964
F4047,F3727
F15594,F15366
F16370,F16043
F5408,F5329
F11695,F11471
F14094,F13871
F11192,F11094
F4405,F4224
F6951,F6601
F11460,F11447
F13816,F13417
F16891,F16633
F16573,F16556
F16459,F16142
F16964,F16619
F3080,F2887
F6733,F6363
F17054,F16892
F8045,F7780
F6230,F5949
F13196,F13019
F16083,F15891
F5973,F5740
F13863,F13505
F10659,F10587
F6405,F6216
F15884,F15864
F10404,F10195
F14210,F13945
F9432,F9111
F12753,F12646
F2781,F2411
F14383,F14302
F14321,F14305
F17776,F17451
F12484,F12143
F4544,F4533
F2965,F2924
F5506,F5127
F10246,F10174
F17364,F17060
F8359,F7978
F16570,F16390
F16849,F16508
F9564,F9421
F9105,F8783
F8256,F8141
F9618,F9333
F9866,F9754
F5527,F5449
F10789,F10613
F14052,F13682
F9001,F8995
F2748,F2526
F10314,F10114
F17400,F17374
F6896,F6557
F7615,F7295
F7937,F7650
F9107,F8943
F10498,F10436
F17078,F16986
F10042,F9903
F4844,F4787
F8578,F8283
F12086,F11840
F5767,F5565
F13218,F12940
F15331,F14967
F16182,F16032
F7974,F7956
F3279,F3271
F6421,F6073
F10211,F10037
F7328,F7093
F2853,F2782
F11770,F11641
F6679,F6403
F6547,F6395
F11994,F11968
F8727,F8508
F10475,F10274
F16903,F16824
F8468,F8307
F7247,F7221
F15767,F15544
F13624,F13444
F17304,F17234
F10120,F9977
F6316,F6217
F3553,F3542
F5318,F4955
F15644,F15413
F9869,F9595
F15422,F15248
F4552,F4430
F11885,F11605
F5836,F5482
F15053,F14755
F5826,F5489
F14802,F14489
F9800,F9636
F6335,F6159
F12532,F12516
F6850,F6485
F16384,F15998
F8119,F7759
F16255,F16052
F11824,F11658
F8579,F8395
F7558,F7390
F14938,F14709
F6576,F6260
F11539,F11397
F4155,F3817
F12356,F12062
F2836,F2496
F4380,F4311
F3678,F3675
F15691,F15416
F3379,F3222
F10073,F9800
F10022,F9951
F11453,F11359
F17761,F17674
F10497,F10307
F8932,F8703
F13607,F13422
F4514,F4161
F5404,F5125
F5151,F4844
F5986,F5971
F3184,F3183
F14906,F14642
F14838,F14489
F13919,F13657
F3651,F3399
F9564,F9262
F17779,F17577
F8376,F8318
F3165,F3118
F5761,F5549
F11387,F11001
F3114,F2903
F14140,F13907
F16926,F16538
F12240,F12106
F13553,F13158
F5010,F4731
F15689,F15453
F14016,F13857
F15539,F15419
F6365,F6135
F2878,F2483
F14043,F13787
F13289,F13178
F9808,F9474
F10152,F9956
F11053,F10821
F6310,F6011
F8765,F8651
F9525,F9508
F12236,F12234
F16373,F16372
F16997,F16725
F11602,F11347
F3467,F3241
F7662,F7475
F13904,F13806
F15044,F14653
F16316,F16276
F15853,F15712
F15135,F14751
F10825,F10491
F15617,F15279
F7069,F6840
F14511,F14261
F11691,F11663
F2836,F2575
F9876,F9595
F4953,F4832
F8787,F8656
F11112,F10719
F3077,F2983
F13630,F13628
F13954,F13882
F14323,F14002
F12407,F12209
F15243,F14925
F7365,F7312
F7164,F7011
F11583,F11265
F5474,F5396
F11938,F11685
F14738,F14492
F12280,F12209
F17864,F17468
F14154,F14098
F10439,F10405
F13471,F13404
F6755,F6365
F15561,F15252
F11061,F10807
F3922,F3530
F12847,F12657
F2985,F2621
F13198,F12876
F15408,F15063
F14098,F13965
F8138,F8042
F15775,F15666
F17502,F17381
F12060,F11729
F9056,F8746
F8747,F8381
F7399,F7379
F9680,F9628
F9855,F9744
F5168,F5120
F5386,F5064
F6958,F6944
F15126,F14970
F16918,F16773
F3561,F3245
F4608,F4602
F7500,F7272
F16672,F16317
F11831,F11432
F13804,F13446
F12397,F12343
F11390,F11015
F3223,F2868
F11577,F11389
F8295,F8073
F6874,F6703
F9373,F9145
F17105,F16886
F4367,F4097
F6604,F6508
F6557,F6405
F12713,F12354
F15210,F14848
F6954,F6786
F7826,F7492
F14208,F14167
F3838,F3450
F14861,F14571
F15990,F15834
F3748,F3568
F12834,F12515
F15228,F15103
F7848,F7550
F16714,F16454
F17821,F17540
F15648,F15308
F16171,F16007
F13415,F13205
F9837,F9669
F13389,F13006
F4687,F4337
F14432,F14354
F8537,F8314
F14379,F14325
F17376,F17232
F15249,F15160
F12736,F12683
F14022,F13650
F7919,F7695
F16844,F16495
F6463,F6170
F11142,F10854
F4267,F4135
F5919,F5709
F13997,F13823
F3933,F3706
F16628,F16320
F16944,F16781
F6653,F6446
F8304,F8046
F9529,F9170
F11783,F11770
F14994,F14846
F16753,F16607
F14937,F14790
F10128,F10060
F9165,F8836
F14332,F14211
F16697,F16374
F7847,F7750
F7317,F7011
F2810,F2536
F8281,F8095
F14880,F14874
F15762,F15461
F16096,F16043
F15393,F15211
F7158,F7066
F10285,F10027
F7988,F7672
F3807,F3549
F13186,F13125
F5528,F5177
F16334,F16004
F15910,F15581
F16068,F15988
F4580,F4334
F6709,F6449
F17523,F17196
F16855,F16601
F4453,F4214
F4780,F4528
F12882,F12592
F16256,F16039
F3841,F3814
F12674,F12380
F2928,F2795
F17895,F17523
F16613,F16417
F3516,F3514
F8910,F8844
F7237,F7032
F13726,F13606
F15678,F15432
F3691,F3648
F7712,F7639
F16296,F16203
F8104,F7891
F9531,F9290
F8051,F7905
F7358,F7113
F9541,F9230
F12172,F11872
F14206,F14188
F6767,F6694
F4839,F4444
F6958,F6895
F7297,F7081
F9387,F9354
F15898,F15699
F9097,F8894
F12100,F11930
F12025,F11997
F5231,F4931
F14276,F14256
F15336,F15317
F15485,F15420
F16326,F16122
F6322,F6183
F12119,F11790
F6269,F6199
F16299,F15968
F15878,F15707
F3233,F2943
F15233,F15138
F8810,F8451
F17257,F17110
F16688,F16380
F8278,F8231
F10713,F10592
F14926,F14753
F9659,F9384
F11885,F11644
F5288,F5279
F13119,F12731
F14718,F14640
F8481,F8123
F10332,F10082
F4939,F4706
F5674,F5448
F4984,F4612
F12015,F11789
F8368,F8098
F7885,F7763
F9730,F9400
F6715,F6523
F6419,F6318
F14727,F14508
F4479,F4269
F5889,F5691
F8833,F8698
F4538,F4525
F3201,F3044
F10802,F10666
F11664,F11549
F12497,F12153
F7712,F7425
F12252,F12245
F17122,F16730
F16826,F16462
F15614,F15551
F15369,F15233
F6526,F6350
F3258,F3243
F16603,F16389
F8549,F8330
F5218,F5208
F14343,F14000
F9882,F9849
F7749,F7704
F2813,F2745
F9323,F9109
F7114,F7107
F12869,F12594
F4472,F4266
F13510,F13425
F15079,F14936
F14934,F14648
F7000,F6851
F10451,F10122
F5741,F5506
F12396,F12079
F15103,F15100
F16317,F16283
F15943,F15748
F11483,F11188
F8348,F7961
F17061,F17059
F16979,F16891
F13663,F13431
F12477,F12449
F8088,F7845
F15852,F15517
F7022,F6689
F5651,F5444
F8702,F8478
F9551,F9540
F16463,F16393
F8391,F8145
F13313,F12934
F15952,F15797
F5846,F5671
F6385,F6299
F3401,F3050
F3847,F3762
F8502,F8137
F10707,F10480
F16723,F16404
F10064,F9920
F8762,F8391
F16711,F16448
F10092,F9749
F14495,F14447
F12970,F12903
F15762,F15663
F15807,F15635
F9256,F8985
F12980,F12631
F16210,F15923
F5569,F5498
F17107,F16783
F14887,F14851
F17416,F17307
F4841,F4597
F17813,F17695
F8721,F8630
F10972,F10938
F10565,F10191
F6632,F6488
F6736,F6690
F2815,F2742
F15772,F15763
F8703,F8658
F16852,F16603
F12938,F12625
F15513,F15356
F4506,F4367
F14374,F14210
F17615,F17319
F8720,F8512
F14846,F14648
F11722,F11570
F14255,F13990
F15455,F15328
F8566,F8252
F11780,F11519
F3695,F3431
F7420,F7412
F4923,F4660
F6315,F6281
F16693,F16555
F8846,F8802
F15692,F15530
F7263,F6905
F2794,F2577
F15329,F15270
F12587,F12330
F3130,F2856
F16846,F16747
F13021,F12714
F13330,F12936
F3771,F3706
F8663,F8323
F10748,F10591
F17989,F17970
F16195,F16083
F12152,F12038
F15233,F15166
F6380,F6170
F8917,F8749
F12667,F12481
F16647,F16395
F8070,F8043
F9613,F9321
F14136,F13887
F3241,F2849
F10832,F10760
F5285,F5031
F12176,F11871
F13166,F12955
F9093,F8882
F15939,F15767
F8916,F8588
F8886,F8521
F8531,F8523
F4853,F4506
F3556,F3266
F8006,F7978
F9906,F9723
F10286,F10245
F6666,F6449
F15477,F15116
F4249,F4075
F12624,F12494
F3012,F2668
F11985,F11679
F16778,F16513
F6927,F6615
F16274,F16069
F7070,F6952
F3945,F3790
F3648,F3362
F14505,F14138
F9033,F8783
F14277,F14062
F6574,F6521
F4974,F4954
F10673,F10451
F15543,F15156
F5028,F4633
F9964,F9574
F15145,F14949
F4349,F4290
F11900,F11804
F7684,F7402
F10398,F10073
F3441,F3416
F15953,F15858
F13117,F12809
F12237,F11884
F9889,F9745
F5545,F5287
F6383,F6291
F11050,F10743
F5757,F5611
F10910,F10570
F5357,F5211
F17123,F16728
F12323,F12113
F5159,F4777
F6884,F6653
F6579,F6200
F12784,F12648
F17970,F17750
F8671,F8329
F8067,F7982
F16898,F16655
F3453,F3388
F12217,F12027
F16756,F16696
F17764,F17695
F9056,F9011
F6982,F6640
F5547,F5494
F15312,F15291
F5281,F5032
F12110,F12017
F15188,F15122
F15734,F15535
F3494,F3362
F12158,F12040
F5486,F5154
F16218,F15867
F15022,F14728
F6649,F6360
F14867,F14703
F8120,F8088
F11597,F11421
F9102,F8803
F8304,F8261
F16868,F16471
F14135,F14117
F8398,F8193
F10681,F10561
F6485,F6184
F15747,F15675
F11300,F10914
F17976,F17646
F14444,F14091
F2719,F2707
F17162,F17060
F13846,F13614
F8852,F8553
F7182,F6967
F15363,F15000
F17659,F17582
F10105,F9795
F17611,F17364
F10668,F10397
F4859,F4836
F8984,F8781
F6488,F6369
F16459,F16103
F3129,F3106
F8617,F8511
F16973,F16917
F11037,F10653
F9532,F9340
F5753,F5446
F12915,F12636
F7892,F7594
F11783,F11499
F16833,F16451
F17101,F16992
F4730,F4503
F4903,F4540
F2874,F2541
F17895,F17693
F9483,F9160
F3291,F3140
F2704,F2689
F3706,F3520
F11483,F11093
F14452,F14207
F2953,F2731
F13843,F13575
F6699,F6310
F8679,F8523
F4811,F4807
F4462,F4239
F16600,F16487
F6462,F6328
F10484,F10227
F10528,F10203
F10841,F10520
F6856,F6669
F11591,F11391
F3586,F3485
F2802,F2751
F2806,F2692
F5051,F4844
F5523,F5202
F5807,F5772
F7738,F7547
F16028,F15881
F13809,F13428
F3694,F3682
F16358,F16053
F4964,F4804
F10764,F10405
F4647,F4439
F12776,F12744
F5416,F5188
F11369,F11323
F5131,F4752
F6367,F6183
F7394,F7200
F16384,F16068
F7583,F7295
F17736,F17596
F16466,F16308
F6923,F6770
F15711,F15661
F6675,F6633
F16148,F15804
F7148,F6840
F6027,F5911
F8243,F8007
F13358,F13099
F10584,F10386
F6287,F5900
F16108,F15887
F5183,F4841
F8753,F8737
F9506,F9294
F5128,F4882
F7575,F7255
F10773,F10487
F14478,F14162
F4597,F4348
F7471,F7149
F4301,F3913
F2972,F2782
F3821,F3698
F8694,F8479
F12075,F11975
F12800,F12547
F2897,F2765
F17369,F17213
F10878,F10689
F17641,F17459
F14354,F14343
F11082,F10873
F16010,F15836
F17143,F16847
F3090,F2852
F7170,F6784
F14123,F14115
F10280,F9977
F4088,F3860
F10237,F10161
F15932,F15901
F2809,F2418
F13641,F13572
F15595,F15512
F17581,F17267
F6382,F6358
F5173,F5092
F15100,F15076
F3547,F3512
F9885,F9786
F12912,F12640
F3498,F3223
F15043,F14870
F11284,F10920
F15280,F14979
F7532,F7431
F15093,F14894
F12447,F12435
F3234,F3058
F12629,F12564
F13950,F13913
F3696,F3473
F10564,F10305
F3822,F3770
F9987,F9632
F14571,F14216
F15736,F15474
F8932,F8675
F10039,F9688
F9276,F8888
F14738,F14359
F4422,F4384
F6840,F6730
F5017,F4977
F8412,F8207
F9495,F9200
F14477,F14437
F14975,F14798
F7792,F7788
F8476,F8140
F15451,F15349
F14256,F14128
F12251,F11913
F17516,F17131
F3491,F3339
F4529,F4504
F6145,F5746
F11424,F11402
F14780,F14677
F15390,F15065
F14499,F14275
F7724,F7347
F4933,F4853
F11165,F11100
F10546,F10356
F14874,F14703
F17904,F17670
F8033,F7719
F14228,F13931
F14664,F14387
F3215,F2939
F13197,F13059
F7912,F7892
F13688,F13528
F13821,F13813
F9677,F9376
F11977,F11636
F16450,F16435
F12084,F11733
F8242,F7906
F8457,F8288
F9403,F9236
F4840,F4806
F14362,F14191
F8404,F8179
F12633,F12582
F15100,F14915
F8882,F8821
F16765,F16625
F10620,F10557
F3077,F2993
F8485,F8157
F2917,F2768
F16048,F15823
F16553,F16323
F17508,F17195
F17840,F17560
F6676,F6312
F13944,F13827
F9946,F9620
F14799,F14559
F14225,F13899
F3926,F3535
F16617,F16314
F6400,F6356
F5356,F5263
F5336,F5331
F15288,F14911
F7838,F7494
F6498,F6225
F14365,F14272
F11147,F11131
F5503,F5354
F4414,F4182
F15874,F15474
F16538,F16299
F13472,F13220
F6567,F6281
F16515,F16122
F15135,F14880
F16912,F16567
F4669,F4396
F2875,F2753
F7863,F7725
F4367,F4215
F11556,F11553
F6950,F6831
F13144,F13073
F14142,F13746
F3038,F2826
F9153,F8879
F12001,F11995
F14736,F14621
F13596,F13454
F13890,F13697
F5770,F5427
F16391,F16142
F10469,F10253
F16582,F16327
F11570,F11286
F4963,F4822
F7305,F7255
F12834,F12589
F6844,F6530
F17745,F17510
F5921,F5767
F9924,F9864
F3169,F2835
F8255,F8216
F3449,F3285
F9817,F9653
F16290,F16161
F16936,F16787
F12347,F12212
F14510,F14477
F2700,F2346
F7986,F7847
F5756,F5572
F8414,F8091
F6061,F5883
F3701,F3511
F5794,F5524
F6455,F6320
F16041,F15686
F8509,F8145
F17231,F16919
F5330,F5235
F3711,F3400
F13852,F13783
F5259,F5213
F5914,F5790
F10583,F10430
F6133,F6082
F8365,F8349
F8446,F8175
F8760,F8700
F2736,F2626
F16951,F16777
F6131,F5940
F7646,F7309
F11247,F11181
F10090,F9960
F4474,F4284
F3356,F3131
F6151,F6044
F11851,F11732
F14392,F14143
F8388,F8163
F11457,F11354
F15961,F15742
F15820,F15649
F3415,F3388
F6906,F6658
F5023,F4661
F8237,F8177
F11936,F11637
F9992,F9799
F10721,F10565
F15455,F15253
F6121,F5896
F2776,F2758
F5748,F5725
F6407,F6163
F8664,F8469
F16690,F16364
F15783,F15406
F16912,F16769
F12255,F11877
F13096,F12758
F6684,F6294
F10895,F10842
F11422,F11297
F15226,F14965
F16468,F16361
F8403,F8265
F3125,F2805
F14431,F14291
F15729,F15392
F3995,F3778
F14115,F14019
F8103,F8033
F5546,F5439
F13453,F13350
F4856,F4784
F7352,F7050
F9844,F9499
F7275,F7096
F14453,F14057
F15755,F15477
F6693,F6486
F8071,F7737
F10834,F10560
F14318,F13926
F16715,F16558
F17408,F17141
F3679,F3414
F7634,F7546
F17236,F17066
F10236,F10099
F11839,F11696
F10144,F10048
F11763,F11629
F9411,F9083
F16233,F15848
F17842,F17741
F10793,F10699
F9378,F9086
F3455,F3276
F9535,F9353
F4266,F4086
F3165,F2923
F13916,F13771
F5083,F4981
F4045,F3761
F5476,F5132
F15442,F15334
F4728,F4468
F9890,F9636
F5926,F5620
F3067,F2886
F14371,F14345
F8585,F8228
F7759,F7637
F8357,F8245
F10044,F9875
F17385,F17165
F17703,F17631
F6082,F6031
F7327,F7178
F15440,F15049
F2892,F2686
F14985,F14870
F3719,F3459
F11809,F11427
F5559,F5465
F12972,F12679
F5427,F5275
F5678,F5596
F6253,F5914
F3470,F3344
F7306,F6930
F3591,F3521
F8741,F8381
F17470,F17129
F4724,F4658
F17998,F17633
F3714,F3347
F13630,F13460
F16197,F15901
F10325,F9981
F8079,F8026
F11158,F10790
F15834,F15737
F15494,F15421
F4115,F4083
F12654,F12461
F10464,F10407
F12757,F12651
F8945,F8762
F6935,F6648
F15092,F14932
F3283,F2935
F7307,F6999
F6356,F6054
F3526,F3515
F12783,F12450
F6513,F6163
F9326,F9280
F7024,F6743
F13708,F13414
F3664,F3393
F3988,F3921
F15760,F15649
F5642,F5444
F11955,F11947
F5709,F5462
F17977,F17794
F12524,F12484
F6190,F5976
F11364,F10994
F10766,F10452
F16224,F16021
F8666,F8580
F3441,F3251
F12954,F12809
F6349,F6329
F12924,F12759
F17317,F17206
F12217,F12105
F13101,F12785
F7084,F6841
F13768,F13757
F2705,F2568
F17472,F17186
F2860,F2783
F8774,F8722
F10330,F10064
F3010,F2770
F7449,F7124
F6382,F6312
F7262,F7234
F7721,F7497
F13977,F13938
F12652,F12324
F15496,F15195
F9029,F8929
F5042,F4693
F16243,F16174
F7456,F7243
F14966,F14808
F12648,F12319
F7124,F6784
F15913,F15684
F6845,F6806
F2812,F2585
F12302,F12292
F7244,F6997
F10905,F10656
F7085,F6931
F6603,F6557
F8197,F8118
F6381,F6205
F3379,F3024
F9908,F9714
F11773,F11703
F12965,F12870
F3552,F3414
F9050,F8892
F11390,F11261
F14939,F14623
F10289,F10158
F12117,F11874
F16998,F16707
F4591,F4231
F6491,F6329
F6720,F6420
F13324,F13258
F7194,F7118
F15384,F15165
F16685,F16286
F15117,F14718
F8606,F8554
F5720,F5671
F4380,F4108
F9257,F8886
F10105,F9948
F12210,F11950
F16631,F16564
F3159,F3065
F10439,F10214
F10384,F10283
F6264,F6216
F6144,F5909
F10298,F10040
F7228,F6899
F11210,F11155
F13828,F13449
F16385,F16175
F14898,F14621
F8801,F8683
F17596,F17220
F5407,F5080
F2834,F2797
F9105,F8727
F14900,F14734
F4918,F4632
F5399,F5093
F9582,F9419
F16732,F16624
F12138,F11830
F4512,F4472
F10217,F10083
F16597,F16223
F3334,F2935
F12854,F12506
F6626,F6426
F10788,F10719
F7822,F7640
F11171,F11139
F17812,F17725
F11042,F11038
F14945,F14888
F15907,F15508
F8498,F8125
F9070,F8848
F3359,F3066
F11127,F11015
F17602,F17297
F10157,F10154
F14635,F14343
F16351,F16218
F16514,F16416
F6750,F6576
F9571,F9334
F15588,F15272
F8337,F7942
F5303,F5007
F6979,F6692
F16586,F16398
F3032,F3005
F10013,F9822
F13766,F13683
F4140,F4019
F7342,F6971
F12524,F12131
F10326,F10025
F3456,F3085
F9425,F9377
F9158,F9146
F10734,F10576
F13575,F13385
F17415,F17313
F9851,F9778
F6314,F6266
F10504,F10139
F4887,F4584
F14179,F14074
F8127,F7999
F15035,F14746
F9425,F9154
F13121,F13095
F13234,F13231
F15018,F14698
F13284,F13031
F16776,F16643
F6502,F6455
F9914,F9802
F2868,F2620
F4670,F4302
F14715,F14482
F6654,F6459
F12949,F12702
F11547,F11154
F16818,F16468
F16903,F16876
F4694,F4359
F4327,F3959
F11960,F11605
F4091,F3776
F7527,F7293
F4260,F3882
F12767,F12728
F7297,F7061
F14485,F14270
F15363,F15306
F10514,F10311
F13489,F13471
F5693,F5366
F9101,F8903
F11831,F11645
F14126,F13848
F8579,F8471
F9085,F8824
F4481,F4402
F15046,F14854
F9077,F8891
F14948,F14617
F15739,F15370
F3208,F2971
F4146,F3924
F14336,F14302
F10016,F9986
F2782,F2474
F7827,F7562
F4308,F3949
F13176,F13047
F11396,F11277
F6771,F6415
F7507,F7290
F16516,F16200
F4258,F4232
F10318,F9966
F5852,F5836
F13051,F12759
F10786,F10386
F16996,F16777
F16110,F16018
F14038,F13837
F17044,F16966
F16238,F16100
F15240,F15087
F10257,F10184
F12798,F12569
F7301,F7042
F4688,F4580
F5555,F5471
F14974,F14878
F5767,F5608
F14503,F14301
F16170,F15870
F14726,F14546
F13499,F13247
F17247,F17194
F12829,F12518
F8801,F8453
F5694,F5330
F11577,F11197
F13696,F13370
F11659,F11477
F2774,F2383
F7118,F6788
F9794,F9572
F16522,F16358
F15361,F15011
F14548,F14487
F15469,F15467
F12939,F12642
F17884,F17590
F3056,F2989
F13468,F13099
F15754,F15445
F8644,F8598
F14063,F13991
F8182,F7936
F16755,F16676
F15812,F15654
F13362,F13093
F4145,F3778
F12290,F12205
F15623,F15390
F17661,F17441
F11736,F11400
F12180,F12082
F12755,F12485
F14747,F14374
F3761,F3590
F5126,F4977
F3784,F3765
F16543,F16419
F4680,F4544
F4711,F4366
F12748,F12655
F9626,F9228
F17916,F17663
F12302,F12021
F15558,F15435
F6842,F6665
F7529,F7418
F11317,F11221
F11446,F11265
F14339,F14072
F3297,F2973
F5209,F5108
F14827,F14549
F3151,F2824
F5393,F5107
F12721,F12647
F5302,F5147
F12648,F12267
F17245,F16959
F14755,F14637
F2847,F2707
F15270,F14913
F13711,F13499
F10219,F10164
F15669,F15415
F8573,F8433
F9193,F9013
F5949,F5711
F5864,F5861
F8210,F8057
F11632,F11620
F12102,F11948
F16620,F16451
F9269,F9060
F11902,F11632
F13023,F12980
F17432,F17382
F12815,F12706
F8423,F8261
F13837,F13468
F14639,F14619
F4320,F4105
F5390,F5002
F11065,F10682
F6671,F6295
F2963,F2790
F6307,F6170
F4609,F4308
F17335,F17128
F17772,F17665
F4295,F4126
F5076,F4958
F3595,F3549
F5049,F4881
F16495,F16491
F5170,F4963
F16116,F15877
F15776,F15775
F3020,F2991
F7745,F7379
F4262,F4120
F7683,F7367
F5220,F5079
F4871,F4603
F13485,F13143
F7807,F7409
F7125,F6889
F7945,F7729
F8121,F7784
F9906,F9689
F14580,F14405
F4335,F4028
F9163,F8860
F8565,F8450
F5433,F5304
F15027,F14813
F6478,F6146
F10364,F10186
F8872,F8672
F5657,F5449
F6858,F6845
F12920,F12535
F6525,F6274
F5333,F5133
F16125,F16095
F5157,F4858
F8895,F8817
F11249,F10897
F4257,F4122
F16984,F16821
F7391,F7312
F5495,F5378
F7312,F7253
F17292,F17121
F12511,F12306
F5162,F4818
F10974,F10596
F4330,F4162
F10621,F10373
F4068,F3982
F14761,F14551
F10657,F10565
F14154,F13804
F4370,F4196
F16754,F16412
F17859,F17559
F11143,F10779
F15438,F15416
F9268,F8975
F16420,F16285
F10649,F10369
F17425,F17242
F4642,F4589
F4150,F3753
F9378,F9062
F15629,F15399
F10713,F10707
F7653,F7421
F10338,F10317
F11002,F10627
F11190,F10848
F14060,F13819
F14901,F14589
F5397,F5029
F7361,F7057
F16592,F16521
F9597,F9346
F17497,F17104
F12913,F12902
F3519,F3380
F12533,F12426
F8181,F7793
F16066,F15884
F9161,F8970
F8380,F8295
F16830,F16543
F5320,F4959
F9316,F9206
F15728,F15727
F4060,F3742
F4936,F4922
F13390,F13226
F15545,F15273
F9766,F9645
F13621,F13438
F2829,F2775
F3855,F3642
F15149,F14868
F3143,F2943
F15387,F15134
F8459,F8215
F8684,F8498
F4431,F4222
F6899,F6849
F7464,F7302
F11089,F10898
F7170,F6805
F9405,F9147
F4908,F4742
F7949,F7569
F16050,F16018
F10220,F9990
F13418,F13212
F11272,F10945
F4895,F4883
F16747,F16549
F3452,F3411
F8630,F8581
F8117,F7911
F7096,F7014
F9717,F9371
F11556,F11256
F17888,F17589
F6482,F6201
F6457,F6120
F13584,F13352
F17324,F17079
F10361,F10185
F4168,F4075
F7092,F7051
F5492,F5310
F6261,F6025
F10588,F10200
F6436,F6365
F7326,F6981
F11630,F11525
F6817,F6807
F5569,F5248
F13370,F13064
F13698,F13666
F9827,F9613
F14078,F13739
F12538,F12148
F8043,F7857
F10214,F9874
F17568,F17348
F5060,F4933
F8176,F8038
F5148,F5055
F15866,F15494
F12090,F12033
F4932,F4886
F5603,F5502
F13433,F13363
F14380,F13999
F5702,F5468
F7321,F7238
F15101,F15061
F4882,F4666
F17966,F17913
F8402,F8345
F11661,F11599
F8331,F8249
F6543,F6248
F7957,F7716
F10441,F10325
F11188,F11132
F11603,F11493
F14127,F13857
F6588,F6294
F15986,F15913
F16559,F16450
F11852,F11789
F16677,F16408
F7186,F6787
F15155,F14788
F11957,F11776
F9819,F9579
F11252,F11054
F13256,F13091
F16396,F15999
F4114,F3976
F14188,F14069
F5035,F4841
F15562,F15176
F4831,F4678
F9196,F8848
F12166,F12039
F15587,F15210
F3393,F3366
F6467,F6427
F8503,F8244
F10589,F10232
F14703,F14648
F14367,F14246
F14074,F13854
F4398,F4106
F9294,F9005
F9558,F9347
F14196,F13819
F15359,F14963
F6161,F5955
F3350,F3325
F4940,F4693
F16314,F15969
F8392,F8341
F6076,F6039
F6531,F6338
F11410,F11135
F3930,F3534
F9576,F9316
F9911,F9627
F6162,F6045
F5036,F4813
F7480,F7300
F14017,F13879
F3805,F3685
F17854,F17729
F7907,F7555
F8015,F7973
F12499,F12367
F15743,F15513
F6997,F6772
F10719,F10681
F16824,F16646
F12514,F12187
F9351,F9349
F13817,F13498
F3252,F3097
F14798,F14668
F3655,F3448
F9498,F9226
F11983,F11721
F16986,F16806
F3955,F3761
F2907,F2792
F6260,F5900
F9402,F9234
F10725,F10685
F15492,F15224
F9330,F9096
F12304,F11926
F13130,F12997
F7536,F7252
F8081,F7731
F8441,F8131
F12179,F11780
F9254,F9068
F14566,F14217
F13447,F13158
F12122,F11821
F7915,F7859
F17498,F17456
F7084,F6742
F6225,F6042
F5932,F5543
F13463,F13420
F3632,F3455
F14402,F14072
F12327,F12111
F6872,F6816
F11706,F11559
F3211,F2852
F13848,F13588
F13520,F13216
F15427,F15124
F4534,F4374
F7292,F7131
F13634,F13271
F16305,F16072
F10048,F9859
F9948,F9852
F14530,F14384
F16849,F16761
F11576,F11452
F11718,F11603
F10552,F10243
F12891,F12773
F10511,F10257
F4404,F4012
F13848,F13610
F7332,F6932
F17344,F17250
F10775,F10386
F17512,F17158
F13421,F13270
F16199,F15991
F9866,F9829
F16352,F16229
F16649,F16465
F12238,F12047
F7614,F7315
F5811,F5765
F5406,F5405
F14930,F14840
F14511,F14385
F13895,F13629
F4012,F3781
F8789,F8734
F16352,F15966
F9369,F9146
F8315,F8236
F12120,F12036
F11484,F11301
F16412,F16277
F5443,F5353
F10380,F10081
F11203,F10823
F5156,F5067
F8088,F7738
F17749,F17612
F14468,F14261
F6936,F6732
F17163,F16961
F7502,F7341
F17470,F17149
F4984,F4765
F6423,F6042
F7241,F7127
F11091,F10884
F3247,F3089
F11989,F11753
F16518,F16150
F11519,F11308
F6636,F6627
F8875,F8643
F3684,F3636
F2869,F2560
F3723,F3705
F15915,F15556
F4033,F3920
F13425,F13101
F15643,F15567
F3254,F2988
F2998,F2905
F3756,F3665
F4291,F4147
F8938,F8885
F7288,F7101
F8371,F7996
F13856,F13823
F4289,F4227
F6327,F6274
F7660,F7325
F10497,F10214
F16791,F16616
F5795,F5437
F11392,F11359
F16423,F16406
F12490,F12222
F17109,F16889
F17286,F17070
F14859,F14574
F13710,F13606
F3250,F3211
F16150,F15768
F13891,F13587
F11460,F11422
F3712,F3351
F10094,F9892
F12145,F12072
F15223,F15042
F11599,F11549
F16208,F15998
F7365,F7291
F16436,F16094
F9675,F9616
F14882,F14849
F13074,F12756
F10591,F10460
F9638,F9307
F9773,F9612
F16133,F15961
F7261,F7094
F14032,F13639
F7472,F7241
F16635,F16507
F12517,F12264
F17227,F17114
F8275,F7897
F3412,F3048
F13921,F13662
F14939,F14602
F12592,F12212
F14073,F14015
F17560,F17205
F6207,F5875
F9726,F9353
F2945,F2699
F11516,F11248
F12069,F12055
F10034,F9816
F3264,F3192
F12981,F12845
F17844,F17482
F5320,F5178
F6253,F5875
F9092,F8735
F15066,F14802
F17936,F17861
F7779,F7734
F13314,F13123
F8940,F8693
F10242,F9940
F5426,F5111
F6552,F6223
F11034,F10732
F7573,F7285
F13635,F13238
F5539,F5413
F5396,F5057
F7587,F7348
F13015,F12954
F5365,F5174
F15884,F15676
F11597,F11586
F7266,F7112
F14523,F14369
F5616,F5355
F8604,F8323
F9937,F9736
F6136,F6064
F11027,F10709
F13183,F13135
F11478,F11250
F5441,F5167
F8238,F8126
F17622,F17501
F3304,F2963
F3371,F3111
F12334,F12314
F15636,F15278
F7129,F6874
F2815,F2736
F4996,F4889
F16759,F16565
F12044,F11994
F11798,F11447
F8082,F7708
F6734,F6608
F7368,F7195
F12073,F11803
F3815,F3732
F9847,F9471
F7808,F7451
F11987,F11732
F15801,F15614
F14110,F13788
F17437,F17144
F4214,F4163
F14728,F14402
F9512,F9346
F4959,F4612
F16849,F16594
F13393,F13021
F14084,F13736
F7196,F7101
F17985,F17620
F15149,F15070
F6691,F6362
F9405,F9214
F14242,F14113
F14295,F14051
F12744,F12346
F5146,F5031
F12043,F11742
F12030,F11974
F12524,F12338
F6067,F5698
F8374,F8022
F17328,F17094
F3406,F3264
F15682,F15444
F12176,F11969
F13193,F13049
F12471,F12197
F3391,F3321
F13129,F12872
F13848,F13663
F3845,F3805
F6181,F5808
F8505,F8319
F12901,F12642
F17426,F17382
F10647,F10623
F14404,F14164
F15609,F15481
F17953,F17658
F8493,F8443
F9320,F9316
F15344,F15248
F5679,F5341
F11773,F11400
F2731,F2668
F14527,F14195
F14776,F14627
F7473,F7346
F11948,F11854
F10898,F10518
F16209,F16206
F11984,F11645
F8427,F8379
F8406,F8211
F14825,F14498
F14900,F14584
F15868,F15705
F14353,F14177
F6604,F6236
F14613,F14268
F7112,F7083
F12955,F12810
F6545,F6281
F8062,F7703
F16026,F15921
F14834,F14498
F5831,F5627
F6310,F6088
F11936,F11835
F13162,F12943
F11216,F11164
F15260,F14968
F9797,F9690
F12862,F12836
F17306,F16973
F14291,F14252
F11863,F11479
F7024,F6956
F7634,F7451
F4103,F4064
F8003,F7808
F9306,F9273
F6859,F6683
F6051,F5746
F17237,F16867
F6510,F6140
F4071,F3879
F10847,F10828
F3227,F2870
F6148,F5996
F9626,F9344
F8366,F8092
F3206,F2894
F6782,F6507
F15655,F15337
F16758,F16706
F6004,F5732
F13725,F13634
F3939,F3692
F13322,F13076
F9132,F9020
F4698,F4364
F14840,F14506
F3745,F3729
F15835,F15571
F15602,F15445
F4581,F4308
F6039,F5921
F14669,F14344
F8589,F8204
F16266,F15885
F4830,F4730
F3804,F3676
F14179,F14048
F5879,F5673
F5539,F5306
F15313,F14962
F6245,F6112
F5114,F5112
F3919,F3879
F16652,F16388
F10074,F9921
F11664,F11515
F16524,F16432
F12242,F12178
F5377,F5364
F14007,F13760
F8624,F8604
F9087,F9054
F5060,F4809
F10923,F10737
F11276,F10968
F13466,F13162
F8274,F8128
F10125,F10062
F17999,F17758
F10891,F10570
F4125,F3860
F15591,F15455
F17694,F17592
F11295,F11033
F4473,F4075
F7343,F7307
F16317,F15993
F5038,F4655
F5073,F4966
F10832,F10785
F7098,F6910
F7365,F7358
F11605,F11372
F8544,F8334
F7138,F6777
F16484,F16427
F3623,F3394
F15737,F15385
F10484,F10361
F7280,F6892
F5861,F5819
F11076,F10721
F12884,F12710
F8859,F8591
F12852,F12596
F14105,F14025
F6228,F6012
F12231,F12151
F5134,F4755
F9588,F9209
F14757,F14692
F8534,F8284
F17317,F17045
F8396,F8225
F3246,F2941
F8530,F8136
F12489,F12154
F12576,F12492
F11474,F11387
F17739,F17367
F12193,F11797
F3589,F3573
F17398,F17032
F9435,F9218
F15433,F15324
F3305,F3018
F10839,F10626
F10767,F10472
F5185,F4827
F6234,F5836
F4311,F4102
F9930,F9531
F11125,F10966
F4340,F4256
F12388,F12356
F6644,F6524
F11559,F11499
F13082,F12855
F8436,F8247
F8749,F8588
F10416,F10111
F4634,F4455
F3652,F3361
F10193,F9883
F7187,F7122
F15295,F14984
F16064,F15808
F3245,F3233
F3782,F3454
F10968,F10659
F17373,F17318
F10602,F10302
F13850,F13581
F6311,F6003
F11164,F11084
F16151,F15991
F15627,F15302
F16301,F16055
F17900,F17628
F11288,F11251
F7924,F7622
F11215,F11100
F9353,F9266
F14221,F13933
F12894,F12688
F3727,F3543
F15930,F15586
F12709,F12661
F6700,F6532
F14756,F14606
F9952,F9607
F8590,F8537
F10255,F9954
F3813,F3761
F9621,F9553
F16684,F16496
F12207,F12064
F5114,F4833
F2949,F2881
F7502,F7208
F10975,F10783
F7468,F7235
F11971,F11625
F12104,F11894
F12071,F11956
F10659,F10309
F13518,F13188
F10901,F10584
F8520,F8435
F9841,F9458
F2789,F2434
F12782,F12599
F9534,F9306
F15374,F15101
F12208,F12046
F11066,F10715
F10939,F10911
F13838,F13681
F9208,F9195
F14134,F13837
F14680,F14580
F3755,F3622
F5852,F5839
F6371,F6154
F13893,F13854
F7964,F7653
F9807,F9562
F15419,F15052
F8756,F8478
F15327,F15293
F3912,F3696
F9825,F9511
F6451,F6427
F12634,F12512
F16444,F16418
F10997,F10940
F14732,F14433
F4031,F3657
F12069,F11845
F13199,F12925
F11336,F11121
F12870,F12661
F13261,F13012
F7622,F7564
F13150,F12807
F3640,F3329
F12250,F11922
F5295,F5046
F9729,F9685
F6988,F6866
F5792,F5733
F2972,F2867
F7217,F7211
F13718,F13440
F7727,F7476
F16519,F16403
F17298,F17102
F11971,F11779
F5675,F5548
F5374,F5067
F5839,F5636
F16043,F15778
F3756,F3599
F3965,F3697
F17997,F17669
F3823,F3449
F16530,F16529
F16649,F16341
F15896,F15800
F4741,F4518
F5574,F5358
F14059,F13690
F4790,F4659
F9470,F9242
F9439,F9373
F12181,F12054
F3765,F3632
F3880,F3530
F4677,F4651
F15952,F15734
F11394,F11122
F14842,F14791
F5189,F4802
F16066,F15901
F9315,F9097
F15026,F14917
F4816,F4603
F10048,F9719
F17952,F17675
F5976,F5697
F9661,F9386
F4340,F4200
F12753,F12597
F17143,F16970
F17451,F17143
F14951,F14658
F13249,F13219
F6346,F6138
F12239,F12128
F4291,F3893
F9098,F8793
F3256,F2982
F5965,F5598
F10075,F10010
F14654,F14633
F5560,F5383
F11902,F11743
F13826,F13683
F6780,F6440
F15481,F15344
F3935,F3903
F3436,F3160
F17344,F16997
F10499,F10215
F11524,F11185
F4213,F4142
F3355,F2959
F4732,F4705
F11649,F11516
F13608,F13493
F16769,F16621
F6512,F6469
F8494,F8319
F10440,F10212
F9800,F9441
F14601,F14396
F8289,F8284
F13410,F13280
F11395,F11002
F10549,F10263
F7281,F7026
F2748,F2369
F17439,F17321
F17851,F17642
F10901,F10691
F6777,F6606
F6126,F5826
F6608,F6599
F4240,F4089
F14839,F14543
F7713,F7655
F16174,F16137
F9342,F9152
F16969,F16798
F17559,F17402
F3384,F3201
F16008,F15900
F16093,F15953
F10041,F9728
F17128,F17070
F12867,F12669
F8954,F8723
F13652,F13259
F9011,F8714
F16707,F16632
F6847,F6607
F6141,F5768
F16719,F16506
F2855,F2632
F5337,F5325
F3014,F2941
F12605,F12586
F14268,F13985
F9754,F9627
F17166,F17039
F14086,F13959
F14061,F13899
F2714,F2341
F12019,F11696
F7523,F7223
F15414,F15308
F16817,F16720
F4426,F4341
F9173,F8824
F11123,F10922
F3480,F3180
F7624,F7510
F5831,F5433
F14410,F14134
F10271,F9955
F5600,F5309
F15650,F15506
F11719,F11604
F10988,F10776
F9090,F8987
F11994,F11868
F6173,F5927
F16869,F16631
F2976,F2741
F6524,F6438
F8505,F8349
F14455,F14056
F4986,F4917
F4534,F4370
F5785,F5420
F6890,F6735
F15499,F15358
F17192,F17129
F12737,F12401
F2868,F2749
F9732,F9650
F17919,F17664
F7709,F7607
F13152,F13022
F16032,F15993
F5709,F5374
F11282,F11165
F11744,F11357
F16956,F16564
F3854,F3614
F12955,F12936
F4374,F4097
F5151,F5020
F7911,F7899
F8443,F8346
F13248,F13221
F14333,F14247
F9636,F9339
F16975,F16728
F9270,F9248
F5159,F5069
F6890,F6627
F16985,F16592
F14371,F13999
F4871,F4501
F7468,F7440
F3267,F2988
F9935,F9836
F2989,F2842
F6990,F6899
F5284,F5037
F11156,F10983
F6819,F6503
F8831,F8452
F3000,F2898
F8438,F8427
F15178,F15031
F8537,F8152
F8298,F8149
F7671,F7409
F17580,F17454
F13153,F13002
F6345,F6295
F15340,F15229
F2927,F2541
F12908,F12765
F4654,F4437
F6951,F6798
F9859,F9524
F8766,F8724
F15532,F15155
F13734,F13656
F17332,F17264
F6549,F6178
F8835,F8484
F14192,F13911
F7831,F7600
F11191,F10903
F12821,F12747
F4515,F4115
F6179,F5933
F5724,F5411
F12160,F11994
F15367,F15064
F12932,F12727
F9216,F8909
F7602,F7281
F10397,F10070
F11934,F11684
F17577,F17241
F12525,F12163
F4424,F4398
F4468,F4295
F7738,F7656
F14902,F14589
F12617,F12454
F7496,F7256
F9380,F9156
F10065,F9812
F4100,F3995
F11732,F11583
F8069,F8008
F15747,F15735
F16264,F16098
F15788,F15638
F7047,F7032
F14410,F14049
F10338,F9983
F5356,F5266
F4300,F3943
F7828,F7464
F9818,F9658
F17041,F16896
F7323,F7316
F14842,F14496
F15766,F15613
F9951,F9772
F9862,F9698
F11912,F11715
F13071,F12943
F12356,F12297
F15011,F14933
F5911,F5588
F6145,F6095
F4357,F4329
F3471,F3290
F17524,F17458
F15014,F14958
F12568,F12340
F15347,F15190
F6135,F6111
F13241,F12878
F7650,F7399
F7029,F6820
F15271,F14878
F17581,F17466
F7326,F6999
F5985,F5896
F13074,F12924
F7717,F7589
F14984,F14722
F9275,F9243
F16867,F16823
F3445,F3399
F8498,F8496
F4050,F3770
F17170,F17129
F9325,F9284
F3677,F3311
F5920,F5583
F9550,F9446
F12485,F12238
F16212,F16167
F16932,F16905
F4047,F3911
F7698,F7334
F15453,F15362
F15893,F15697
F13634,F13548
F9849,F9815
F15704,F15660
F6851,F6560
F15534,F15238
F4318,F4276
F6709,F6683
F5662,F5397
F2775,F2453
F17473,F17107
F14913,F14555
F17132,F16885
F4920,F4529
F12350,F12204
F16231,F15974
F9648,F9493
F11376,F11265
F15672,F15380
F16751,F16696
F3739,F3501
F10814,F10685
F10967,F10633
F14741,F14426
F16332,F16038
F5684,F5407
F15943,F15552
F6070,F6034
F6770,F6520
F2967,F2870
F13485,F13137
F14757,F14369
F15664,F15620
F13297,F12951
F14356,F14048
F16642,F16257
F2715,F2519
F11732,F11684
F12517,F12497
F14719,F14384
F9461,F9455
F3421,F3144
F14049,F13932
F17635,F17353
F17599,F17468
F12459,F12061
F14205,F14070
F9750,F9483
F8222,F8081
F12045,F11951
F10021,F9869
F16989,F16700
F13515,F13193
F10340,F10100
F14087,F14068
F12772,F12439
F11295,F11243
F10575,F10363
F17797,F17645
F6234,F6069
F7425,F7304
F10948,F10784
F4868,F4531
F6910,F6512
F12668,F12628
F8229,F8214
F2740,F2724
F4425,F4115
F12192,F12120
F9699,F9566
F17242,F17241
F16706,F16317
F14728,F14556
F9277,F9052
F10310,F10130
F12789,F12670
F11343,F11166
F15677,F15306
F17872,F17730
F4007,F3870
F7284,F6951
F17646,F17637
F11066,F11000
F16435,F16142
F4725,F4494
F10748,F10531
F15163,F14803
F17646,F17478
F6283,F6145
F3122,F2781
F8652,F8500
F3896,F3638
F5750,F5681
F7209,F6996
F3353,F3235
F4669,F4374
F14443,F14175
F16623,F16453
F9791,F9446
F9131,F8761
F10151,F10022
F14524,F14350
F4978,F4656
F14525,F14349
F8502,F8306
F17420,F17176
F17170,F16926
F6134,F5865
F15351,F15127
F10517,F10306
F2995,F2970
F3973,F3930
F12676,F12358
F15719,F15348
F12378,F12304
F7949,F7878
F14674,F14403
F5757,F5701
F14804,F14712
F5610,F5472
F17606,F17511
F13899,F13524
F16668,F16383
F11735,F11377
F4885,F4526
F11282,F10892
F14070,F14048
F7833,F7664
F14818,F14552
F12951,F12711
F12714,F12621
F4771,F4768
F8269,F8134
F7095,F7019
F4070,F4049
F4587,F4462
F11967,F11934
F14675,F14308
F3446,F3170
F6543,F6305
F16840,F16550
F4570,F4446
F11761,F11683
F4473,F4193
F16225,F15963
F3067,F2989
F15279,F15092
F7827,F7506
F10153,F9898
F3030,F2797
F10902,F10894
F4272,F4227
F15517,F15435
F9367,F9016
F12219,F11839
F11120,F10941
F11632,F11379
F5564,F5323
F14927,F14652
F6909,F6630
F7723,F7707
F8260,F8003
F3602,F3529
F14394,F14286
F14146,F13857
F16442,F16070
F4221,F4092
F17857,F17837
F11709,F11387
F14516,F14450
F12123,F12002
F5130,F4998
F5150,F5025
F11894,F11649
F4828,F4596
F3356,F3085
F8697,F8420
F10316,F10197
F4870,F4492
F10638,F10477
F15862,F15467
F4764,F4461
F13235,F12971
F8044,F7673
F11789,F11734
F4635,F4526
F13603,F13549
F16445,F16156
F3474,F3153
F16474,F16266
F14141,F13858
F13508,F13163
F17334,F17019
F8710,F8687
F2764,F2405
F12311,F12081
F4465,F4313
F17427,F17382
F13257,F13231
F6252,F5945
F11305,F11138
F8021,F7693
F15105,F14795
F17046,F16914
F7485,F7314
F9179,F8912
F11408,F11194
F16576,F16320
F3882,F3695
F2979,F2969
F14885,F14691
F4379,F4371
F15413,F15016
F5647,F5402
F15276,F15065
F15232,F14971
F9489,F9252
F3109,F2799
F11538,F11336
F3440,F3354
F2948,F2775
F10114,F10101
F16753,F16559
F9000,F8637
F17874,F17721
F8813,F8788
F7643,F7490
F15131,F14953
F6068,F5717
F14215,F13886
F5430,F5157
F7109,F6879
F8070,F7732
F9648,F9539
F10752,F10467
F15870,F15672
F3238,F2941
F16849,F16457
F3329,F2949
F9782,F9420
F9173,F9111
F10892,F10871
F14690,F14644
F15929,F15793
F15347,F15330
F15286,F15047
F11082,F10883
F8828,F8661
F10971,F10949
F3399,F3103
F11561,F11249
F3050,F2919
F13334,F13201
F17711,F17323
F4417,F4351
F12946,F12612
F6855,F6514
F16062,F15929
F11359,F11233
F11495,F11281
F2902,F2762
F9991,F9922
F10244,F10052
F5143,F4828
F3753,F3530
F12325,F12206
F7747,F7400
F16043,F15990
F15676,F15359
F4271,F4118
F7022,F6928
F5231,F5077
F8143,F7961
F11046,F10792
F4673,F4552
F12558,F12369
F11006,F10739
F9746,F9668
F3218,F2978
F17765,F17516
F15705,F15395
F5925,F5740
F16237,F15866
F13802,F13733
F6742,F6344
F6888,F6534
F16796,F16667
F15891,F15534
F14127,F14117
F16469,F16181
F15059,F14675
F4526,F4158
F6795,F6609
F13830,F13450
F9764,F9580
F12339,F12293
F8123,F8107
F10595,F10381
F7274,F6898
F16350,F16094
F6848,F6522
F9893,F9826
F10557,F10332
F10763,F10441
F10213,F10192
F9880,F9867
F9593,F9456
F16124,F15866
F8545,F8454
F8018,F7698
F15977,F15750
F4686,F4324
F16656,F16429
F16906,F16709
F12072,F11998
F17966,F17804
F6272,F6115
F7390,F7251
F5311,F5102
F8893,F8792
F2896,F2542
F14461,F14354
F16888,F16558
F16129,F16022
F3737,F3396
F15407,F15123
F12351,F12094
F16615,F16490
F8404,F8312
F3496,F3176
F8271,F8198
F3293,F2923
F8532,F8290
F6580,F6372
F9642,F9253
F11131,F10903
F3687,F3414
F7515,F7359
F5070,F4959
F6847,F6688
F3994,F3683
F14663,F14424
F4455,F4420
F12832,F12601
F9944,F9872
F11744,F11515
F7597,F7275
F6790,F6472
F15287,F15271
F9639,F9634
F10161,F9917
F17701,F17667
F2989,F2739
F3303,F3101
F17465,F17293
F16838,F16517
F6570,F6395
F5791,F5757
F16185,F15902
F10719,F10703
F14164,F14082
F11947,F11733
F3207,F2832
F13987,F13807
F14716,F14496
F10087,F10039
F9728,F9637
F13719,F13354
F2928,F2803
F10866,F10663
F12632,F12366
F17538,F17204
F13755,F13741
F9531,F9483
F13591,F13337
F4042,F3827
F13553,F13477
F7033,F6644
F5583,F5487
F14325,F14043
F5908,F5528
F14397,F14251
F6532,F6214
F6214,F6035
F8963,F8780
F5310,F5111
F11803,F11638
F6490,F6343
F15458,F15308
F15913,F15661
F4768,F4714
F5597,F5523
F8496,F8476
F9800,F9517
F11794,F11711
F4767,F4486
F7660,F7422
F4794,F4627
F11698,F11681
F14451,F14285
F6618,F6485
F7122,F6916
F14053,F13701
F12198,F11968
F12000,F11894
F12535,F12449
F7181,F7176
F5809,F5415
F11005,F10899
F5146,F4988
F6162,F5770
F5763,F5751
F3627,F3465
F8292,F7918
F10210,F9953
F12023,F11920
F7492,F7185
F2900,F2542
F16177,F16084
F5580,F5448
F17579,F17334
F6454,F6330
F3475,F3196
F10264,F9906
F6782,F6426
F9829,F9707
F10831,F10817
F11153,F10820
F12404,F12254
F8732,F8669
F16886,F16644
F9139,F8899
F13451,F13167
F6576,F6545
F17332,F17175
F14789,F14709
F7491,F7342
F9187,F9050
F13749,F13539
F15333,F15283
F11585,F11445
F16091,F15892
F9240,F9012
F8605,F8492
F9643,F9476
F16114,F16090
F7374,F7168
F11714,F11432
F14507,F14473
F5457,F5149
F13404,F13038
F16818,F16635
F4348,F4019
F6683,F6463
F13893,F13758
F3458,F3104
F5854,F5458
F7064,F6898
F8580,F8272
F11675,F11322
F15774,F15713
F11748,F11713
F13492,F13366
F10096,F9763
F8965,F8917
F10813,F10484
F12987,F12742
F3719,F3672
F17433,F17100
F12382,F12344
F13335,F13322
F11026,F10646
F13960,F13764
F3278,F3100
F3882,F3525
F13902,F13872
F12747,F12675
F6002,F5858
F11905,F11512
F8245,F7907
F12763,F12457
F16939,F16915
F16658,F16498
F9494,F9390
F11496,F11324
F6093,F5847
F11532,F11413
F12097,F11868
F9378,F9266
F17093,F17030
F15216,F14870
F8567,F8330
F9592,F9374
F9365,F9153
F14883,F14505
F5399,F5104
F12331,F11943
F13125,F13038
F10024,F9986
F14899,F14568
F14989,F14853
F7380,F7252
F6361,F6317
F16380,F16154
F15584,F15454
F4368,F3982
F6029,F5729
F16476,F16454
F14914,F14613
F14778,F14569
F17507,F17149
F6112,F6070
F9526,F9520
F16393,F16034
F14773,F14412
F7946,F7796
F13227,F12913
F13191,F12872
F16807,F16559
F6366,F6193
F13730,F13559
F2942,F2552
F5175,F5143
F9716,F9544
F9242,F8941
F15451,F15122
F12574,F12257
F2724,F2429
F7248,F7196
F7878,F7750
F3702,F3533
F12055,F11799
F5224,F5129
F12962,F12619
F14386,F14275
F6296,F6197
F13765,F13404
F10054,F9936
F11385,F11338
F15398,F15034
F14364,F14079
F14572,F14267
F5348,F4959
F15567,F15409
F14202,F13835
F4515,F4469
F4598,F4594
F3713,F3505
F9511,F9114
F13421,F13191
F8612,F8457
F14600,F14576
F2789,F2394
F5890,F5757
F12136,F11812
F8871,F8793
F6495,F6365
F13579,F13252
F14356,F14163
F13091,F12835
F17246,F17167
F11978,F11973
F4579,F4436
F13038,F12946
F11781,F11772
F7232,F7010
F10349,F10320
F7196,F6960
F11872,F11495
F4449,F4384
F4284,F4157
F11373,F11049
F16002,F15722
F14932,F14655
F13202,F13026
F3681,F3551
F17171,F17034
F13278,F12923
F9527,F9301
F8925,F8663
F10447,F10051
F5088,F4786
F7849,F7674
F14881,F14844
F11686,F11526
F5004,F4873
F14282,F13950
F6060,F5950
F16206,F16132
F14423,F14146
F12142,F12013
F11846,F11611
F14934,F14923
F5255,F4914
F6474,F6332
F14255,F14205
F9094,F8954
F4586,F4269
F3010,F2800
F5438,F5069
F10270,F10047
F16226,F16210
F4526,F4208
F5748,F5544
F6701,F6612
F4521,F4235
F15006,F14690
F13359,F13324
F9376,F9106
F3408,F3093
F16630,F16387
F12541,F12391
F14642,F14521
F9345,F9320
F15830,F15750
F8058,F7895
F4754,F4453
F8345,F8087
F5336,F5140
F15363,F15131
F16290,F15979
F9664,F9334
F14580,F14487
F17327,F16949
F3887,F3884
F6678,F6420
F15710,F15650
F13492,F13360
F5957,F5751
F13764,F13684
F17781,F17760
F4581,F4233
F12240,F11890
F14232,F14023
F4532,F4231
F12992,F12934
F13482,F13427
F11963,F11940
F13051,F12710
F3113,F3076
F14102,F13921
F17113,F16916
F9813,F9776
F2742,F2656
F17432,F17250
F13489,F13477
F12758,F12694
F13933,F13575
F12805,F12424
F7484,F7442
F13106,F12773
F8610,F8275
F3748,F3529
F9174,F9051
F10197,F9969
F14226,F13940
F8492,F8351
F4747,F4486
F3238,F2926
F14000,F13923
F16752,F16746
F6075,F6007
F15663,F15417
F10929,F10759
F10502,F10286
F6977,F6812
F4907,F4668
F3734,F3452
F6584,F6378
F8063,F7708
F13234,F13034
F9708,F9617
F11656,F11531
F13506,F13343
F2873,F2554
F5473,F5469
F7394,F7313
F12178,F11937
F16810,F16727
F17425,F17127
F3743,F3677
F2748,F2604
F5558,F5525
F6788,F6629
F11913,F11553
F13818,F13632
F13678,F13522
F11010,F11001
F11452,F11069
F8690,F8502
F6814,F6623
F17624,F17424
F16697,F16651
F8915,F8755
F7191,F6823
F3076,F2963
F5657,F5387
F13423,F13115
F9081,F8909
F15549,F15434
F8899,F8851
F12630,F12592
F10162,F10042
F4193,F3978
F8832,F8477
F9259,F9195
F9575,F9506
F7266,F6920
F11498,F11253
F16616,F16566
F17752,F17730
F3978,F3767
F7246,F6923
F11832,F11703
F9963,F9569
F9205,F9071
F11335,F11169
F14204,F14170
F16423,F16217
F16161,F15926
F6996,F6973
F8102,F8042
F12019,F11986
F14738,F14610
F15827,F15622
F16322,F16062
F12673,F12505
F9532,F9337
F8928,F8733
F8951,F8601
F9275,F9013
F13071,F12673
F7478,F7469
F8338,F7971
F12369,F12209
F16721,F16572
F4147,F3821
F2915,F2761
F10015,F9710
F12014,F11619
F7006,F6763
F17823,F17651
F6252,F6047
F3358,F3297
F14014,F13764
F10287,F9924
F3886,F3687
F13345,F13239
F14043,F13654
F2991,F2836
F5975,F5732
F3613,F3585
F5725,F5329
F14867,F14652
F5893,F5880
F10447,F10320
F4547,F4466
F17725,F17585
F16639,F16625
F6501,F6376
F11653,F11444
F7525,F7346
F14209,F14109
F12040,F11736
F6222,F5869
F10834,F10589
F6323,F6169
F6291,F5948
F9344,F9261
F10385,F10314
F11935,F11729
F12134,F11784
F14651,F14418
F16843,F16529
F6862,F6726
F16349,F16108
F17784,F17425
F15923,F15619
F4606,F4277
F13339,F13005
F4842,F4702
F7187,F7116
F3774,F3416
F14355,F14204
F6411,F6028
F14513,F14188
F6298,F6199
F4988,F4728
F3103,F2939
F14895,F14501
F13472,F13095
F4215,F3831
F14137,F13958
F13672,F13501
F15867,F15721
F9436,F9331
F6873,F6622
F14805,F14560
F16692,F16508
F6905,F6506
F5424,F5161
F12993,F12981
F16612,F16267
F6347,F6214
F7718,F7717
F4634,F4434
F13672,F13533
F5615,F5319
F14550,F14391
F7265,F7187
F12191,F11963
F12409,F12023
F7519,F7273
F15496,F15333
F5946,F5786
F12593,F12227
F15133,F14750
F11476,F11148
F11623,F11296
F3841,F3456
F14518,F14140
F4527,F4339
F12286,F11907
F9278,F9049
F2887,F2742
F5526,F5307
F7395,F7315
F7255,F7089
F8660,F8397
F8695,F8442
F8393,F8000
F14981,F14784
F10915,F10738
F17875,F17695
F8785,F8500
F9256,F8986
F9765,F9491
F3164,F2873
F13546,F13509
F8084,F8081
F9040,F8759
F4867,F4681
F10288,F10284
F9754,F9690
F14307,F14113
F6655,F6578
F17203,F16898
F16444,F16181
F6229,F5880
F5853,F5489
F15123,F14887
F16890,F16508
F16536,F16348
F5541,F5184
F12941,F12555
F10134,F9918
F10904,F10664
F10926,F10745
F15683,F15551
F12036,F11644
F4501,F4401
F3538,F3530
F7910,F7718
F8928,F8705
F11652,F11552
F11058,F11028
F9089,F8779
F15356,F15057
F10593,F10550
F10220,F9834
F8544,F8318
F5114,F5040
F12513,F12268
F15649,F15367
F11510,F11308
F15759,F15688
F15834,F15523
F7314,F7105
F3320,F2969
F4021,F3828
F5383,F5047
F9456,F9296
F10414,F10367
F10080,F9781
F13779,F13495
F13156,F13096
F16351,F16103
F4944,F4682
F10239,F10100
F12157,F12010
F12161,F11870
F4661,F4434
F8142,F7879
F7394,F7319
F14317,F13947
F8672,F8669
F10314,F9957
F9719,F9344
F14478,F14350
F9445,F9380
F4770,F4641
F3776,F3457
F16991,F16957
F13791,F13699
F8069,F7858
F7380,F7110
F13602,F13550
F3413,F3026
F17636,F17432
F15628,F15240
F17792,F17766
F16119,F15968
F4080,F3878
F8325,F7971
F7376,F7306
F16049,F15815
F4383,F4283
F12702,F12446
F14820,F14759
F17273,F16935
F17667,F17353
F16990,F16864
F16409,F16219
F13237,F13118
F9931,F9584
F6719,F6542
F11832,F11667
F3093,F2700
F13891,F13557
F6438,F6308
F15508,F15165
F15049,F15002
F3259,F3097
F14645,F14266
F15447,F15054
F2956,F2928
F16057,F16003
F7040,F6954
F12800,F12460
F6049,F5817
F15499,F15268
F8405,F8347
F3635,F3567
F16942,F16847
F4290,F4079
F4859,F4812
F7619,F7464
F15182,F14989
F13090,F12877
F10942,F10804
F5797,F5489
F3088,F2827
F5450,F5357
F4858,F4782
F17085,F16788
F6427,F6081
F14609,F14456
F8742,F8587
F16606,F16278
F10242,F10065
F13945,F13628
F17693,F17404
F13086,F12715
F13399,F13022
F16844,F16802
F16376,F16000
F13588,F13567
F15221,F14865
F17553,F17439
F12877,F12707
F3950,F3874
F3977,F3627
F10306,F10017
F14858,F14466
F17501,F17150
F10215,F9865
F9169,F8898
F9650,F9293
F15922,F15749
F15355,F15335
F6737,F6523
F15057,F14953
F8872,F8871
F17549,F17351
F10812,F10426
F4209,F4152
F16865,F16543
F14751,F14578
F8965,F8696
F14547,F14546
F17399,F17183
F12116,F12111
F15180,F14947
F7994,F7745
F16507,F16147
F17706,F17608
F3128,F3013
F11036,F10716
F14630,F14575
F15228,F15216
F3937,F3802
F14718,F14503
F4384,F4240
F11462,F11183
F17829,F17773
F8497,F8192
F12279,F11950
F5885,F5876
F6288,F6284
F4957,F4782
F3068,F2767
F8554,F8309
F17382,F17354
F6469,F6178
F7657,F7650
F5874,F5821
F15550,F15446
F17917,F17794
F4256,F3856
F11647,F11389
F4268,F4200
F10533,F10387
F11034,F10666
F9294,F9078
F7435,F7387
F12616,F12275
F6636,F6467
F17574,F17304
F10854,F10831
F5793,F5770
F3600,F3578
F3734,F3679
F2907,F2550
F4784,F4454
F5530,F5230
F16061,F15831
F14926,F14782
F4784,F4504
F10538,F10425
F17805,F17656
F11655,F11418
F5927,F5689
F7139,F6849
F10698,F10385
F4975,F4744
F2730,F2637
F6514,F6259
F17059,F16702
F9285,F8969
F4300,F3944
F3943,F3545
F16759,F16448
F8343,F8282
F3213,F2890
F10483,F10398
F7355,F7177
F14907,F14793
F15243,F15105
F8376,F8235
F6611,F6396
F11230,F11083
F9739,F9441
F3629,F3588
F10286,F10062
F4354,F4092
F9148,F8785
F15652,F15258
F9872,F9574
F11689,F11549
F12315,F12200
F13759,F13364
F7233,F7095
F12799,F12588
F7876,F7819
F10437,F10186
F11583,F11274
F8649,F8482
F3618,F3442
F10866,F10475
F15232,F15201
F8969,F8675
F11530,F11400
F11749,F11516
F9061,F9015
F4375,F4024
F17597,F17300
F11741,F11563
F17250,F17068
F14844,F14617
F3940,F3908
F3798,F3468
F4295,F4074
F10949,F10593
F15934,F15895
F12420,F12029
F7135,F6847
F8687,F8433
F8930,F8650
F12528,F12183
F16723,F16420
F13738,F13656
F9643,F9481
F15592,F15378
F11976,F11810
F15555,F15543
F7984,F7698
F13445,F13113
F7476,F7380
F7621,F7401
F13095,F12974
F15682,F15390
F9570,F9393
F7430,F7082
F13328,F13059
F14320,F14318
F2755,F2375
F4204,F4087
F14274,F14143
F12491,F12175
F2886,F2637
F13544,F13147
F6407,F6214
F9347,F8999
F8081,F7840
F3431,F3415
F3991,F3938
F2891,F2612
F10098,F9700
F10254,F10019
F5296,F5186
F6879,F6735
F13972,F13933
F5695,F5610
F7900,F7529
F17643,F17324
F8544,F8267
F12526,F12418
F13043,F12962
F3658,F3284
F10796,F10659
F16729,F16452
F14133,F14124
F15215,F15135
F3086,F2931
F9977,F9722
F2864,F2631
F10399,F10203
F9513,F9496
F12438,F12324
F16382,F16249
F8622,F8250
F11457,F11132
F13210,F12842
F12168,F12046
F8182,F8057
F13175,F13171
F3953,F3733
F13206,F13022
F6236,F5928
F14458,F14232
F17866,F17555
F5381,F5067
F15122,F14853
F5938,F5923
F7780,F7508
F8351,F8146
F9129,F9100
F4502,F4481
F14083,F14047
F16196,F16138
F3300,F3181
F6442,F6430
F10924,F10809
F14559,F14551
F10780,F10694
F7740,F7457
F5480,F5364
F9621,F9349
F10098,F9743
F14195,F13952
F17462,F17232
F7795,F7408
F11592,F11297
F2875,F2694
F9357,F8969
F9656,F9425
F16720,F16539
F7333,F6939
F12197,F12121
F10631,F10246
F10021,F10006
F14642,F14438
F17938,F17906
F8430,F8317
F14245,F13944
F10933,F10687
F13721,F13642
F6531,F6295
F11512,F11208
F17704,F17682
F14909,F14686
F4490,F4236
F14289,F14263
F16602,F16235
F12080,F11895
F8901,F8611
F6237,F6071
F11428,F11307
F12242,F12015
F17059,F17033
F7957,F7703
F16569,F16391
F10140,F9765
F11524,F11469
F15646,F15633
F10311,F10078
F5656,F5419
F10076,F9969
F4792,F4497
F11625,F11278
F4416,F4338
F4971,F4805
F7700,F7593
F13391,F13080
F13547,F13360
F15227,F15040
F15142,F15122
F4524,F4150
F11238,F11099
F12687,F12468
F15886,F15822
F11430,F11270
F9527,F9388
F5188,F5039
F2780,F2514
F12609,F12285
F5952,F5634
F13403,F13027
F16180,F15882
F15327,F14928
F16841,F16746
F8742,F8719
F5776,F5767
F11899,F11561
F8375,F8093
F16843,F16447
F12287,F11939
F9420,F9158
F13102,F12755
F12133,F11873
F13047,F12693
F12969,F12728
F15652,F15519
F12383,F12088
F6017,F5827
F7537,F7403
F11083,F10791
F10756,F10725
F6766,F6513
F11787,F11418
F4790,F4495
F9604,F9294
F15081,F15061
F11384,F11292
F12919,F12632
F10906,F10864
F3211,F3200
F11014,F10850
F11378,F11201
F12411,F12273
F17933,F17743
F15858,F15819
F11224,F10966
F12036,F11873
F7322,F7231
F10515,F10225
F5575,F5210
F17562,F17269
F8180,F8063
F12832,F12770
F16289,F16151
F7192,F7161
F10047,F9981
F14079,F14037
F7171,F6905
F6855,F6849
F4420,F4182
F13724,F13523
F12910,F12526
F12074,F11882
F11684,F11459
F10848,F10452
F11115,F10876
F6097,F6075
F8214,F7860
F4943,F4828
F10374,F10079
F14992,F14813
F13999,F13895
F10826,F10555
F3244,F2950
F17342,F17175
F14149,F14037
F4346,F4133
F9198,F9168
F8748,F8747
F17022,F16985
F5072,F5039
F6651,F6398
F12385,F11989
F17547,F17274
F3483,F3288
F9936,F9609
F4226,F4215
F12303,F11932
F6404,F6403
F15418,F15165
F3703,F3693
F11649,F11512
F5992,F5868
F3758,F3645
F17308,F16962
F9226,F9142
F3397,F3124
F6757,F6531
F8717,F8515
F9385,F9247
F5371,F5067
F13362,F13329
F8136,F7857
F3584,F3371
F9664,F9527
F3818,F3691
F5004,F4728
F6136,F5800
F6134,F5889
F8579,F8208
F8995,F8719
F12027,F11894
F16065,F15740
F10651,F10322
F7510,F7363
F14146,F13952
F11173,F11095
F15263,F15175
F17033,F16983
F7352,F7127
F4308,F4091
F11134,F11068
F7044,F6728
F5878,F5790
F15754,F15414
F13891,F13669
F8362,F8146
F14512,F14403
F10727,F10384
F7903,F7523
F12572,F12473
F15180,F14874
F6435,F6177
F10842,F10717
F6536,F6489
F4734,F4573
F11020,F10787
F16848,F16846
F8435,F8163
F14690,F14419
F13148,F13114
F2817,F2687
F2876,F2552
F8850,F8527
F4499,F4196
F2885,F2872
F17128,F17127
F15017,F14881
F6379,F5990
F8006,F7838
F15030,F14868
F11930,F11546
F14624,F14609
F9480,F9313
F12054,F11779
F12413,F12235
F10804,F10412
F8563,F8432
F8495,F8121
F14505,F14415
F17844,F17487
F10308,F10199
F15468,F15215
F7747,F7441
F14579,F14571
F14534,F14276
F13024,F12927
F17172,F16950
F17760,F17664
F9124,F9062
F14502,F14370
F9063,F8867
F3853,F3486
F6506,F6504
F11543,F11349
F7767,F7412
F3390,F3282
F16441,F16388
F16017,F16005
F5241,F5072
F3718,F3348
F3043,F2696
F4476,F4289
F4247,F3912
F15901,F15814
F6385,F6084
F9390,F8994
F6815,F6796
F16523,F16246
F5302,F5046
F3488,F3406
F17452,F17424
F12315,F12027
F8075,F7735
F11697,F11533
F10917,F10592
F12173,F11970
F15670,F15520
F7090,F7086
F13257,F12937
F11958,F11710
F13865,F13488
F9095,F9008
F16889,F16658
F4605,F4538
F15464,F15106
F15282,F15250
F12315,F12262
F13283,F12917
F4779,F4412
F12291,F12105
F7175,F6846
F14054,F13881
F14402,F14298
F9567,F9541
F3083,F2887
F15169,F14998
F5345,F5343
F9255,F9015
F3781,F3484
F14357,F14054
F17226,F16929
F10431,F10191
F9509,F9139
F5996,F5631
F3949,F3598
F9178,F8871
F9873,F9600
F14713,F14448
F15357,F15318
F17289,F17163
F7155,F6977
F14841,F14554
F10847,F10673
F10214,F9822
F8475,F8125
F2833,F2826
F10283,F10058
F4899,F4668
F11140,F10841
F3791,F3576
F8432,F8367
F2793,F2677
F5335,F5149
F4180,F3959
F6110,F6068
F7551,F7237
F7504,F7451
F15230,F15092
F13548,F13254
F4098,F3793
F15426,F15107
F16656,F16566
F15287,F15018
F14549,F14275
F8326,F8278
F4215,F4155
F2906,F2722
F11979,F11616
F6680,F6538
F9405,F9169
F15684,F15476
F11982,F11943
F10151,F9883
F7090,F6830
F8797,F8467
F15721,F15363
F14893,F14553
F15960,F15621
F16784,F16771
F3956,F3921
F2793,F2726
F9887,F9642
F14419,F14153
F12178,F11853
F7543,F7256
F3792,F3714
F9998,F9864
F16157,F15856
F14250,F13925
F16539,F16451
F10953,F10782
F5122,F4900
F11391,F11206
F10883,F10523
F15430,F15130
F13131,F12752
F4269,F3882
F4958,F4609
F3124,F2952
F15218,F14923
F8274,F8187
F16500,F16464
F5096,F4996
F15419,F15414
F2737,F2446
F4334,F4119
F4727,F4514
F6983,F6951
F15348,F14965
F6490,F6273
F6307,F6214
F2744,F2462
F10563,F10404
F3178,F3078
F12999,F12727
F10039,F9983
F14454,F14406
F15251,F15198
F10897,F10775
F16394,F16207
F8746,F8467
F4857,F4856
F12565,F12397
F3385,F3140
F6132,F5878
F12425,F12417
F6739,F6535
F13463,F13444
F4297,F4055
F10608,F10558
F17694,F17587
F17826,F17783
F10200,F10033
F17448,F17333
F4312,F4216
F13686,F13562
F13889,F13659
F11262,F10936
F17160,F16838
F3563,F3284
F13631,F13524
F3928,F3918
F10972,F10658
F11023,F10855
F9649,F9485
F6928,F6799
F9841,F9784
F16552,F16247
F2909,F2540
F11264,F11156
F17243,F16936
F5540,F5248
F16909,F16830
F17849,F17554
F16099,F15847
F8738,F8380
F17125,F16800
F7014,F6876
F17669,F17313
F12718,F12660
F5684,F5514
F11688,F11426
F13083,F13036
F9396,F9034
F16600,F16340
F15923,F15763
F13660,F13329
F17640,F17379
F13445,F13315
F4998,F4636
F4805,F4454
F5740,F5615
F14130,F13924
F10467,F10422
F13315,F12925
F16731,F16478
F7442,F7333
F14525,F14390
F16581,F16399
F15371,F15201
F4522,F4261
F9364,F9287
F9689,F9687
F10711,F10421
F7613,F7418
F10472,F10165
F10619,F10595
F15576,F15404
F17526,F17230
F3495,F3145
F14439,F14309
F15667,F15473
F14093,F13793
F11592,F11346
F12848,F12633
F6933,F6571
F6386,F6232
F8709,F8583
F6473,F6215
F5546,F5481
F3169,F2899
F15282,F15059
F15555,F15300
F4865,F4524
F17962,F17713
F7534,F7195
F13115,F12802
F9872,F9479
F7301,F7288
F14541,F14335
F14209,F13920
F15080,F14873
F9745,F9590
F15432,F15367
F15660,F15421
F11786,F11611
F16983,F16669
F11788,F11463
F2776,F2691
F7761,F7501
F3097,F3003
F13771,F13503
F14766,F14631
F4663,F4527
F12973,F12718
F16132,F15893
F6036,F5953
F5453,F5184
F6440,F6201
F7424,F7326
F11197,F10876
F12192,F11884
F13932,F13669
F13982,F13730
F14996,F14643
F7943,F7562
F11401,F11233
F7927,F7851
F8726,F8511
F16095,F15966
F3631,F3562
F4390,F4053
F17435,F17231
F7509,F7461
F17550,F17167
F6914,F6700
F12059,F11700
F17044,F16967
F14760,F14715
F6487,F6119
F15695,F15580
F16614,F16361
F12666,F12447
F8145,F8104
F10921,F10688
F5924,F5533
F3535,F3160
F17279,F17017
F13853,F13466
F17271,F16892
F13346,F13074
F17992,F17903
F3122,F2730
F13392,F13236
F12343,F12147
F5715,F5642
F7208,F6817
F13028,F12916
F5553,F5154
F8669,F8437
F5411,F5038
F5951,F5836
F11876,F11548
F4987,F4875
F7540,F7340
F8809,F8472
F13918,F13713
F16247,F16125
F5768,F5597
F16651,F16567
F5268,F5190
F6933,F6702
F17445,F17358
F13957,F13794
F11750,F11613
F8955,F8715
F3647,F3385
F15115,F14830
F7617,F7522
F9042,F8943
F15832,F15560
F8433,F8099
F10877,F10660
F7736,F7673
F5302,F4987
F7064,F7060
F16336,F16030
F12464,F12149
F8604,F8354
F15464,F15360
F16686,F16629
F5116,F4990
F2903,F2587
F5908,F5620
F4667,F4373
F3620,F3233
F16710,F16448
F11545,F11432
F17280,F17122
F17616,F17499
F8824,F8568
F4525,F4391
F3656,F3264
F14085,F14035
F10773,F10645
F8097,F7819
F11420,F11218
F9729,F9641
F16196,F15870
F16628,F16454
F2719,F2529
F8311,F8099
F17203,F17092
F2831,F2669
F3492,F3225
F15222,F15125
F17228,F16947
F5467,F5402
F4959,F4942
F10899,F10830
F8602,F8414
F11647,F11308
F16216,F15960
F12413,F12162
F14428,F14285
F3630,F3476
F3803,F3531
F15464,F15211
F12395,F12040
F14132,F14098
F13145,F12752
F16559,F16199
F2759,F2550
F16019,F15764
F15184,F14901
F13147,F12788
F4974,F4593
F3324,F3320
F15059,F14794
F11151,F10782
F10539,F10459
F17137,F17028
F3414,F3148
F16194,F16091
F15399,F15069
F12409,F12258
F11922,F11657
F6319,F6317
F3641,F3395
F12966,F12952
F17013,F16761
F10229,F10182
F9296,F8995
F3539,F3419
F10952,F10705
F15302,F14931
F5847,F5601
F7169,F6996
F9621,F9357
F17453,F17088
F14811,F14446
F13275,F12885
F11996,F11797
F12085,F11815
F12652,F12628
F9781,F9528
F16568,F16381
F6474,F6244
F4960,F4894
F13591,F13251
F13320,F13046
F11933,F11697
F12364,F12197
F15405,F15104
F7629,F7269
F8593,F8589
F3284,F3084
F12798,F12789
F4127,F4055
F7060,F6763
F9171,F8924
F3938,F3552
F13354,F13085
F9708,F9329
F12930,F12701
F6385,F6110
F4072,F3902
F8731,F8495
F17543,F17349
F8474,F8467
F13572,F13460
F13537,F13452
F2908,F2882
F10377,F10209
F8550,F8365
F5886,F5879
F12071,F11759
F9439,F9332
F13204,F13154
F6914,F6819
F7241,F6885
F15805,F15803
F7253,F7172
F4498,F4327
F3753,F3533
F3098,F2761
F9012,F8965
F11954,F11750
F13694,F13415
F16403,F16145
F13105,F12801
F12848,F12600
F13263,F13001
F6234,F6155
F7668,F7309
F9919,F9604
F14432,F14186
F6164,F5859
F6991,F6775
F6686,F6433
F9044,F8696
F8401,F8398
F16357,F15962
F6574,F6520
F6103,F5869
F8543,F8188
F15620,F15527
F8776,F8663
F11451,F11076
F3363,F3112
F3267,F3235
F12828,F12659
F14597,F14256
F2975,F2905
F9067,F8721
F8263,F8213
F4812,F4614
F7514,F7394
F3210,F2847
F17120,F16921
F4390,F4007
F7177,F6879
F7329,F7148
F13087,F12746
F4312,F4206
F12559,F12436
F13807,F13590
F10418,F10336
F16120,F15843
F16315,F16164
F3237,F2845
F6798,F6402
F16003,F15880
F3965,F3763
F11828,F11545
F10615,F10225
F10719,F10402
F17991,F17604
F16422,F16292
F3536,F3426
F2715,F2682
F8941,F8806
F14762,F14423
F12872,F12799
F17486,F17332
F5492,F5184
F13811,F13535
F8138,F7852
F17898,F17631
F3447,F3060
F5043,F4930
F6432,F6181
F8362,F8337
F16791,F16535
F15283,F14962
F17682,F17382
F7808,F7568
F14465,F14309
F8383,F8102
F13930,F13579
F17687,F17621
F5617,F5263
F9733,F9475
F8314,F8258
F17610,F17266
F4170,F4086
F2900,F2787
F10326,F10254
F9670,F9370
F16017,F15673
F6137,F5747
F8713,F8632
F5573,F5516
F15173,F14863
F10890,F10649
F6499,F6306
F15846,F15580
F17710,F17444
F11232,F11069
F13616,F13431
F12153,F11848
F15253,F14868
F12625,F12462
F11408,F11377
F9948,F9805
F11906,F11655
F17111,F17080
F12226,F12063
F9797,F9493
F17340,F17048
F11076,F11019
F5215,F5212
F8124,F8071
F14914,F14704
F14740,F14369
F14915,F14615
F12451,F12420
F4569,F4393
F5388,F5103
F3624,F3431
F4608,F4546
F17971,F17754
F4952,F4945
F13862,F13617
F15656,F15337
F13822,F13509
F12273,F12077
F11763,F11742
F4512,F4300
F16949,F16680
F15962,F15582
F6665,F6446
F14456,F14190
F4604,F4599
F15969,F15936
F12156,F12149
F2836,F2689
F5537,F5525
F7425,F7188
F14144,F13926
F14774,F14700
F4711,F4463
F14749,F14415
F16229,F15915
F17304,F17196
F10529,F10427
F10134,F10064
F4616,F4535
F3418,F3142
F6906,F6666
F10983,F10699
F10042,F9665
F15826,F15788
F8914,F8593
F7811,F7556
F3344,F3136
F3209,F2938
F3306,F3151
F9307,F9118
F15166,F14936
F13983,F13964
F15654,F15390
F9113,F8800
F13163,F12921
F6650,F6585
F16725,F16463
F15537,F15383
F14689,F14291
F4923,F4712
F17040,F17006
F12492,F12405
F11965,F11664
F17622,F17544
F12924,F12900
F14416,F14277
F14100,F14013
F10088,F9794
F2703,F2432
F6392,F6237
F8182,F7993
F4235,F4015
F11617,F11222
F9183,F8932
F10588,F10209
F12356,F11982
F14049,F13875
F16895,F16591
F12446,F12401
F16719,F16668
F11563,F11209
F4273,F4255
F15981,F15886
F17657,F17363
F13823,F13762
F17840,F17572
F10709,F10584
F14934,F14839
F5611,F5412
F8884,F8766
F9337,F9291
F17094,F16926
F3661,F3523
F14695,F14516
F9257,F9216
F6378,F6210
F16233,F15925
F3509,F3276
F10272,F10046
F12105,F12029
F4951,F4597
F3489,F3184
F11739,F11518
F7970,F7908
F7691,F7371
F3647,F3634
F4227,F3973
F12566,F12349
F13767,F13493
F4406,F4048
F7692,F7522
F12232,F12084
F17837,F17780
F5638,F5377
F17247,F17077
F17911,F17598
F13651,F13508
F5308,F5281
F8153,F7787
F13038,F12968
F17011,F16797
F13913,F13566
F17770,F17642
F2834,F2437
F8623,F8338
F17656,F17406
F15632,F15606
F14517,F14128
F9721,F9546
F13755,F13613
F12288,F12000
F16348,F16005
F3520,F3340
F5995,F5823
F4641,F4446
F12789,F12624
F13695,F13443
F3555,F3194
F5021,F4880
F10493,F10384
F7526,F7158
F8428,F8216
F17673,F17368
F6958,F6781
F16972,F16838
F15508,F15393
F3364,F3250
F7054,F6929
F7408,F7196
F4548,F4501
F12134,F11785
F6158,F6156
F17760,F17631
F9916,F9850
F17058,F16732
F14593,F14363
F16726,F16657
F7014,F6841
F4131,F3874
F15924,F15706
F13122,F12951
F13650,F13559
F5622,F5492
F3162,F3050
F5210,F5164
F14040,F13776
F9966,F9814
F12872,F12669
F2845,F2805
F9913,F9688
F17089,F16725
F3247,F2895
F17293,F16916
F7858,F7494
F7150,F6914
F12653,F12357
F13342,F13097
F6812,F6446
F12888,F12537
F12682,F12308
F11416,F11328
F12475,F12453
F15444,F15322
F16224,F15849
F4048,F3727
F11296,F11213
F17077,F16933
F12647,F12318
F4413,F4232
F6218,F6094
F5407,F5053
F10198,F9877
F4016,F3840
F9133,F9001
F3354,F3244
F13441,F13319
F9884,F9611
F9328,F9163
F8140,F8100
F5637,F5526
F8097,F7828
F9517,F9303
F10603,F10533
F3278,F2994
F16002,F15769
F17514,F17290
F12869,F12689
F14401,F14216
F9995,F9687
F9802,F9519
F8170,F7899
F6049,F5799
F2821,F2613
F17935,F17757
F5297,F5035
F7689,F7366
F10201,F9851
F16820,F16775
F9695,F9310
F17430,F17237
F17726,F17447
F5902,F5732
F13369,F12971
F5129,F5076
F11662,F11296
F7589,F7278
F14970,F14681
F4542,F4263
F16143,F15976
F9133,F8972
F9760,F9424
F16830,F16709
F15910,F15641
F17467,F17432
F6247,F5962
F14653,F14374
F15074,F14825
F2987,F2908
F7596,F7269
F3520,F3133
F6045,F5822
F10510,F10271
F3224,F2969
F15621,F15506
F7009,F6772
F17575,F17186
F4486,F4402
F10070,F9925
F3622,F3482
F15250,F14924
F12528,F12312
F9856,F9576
F11588,F11286
F14820,F14478
F16461,F16207
F15194,F15029
F15486,F15132
F11561,F11164
F6500,F6251
F14226,F14187
F6575,F6246
F2801,F2698
F3037,F2711
F17449,F17276
F6348,F6284
F6362,F6320
F5973,F5620
F17724,F17689
F9859,F9487
F5772,F5419
F17091,F16764
F9827,F9466
F10552,F10249
F5028,F4924
F16353,F16263
F9472,F9260
F15454,F15087
F2784,F2607
F11856,F11839
F15804,F15739
F5577,F5198
F17317,F17034
F5418,F5190
F7495,F7234
F4794,F4574
F12044,F11894
F8259,F8071
F9823,F9670
F9084,F8866
F13797,F13704
F9886,F9741
F12568,F12342
F5266,F5253
F2966,F2854
F9972,F9812
F10098,F9798
F2985,F2824
F6090,F5814
F7017,F6705
F11118,F11029
F3748,F3426
F11773,F11711
F14054,F13902
F6009,F5697
F5397,F5025
F15278,F15091
F7777,F7703
F15121,F14756
F9611,F9415
F5466,F5463
F9425,F9132
F16073,F16035
F6976,F6857
F9586,F9481
F4302,F3922
F5483,F5481
F16691,F16588
F17430,F17402
F7985,F7863
F15172,F15052
F16802,F16654
F17683,F17609
F4888,F4551
F11167,F11116
F3911,F3902
F14099,F13814
F10031,F9965
F8417,F8290
F17024,F16754
F12578,F12310
F4237,F4106
F9377,F9245
F16658,F16596
F7547,F7179
F6614,F6592
F11514,F11136
F13403,F13282
F14671,F14362
F7218,F7144
F10274,F10055
F12834,F12657
F9737,F9626
F16888,F16766
F3167,F2865
F11638,F11619
F11579,F11486
F4033,F3723
F9900,F9779
F8032,F7984
F3617,F3569
F15462,F15423
F13846,F13834
F12612,F12311
F9111,F8803
F8339,F8161
F5021,F4679
F6361,F6334
F5035,F4652
F12535,F12445
F13633,F13308
F16902,F16796
F12713,F12462
F9185,F8998
F8509,F8414
F6680,F6328
F7882,F7657
F11562,F11336
F7503,F7484
F15752,F15617
F14471,F14355
F12768,F12613
F7924,F7598
F4795,F4475
F5091,F4942
F6793,F6396
F14858,F14541
F14353,F14253
F12464,F12218
F16388,F16128
F13088,F12797
F7938,F7561
F10922,F10693
F11909,F11554
F6582,F6504
F10308,F10245
F11478,F11429
F2989,F2764
F5799,F5773
F14437,F14390
F5192,F5111
F7771,F7562
F16439,F16427
F16040,F15803
F12925,F12849
F10044,F9903
F12624,F12561
F11225,F11009
F15763,F15574
F13317,F13018
F11549,F11473
F12506,F12226
F4231,F4073
F9234,F9205
F10400,F10243
F12857,F12701
F15998,F15940
F3835,F3533
F5867,F5579
F9352,F9231
F16837,F16786
F7382,F7367
F5543,F5436
F15394,F15098
F17363,F16997
F10292,F9921
F9806,F9524
F5202,F5050
F16051,F15824
F16625,F16316
F14400,F14205
F6792,F6604
F10580,F10450
F15894,F15573
F15654,F15456
F14967,F14959
F13025,F12641
F16424,F16348
F12372,F12308
F11651,F11574
F14617,F14366
F9266,F8900
F14415,F14353
F17910,F17776
F8702,F8502
F2964,F2679
F10487,F10458
F16386,F16125
F3207,F2946
F15222,F15121
F5030,F4646
F7071,F7004
F5459,F5378
F10903,F10794
F17783,F17598
F11546,F11172
F2722,F2547
F4839,F4540
F13302,F13225
F12507,F12477
F5155,F4928
F6376,F6187
F10389,F10342
F8100,F7711
F17903,F17598
F10262,F10153
F4852,F4596
F15266,F15253
F5793,F5634
F17500,F17125
F17378,F17266
F11215,F11143
F6724,F6517
F17145,F16837
F13114,F12751
F14687,F14552
F9692,F9373
F12264,F12205
F15497,F15291
F9363,F9140
F3084,F2729
F16529,F16435
F5208,F5006
F7855,F7754
F8190,F8158
F10369,F10323
F13676,F13475
F14440,F14317
F15338,F15171
F7319,F7300
F7763,F7521
F12965,F12963
F10548,F10346
F8874,F8674
F17066,F16728
F5161,F4937
F5855,F5455
F9181,F8925
F16235,F16225
F9700,F9330
F7716,F7430
F13151,F12940
F3713,F3491
F11504,F11124
F3724,F3688
F16016,F16002
F11673,F11593
F12574,F12320
F7411,F7161
F14094,F13755
F10250,F10050
F13862,F13689
F3337,F3008
F9905,F9839
F10653,F10595
F5456,F5233
F9392,F9140
F15056,F14757
F8891,F8747
F12574,F12254
F10822,F10637
F6658,F6573
F4307,F4172
F10741,F10516
F4776,F4415
F15078,F14885
F6502,F6199
F10676,F10672
F12690,F12364
F12953,F12596
F17671,F17615
F6484,F6277
F15508,F15114
F15934,F15699
F10385,F10164
F9833,F9449
F3509,F3370
F5871,F5474
F14220,F13848
F16528,F16247
F6447,F6060
F17206,F17189
F15449,F15437
F3839,F3449
F8083,F7939
F13678,F13463
F13607,F13354
F7887,F7735
F16942,F16894
F17189,F17097
F14661,F14284
F4152,F3944
F6337,F6325
F6794,F6495
F3339,F3054
F11551,F11272
F17012,F16835
F15971,F15741
F5287,F4988
F6170,F6095
F9911,F9656
F14800,F14706
F17114,F16946
F10891,F10522
F8253,F7964
F7936,F7774
F14029,F13721
F8642,F8569
F12130,F11943
F7002,F6703
F17566,F17488
F6447,F6205
F17800,F17743
F13079,F13063
F7911,F7857
F11985,F11966
F8914,F8837
F8653,F8536
F4843,F4764
F15097,F14856
F11367,F11363
F9624,F9532
F8673,F8364
F4970,F4853
F12008,F11660
F5666,F5562
F17904,F17887
F17532,F17275
F5719,F5379
F4582,F4254
F7530,F7311
F9562,F9449
F11701,F11341
F15757,F15379
F15907,F15578
F9350,F9225
F8123,F7857
F13360,F13352
F4756,F4613
F15411,F15318
F15403,F15197
F7336,F7283
F10006,F9943
F3560,F3521
F16728,F16366
F3637,F3295
F16549,F16481
F5380,F5225
F8871,F8696
F10461,F10393
F8347,F8185
F9768,F9761
F8828,F8693
F3812,F3415
F11619,F11345
F14939,F14863
F12495,F12416
F12815,F12481
F17131,F16786
F16657,F16295
F8152,F7837
F3152,F2768
F8528,F8343
F15539,F15257
F3530,F3426
F4935,F4736
F12789,F12524
F14093,F13876
F11775,F11388
F11434,F11387
F12924,F12796
F8607,F8243
F11193,F10813
F9706,F9667
F12352,F12045
F14349,F14141
F9468,F9322
F9555,F9337
F8703,F8419
F9219,F9035
F6970,F6738
F14455,F14208
F9925,F9795
F14677,F14282
F10546,F10219
F10119,F9977
F17611,F17302
F5169,F5078
F9146,F8903
F4017,F4011
F11249,F11224
F14542,F14220
F11787,F11521
F6560,F6508
F11501,F11378
F7905,F7566
F9241,F8933
F5599,F5243
F12997,F12959
F15608,F15379
F14898,F14571
F8160,F8074
F9223,F8919
F9358,F9126
F6894,F6809
F14629,F14270
F17225,F17180
F10937,F10617
F7051,F6775
F4698,F4625
F4741,F4352
F7406,F7353
F2851,F2596
F12036,F11731
F16860,F16768
F15473,F15395
F9165,F8813
F16246,F16193
F12282,F11932
F12833,F12450
F13774,F13574
F17741,F17419
F17517,F17467
F6893,F6549
F14632,F14254
F9086,F8733
F7075,F6862
F2787,F2666
F14343,F14001
F14567,F14195
F11327,F11031
F5038,F4836
F7341,F7118
F7553,F7347
F14469,F14327
F16284,F16213
F15556,F15372
F3527,F3465
F10279,F10252
F11162,F10837
F13359,F13080
F17007,F16772
F15511,F15337
F14956,F14808
F6170,F6121
F6767,F6677
F11215,F10890
F6300,F5974
F11792,F11579
F4867,F4643
F8552,F8469
F5820,F5509
F16534,F16229
F14477,F14460
F5739,F5349
F15439,F15391
F17826,F17503
F4225,F4050
F7739,F7655
F13286,F12909
F6384,F6347
F4517,F4213
F8891,F8852
F15171,F14880
F5745,F5444
F14045,F14043
F14846,F14514
F13821,F13562
F4447,F4138
F8635,F8629
F3803,F3727
F9652,F9571
F17418,F17194
F11877,F11546
F3725,F3372
F4555,F4401
F12780,F12554
F14073,F13821
F16568,F16272
F2888,F2884
F8824,F8785
F11300,F11104
F10554,F10278
F3946,F3584
F13998,F13982
F17689,F17530
F10931,F10904
F8240,F8005
F6688,F6550
F4422,F4355
F14752,F14392
F4372,F4048
F7011,F6933
F10779,F10440
F3972,F3676
F3692,F3493
F10478,F10263
F8779,F8695
F3014,F2616
F13361,F12964
F9269,F9121
F8047,F7733
F2872,F2857
F2820,F2444
F17923,F17725
F16466,F16180
F16580,F16366
F11261,F11055
F2769,F2735
F2956,F2841
F10703,F10682
F14200,F14180
F8065,F7803
F13146,F12893
F11308,F11279
F2744,F2370
F10393,F10232
F8906,F8668
F4976,F4948
F5138,F4837
F2741,F2469
F7729,F7641
F17002,F16904
F4453,F4248
F3439,F3102
F6779,F6644
F13849,F13654
F11298,F10936
F16858,F16702
F9075,F8757
F10394,F10389
F2811,F2708
F17269,F17182
F10799,F10755
F3198,F2804
F9294,F8956
F10410,F10035
F7831,F7571
F13082,F12879
F10235,F10126
F15520,F15368
F13839,F13525
F12873,F12711
F3117,F2729
F6926,F6558
F13794,F13463
F3093,F2833
F6553,F6525
F3958,F3714
F17743,F17564
F12176,F12114
F17641,F17285
F9779,F9462
F8690,F8363
F15632,F15539
F4615,F4603
F7013,F6861
F3270,F2875
F11031,F10895
F9714,F9373
F10520,F10290
F17844,F17683
F3961,F3702
F9051,F8667
F3352,F3119
F5864,F5841
F14248,F13976
F10184,F10145
F6789,F6620
F11619,F11290
F15970,F15791
F16709,F16495
F15034,F14678
F8687,F8675
F17279,F17130
F9957,F9656
F15643,F15272
F11877,F11636
F13904,F13897
F11353,F10964
F12031,F11696
F9631,F9329
F16184,F16005
F7195,F7139
F10737,F10400
F12381,F12318
F4075,F3777
F16004,F15750
F11213,F10939
F9941,F9925
F11073,F10891
F5516,F5221
F5896,F5739
F12556,F12342
F9609,F9252
F17626,F17226
F11721,F11434
F3627,F3578
F4056,F3751
F11310,F11057
F15905,F15575
F17584,F17355
F16839,F16700
F10587,F10384
F14706,F14346
F10555,F10218
F17763,F17539
F17759,F17367
F7792,F7440
F15511,F15286
F16580,F16490
F14226,F14173
F12177,F11926
F12480,F12470
F14638,F14441
F9408,F9373
F8091,F7835
F12098,F11879
F4842,F4772
F9198,F9192
F15614,F15223
F5451,F5408
F14647,F14452
F14275,F14050
F13176,F12892
F16766,F16623
F7879,F7553
F2831,F2544
F13859,F13476
F9842,F9828
F16854,F16768
F3035,F2637
F7223,F7148
F8161,F7876
F9755,F9412
F14879,F14557
F8593,F8238
F7586,F7333
F5265,F4929
F12654,F12422
F16300,F15933
F5341,F5147
F9330,F9211
F14731,F14536
F8895,F8542
F14931,F14727
F11395,F11393
F15219,F15102
F5926,F5909
F5148,F5058
F12091,F11927
F4304,F3960
F10998,F10802
F7701,F7486
F16652,F16606
F16179,F15830
F16228,F15912
F11905,F11702
F4539,F4343
F14010,F14000
F3210,F3043
F13600,F13515
F6396,F6102
F10909,F10709
F6827,F6666
F16343,F16145
F14997,F14828
F3922,F3731
F10752,F10646
F13328,F12939
F10709,F10482
F17549,F17439
F10759,F10516
F8954,F8635
F6303,F6105
F14508,F14398
F11517,F11386
F5969,F5803
F10297,F9925
F11345,F11326
F3031,F2947
F3825,F3741
F11226,F10990
F6948,F6942
F3612,F3455
F17314,F16962
F12804,F12501
F4350,F4053
F11418,F11269
F3088,F2832
F5036,F4996
F6967,F6915
F10027,F9832
F9778,F9618
F10558,F10398
F16893,F16868
F5236,F5024
F3836,F3502
F6682,F6412
F5529,F5465
F8487,F8121
F11701,F11685
F10522,F10382
F12145,F12104
F10930,F10695
F5968,F5947
F3369,F3061
F5713,F5688
F9767,F9488
F16181,F15973
F17109,F16714
F13687,F13468
F7659,F7477
F16815,F16765
F6162,F6121
F8670,F8381
F4455,F4072
F3644,F3613
F15779,F15642
F11608,F11348
F3811,F3603
F3123,F2902
F6981,F6589
F8131,F7798
F9453,F9404
F12794,F12612
F8162,F7775
F12075,F11768
F5163,F5038
F5402,F5149
F6093,F5967
F16200,F15870
F7911,F7705
F16034,F15655
F8701,F8363
F4297,F4098
F17967,F17703
F8607,F8278
F4677,F4281
F14357,F13997
F15517,F15508
F12692,F12430
F11408,F11220
F17151,F16841
F14387,F14246
F17517,F17280
F17757,F17523
F17831,F17571
F14662,F14269
F3646,F3486
F7753,F7515
F7188,F7074
F4793,F4407
F3643,F3533
F8351,F8114
F9262,F9209
F14265,F13920
F17040,F17019
F16593,F16591
F3632,F3277
F3766,F3586
F4626,F4303
F16999,F16635
F10802,F10651
F13724,F13344
F9577,F9523
F12855,F12818
F10355,F10012
F17790,F17437
F9702,F9432
F13858,F13788
F6562,F6168
F16916,F16718
F6647,F6599
F12857,F12678
F17154,F17135
F17981,F17809
F14642,F14592
F7713,F7500
F17075,F16954
F13613,F13284
F15324,F15313
F15314,F15299
F12245,F12001
F5608,F5594
F14388,F14222
F17132,F17127
F16664,F16648
F8272,F8175
F15212,F15058
F9160,F8995
F13837,F13442
F15822,F15780
F4668,F4399
F17443,F17371
F3077,F2844
F11411,F11261
F12313,F12010
F15086,F14969
F3691,F3410
F5389,F5377
F13367,F13230
F8621,F8516
F11244,F11195
F7048,F6699
F7591,F7519
F3161,F3137
F12835,F12823
F12265,F12221
F13958,F13745
F12776,F12432
F12231,F11836
F13776,F13633
F2888,F2742
F3578,F3467
F4588,F4448
F7460,F7351
F14409,F14252
F2752,F2422
F4571,F4509
F14625,F14269
F8792,F8602
F12139,F11916
F7388,F7245
F6657,F6561
F10505,F10311
F4175,F3839
F13638,F13598
F10743,F10676
F16874,F16732
F12759,F12701
F15577,F15179
F16287,F15935
F9712,F9515
F3141,F3084
F8782,F8672
F9516,F9119
F4133,F3787
F10496,F10350
F13994,F13932
F12006,F11891
F4664,F4476
F9359,F9231
F3864,F3690
F16378,F16139
F8346,F8002
F15023,F14782
F5659,F5606
F16249,F15851
F3688,F3452
F12274,F12132
F14481,F14397
F10626,F10300
F6806,F6502
F3834,F3449
F6059,F5745
F3151,F2945
F3790,F3632
F8347,F7952
F9724,F9410
F3808,F3437
F9721,F9415
F11988,F11910
F6013,F5643
F3507,F3246
F12244,F12041
F14715,F14666
F17651,F17459
F16178,F15869
F7978,F7624
F4029,F3641
F3686,F3306
F13959,F13946
F16272,F15908
F15763,F15709
F2764,F2581
F10523,F10196
F5382,F4993
F12688,F12641
F10292,F10134
F16345,F16181
F7156,F7115
F9641,F9416
F17240,F17176
F15113,F14810
F16678,F16586
F6748,F6395
F5103,F5069
F8133,F7899
F13777,F13536
F2796,F2555
F10692,F10690
F5593,F5488
F15341,F14983
F11279,F11049
F9911,F9612
F7499,F7113
F11670,F11416
F15217,F14949
F15047,F14719
F12038,F11802
F9431,F9267
F7005,F6978
F15258,F14926
F4407,F4276
F5918,F5793
F16399,F16062
F11273,F10950
F3196,F2813
F5851,F5565
F16599,F16244
F5901,F5710
F14175,F14141
F11348,F11036
F15231,F15045
F6407,F6018
F7088,F6698
F11036,F10737
F6276,F5923
F6744,F6692
F12663,F12327
F6921,F6838
F12751,F12390
F17544,F17337
F10530,F10201
F8017,F7699
F5914,F5753
F15164,F15150
F16278,F16084
F12876,F12519
F5068,F5020
F8743,F8476
F3519,F3127
F5656,F5576
F11077,F10864
F6814,F6703
F8373,F8206
F12713,F12461
F13356,F13017
F5875,F5868
F3923,F3872
F13818,F13629
F14620,F14398
F11991,F11842
F16048,F15872
F3133,F3090
F15874,F15519
F6267,F6047
F7503,F7401
F10060,F9805
F3022,F2645
F17462,F17077
F8883,F8714
F11339,F11285
F12276,F12252
F17645,F17353
F13770,F13442
F7818,F7437
F12388,F12126
F2944,F2855
F2923,F2541
F14189,F13817
F9549,F9472
F3797,F3592
F8282,F7944
F7917,F7787
F9411,F9280
F15579,F15331
F8938,F8747
F9188,F9169
F9910,F9521
F12128,F11759
F6992,F6622
F2921,F2768
F9809,F9628
F6568,F6473
F6697,F6602
F11459,F11299
F4909,F4587
F12200,F12191
F13857,F13667
F15792,F15498
F13708,F13467
F11250,F10985
F4962,F4653
F9076,F8735
F2837,F2719
F5636,F5273
F9710,F9385
F4587,F4413
F4166,F3937
F13696,F13482
F3547,F3211
F3936,F3873
F17832,F17679
F16486,F16438
F10916,F10884
F3535,F3351
F10292,F10036
F4603,F4480
F12571,F12329
F8219,F8096
F7114,F6836
F7525,F7156
F11621,F11325
F9980,F9739
F2826,F2553
F16255,F16081
F8104,F7994
F4407,F4150
F4733,F4715
F10516,F10306
F16764,F16503
F16027,F15827
F14515,F14295
F17237,F17155
F3798,F3656
F12403,F12183
F11743,F11495
F4352,F4018
F13818,F13427
F3116,F2813
F6073,F6050
F10528,F10227
F11784,F11759
F11622,F11414
F6622,F6361
F11368,F11230
F14346,F14100
F3831,F3824
F12909,F12828
F6203,F5992
F9044,F8793
F10265,F10249
F4106,F3900
F16508,F16478
F17017,F16790
F4178,F3973
F8040,F7785
F16287,F16233
F5022,F4664
F12912,F12775
F10136,F10030
F13962,F13759
F4133,F3856
F16258,F15861
F5953,F5912
F11972,F11724
F16620,F16478
F13775,F13424
F3366,F3323
F17397,F17181
F5175,F4961
F8964,F8588
F7285,F7276
F17302,F17039
F17487,F17327
F16364,F15976
F16904,F16784
F4822,F4748
F13559,F13226
F15987,F15695
F15639,F15303
F9831,F9518
F14796,F14664
F2904,F2863
F3518,F3203
F17112,F17097
F2733,F2454
F10513,F10139
F17795,F17650
F11230,F11130
F14195,F14007
F14198,F13926
F2986,F2790
F15427,F15063
F8601,F8493
F9861,F9515
F16100,F16070
F4606,F4334
F5665,F5482
F4504,F4363
F8769,F8494
F5589,F5518
F15813,F15525
F7485,F7277
F8362,F8260
F9537,F9184
F13956,F13908
F17719,F17426
F11645,F11265
F6908,F6569
F15831,F15484
F12630,F12368
F14685,F14606
F15603,F15571
F15966,F15700
F11655,F11368
F8947,F8710
F12078,F11919
F4576,F4268
F8104,F7750
F3373,F3192
F11196,F10918
F14983,F14777
F9318,F8926
F6460,F6443
F6738,F6427
F10782,F10661
F4578,F4438
F14305,F14145
F11221,F11212
F3200,F3146
F10221,F9994
F12989,F12857
F9653,F9336
F5852,F5689
F13397,F13273
F11179,F11011
F8907,F8684
F17218,F16990
F13197,F12897
F11327,F11182
F6049,F5699
F6731,F6652
F14271,F14227
F2746,F2583
F14041,F13731
F9553,F9419
F4137,F4115
F9931,F9558
F4316,F4217
F3083,F2984
F11865,F11728
F17469,F17292
F3369,F3102
F8714,F8684
F16341,F16284
F8676,F8293
F15150,F15094
F5008,F4808
F7980,F7791
F12346,F12175
F10623,F10529
F9679,F9354
F9849,F9720
F6745,F6511
F17019,F16986
F6115,F5873
F6862,F6559
F5950,F5554
F17886,F17549
F7907,F7812
F11023,F10778
F15708,F15373
F10306,F10293
F9607,F9211
F12642,F12480
F4993,F4653
F7685,F7614
F9190,F8859
F12505,F12320
F7801,F7534
F8011,F7986
F15387,F15381
F17462,F17171
F8465,F8326
F10515,F10331
F11215,F11200
F2773,F2656
F3719,F3366
F15378,F15206
F17577,F17276
F7582,F7262
F5464,F5113
F12912,F12617
F3722,F3645
F3858,F3595
F7091,F7081
F9804,F9608
F16398,F16197
F16482,F16130
F6726,F6342
F10540,F10477
F11085,F11025
F3431,F3104
F6642,F6277
F17661,F17503
F4991,F4759
F16509,F16472
F7931,F7902
F10208,F9861
F10223,F9961
F3205,F3124
F11114,F10856
F9545,F9530
F6723,F6586
F11329,F11280
F12442,F12099
F17165,F16809
F8260,F7988
F11885,F11520
F13690,F13497
F8932,F8575
F13249,F12965
F13699,F13505
F8246,F7889
F14196,F14142
F15761,F15390
F11301,F11039
F13562,F13395
F6059,F5805
F16407,F16101
F16392,F16281
F13855,F13645
F7404,F7066
F11958,F11864
F15429,F15208
F9941,F9652
F9955,F9592
F15698,F15453
F16648,F16541
F13940,F13906
F4528,F4219
F7494,F7168
F13473,F13119
F14807,F14680
F15230,F14942
F6151,F5938
F11952,F11559
F10275,F10262
F14444,F14097
F7788,F7648
F9019,F8861
F8052,F7706
F8173,F8096
F6435,F6312
F17879,F17775
F11752,F11718
F17301,F17082
F12244,F12026
F3481,F3190
F4337,F4061
F6215,F6127
F9515,F9401
F8346,F8012
F16485,F16164
F15364,F15025
F15659,F15574
F8122,F7950
F14753,F14567
F3251,F2939
F12073,F11759
F17671,F17651
F13781,F13775
F14587,F14232
F7238,F7129
F4557,F4529
F3936,F3750
F5271,F5233
F6405,F6042
F15800,F15650
F3155,F2784
F4123,F4069
F9126,F9104
F10993,F10676
F16871,F16687
F17391,F17125
F7587,F7461
F15139,F14934
F10802,F10511
F7537,F7489
F4343,F3985
F9937,F9865
F12750,F12481
F10338,F10152
F5544,F5367
F2814,F2703
F11723,F11654
F3342,F2999
F4829,F4703
F17482,F17353
F11294,F10935
F11936,F11677
F10370,F10191
F8253,F7889
F3698,F3469
F11976,F11729
F6966,F6959
F12447,F12403
F12154,F11826
F3765,F3688
F3017,F2633
F3387,F3006
F3695,F3553
F17181,F17020
F14292,F13988
F3639,F3431
F15346,F15181
F6986,F6639
F11334,F10986
F4704,F4607
F13146,F13136
F9200,F8940
F2765,F2576
F14632,F14434
F6214,F6117
F9544,F9214
F6279,F5903
F7275,F7264
F5371,F5099
F8962,F8583
F8441,F8147
F9183,F9177
F6734,F6622
F14296,F14252
F10628,F10275
F8882,F8691
F3842,F3709
F7730,F7429
F10785,F10685
F7076,F6780
F7410,F7132
F10347,F10221
F13050,F12748
F7362,F7149
F6532,F6143
F6796,F6586
F8930,F8864
F15766,F15515
F17943,F17810
F6523,F6247
F6534,F6428
F11446,F11054
F5984,F5594
F2809,F2446
F7585,F7449
F9320,F9137
F12214,F12027
F5256,F5150
F16398,F16135
F14266,F14147
F14043,F13715
F11983,F11967
F8184,F7851
F5648,F5389
F11229,F10891
F8315,F8296
F13937,F13570
F15366,F15326
F3221,F3040
F5781,F5575
F6568,F6265
F17637,F17471
F13481,F13084
F3906,F3548
F6058,F5864
F7996,F7663
F12869,F12643
F15724,F15381
F10003,F9709
F2816,F2491
F17836,F17719
F16650,F16604
F9705,F9532
F10091,F9887
F15888,F15842
F17270,F16919
F17854,F17474
F15839,F15472
F8480,F8193
F10611,F10532
F3940,F3829
F3866,F3651
F13471,F13266
F8463,F8250
F10730,F10468
F6313,F6193
F16475,F16080
F17456,F17132
F10920,F10778
F6295,F6136
F6412,F6301
F15863,F15513
F5500,F5166
F6112,F5793
F6689,F6526
F12842,F12442
F14892,F14536
F4943,F4824
F3164,F2915
F13198,F12802
F13535,F13385
F7734,F7418
F16295,F15932
F9542,F9445
F8775,F8558
F11255,F11226
F8171,F7977
F14507,F14362
F14166,F13792
F7437,F7139
F9689,F9605
F16059,F15969
F11531,F11399
F11966,F11585
F5499,F5456
F13003,F12992
F10305,F10242
F15862,F15482
F11474,F11282
F11973,F11745
F2929,F2632
F16059,F15732
F10083,F9843
F5720,F5479
F6309,F6219
F10289,F10097
F10435,F10368
F3882,F3498
F16555,F16317
F11242,F10968
F11266,F11072
F14771,F14643
F5331,F5004
F3207,F3092
F4519,F4420
F5801,F5587
F12972,F12804
F13203,F13171
F7033,F6805
F14418,F14109
F10106,F9924
F15641,F15556
F7964,F7707
F8224,F8118
F16061,F15777
F13801,F13692
F5930,F5786
F5628,F5309
F6486,F6157
F11882,F11755
F14421,F14131
F5113,F5085
F15821,F15433
F14029,F13975
F9544,F9396
F15667,F15424
F13145,F13070
F5351,F5142
F14165,F14069
F16168,F16163
F7452,F7371
F16328,F16153
F6146,F5993
F8239,F8137
F17092,F16960
F12634,F12460
F5761,F5562
F5637,F5368
F14724,F14509
F7085,F6884
F8258,F8190
F17416,F17388
F13360,F13354
F15304,F14951
F14442,F14426
F14375,F14090
F11870,F11489
F16482,F16362
F17609,F17229
F17422,F17152
F12952,F12765
F11311,F10950
F11227,F11175
F5056,F4821
F4758,F4539
F14994,F14760
F14823,F14702
F8264,F7900
F14842,F14773
F6599,F6462
F12691,F12441
F4964,F4941
F14993,F14672
F11778,F11474
F6040,F5959
F15770,F15611
F4874,F4710
F6007,F5929
F11846,F11633
F15035,F14658
F14917,F14883
F3242,F3025
F7722,F7586
F15912,F15793
F11562,F11314
F5875,F5798
F11610,F11452
F16622,F16298
F10212,F10064
F11164,F10826
F6359,F6000
F7744,F7365
F9812,F9623
F15431,F15283
F6730,F6351
F11512,F11212
F7846,F7701
F16705,F16362
F3216,F2821
F3438,F3426
F17599,F17392
F9889,F9823
F10188,F9870
F6435,F6288
F3832,F3679
F9409,F9025
F12478,F12245
F11883,F11794
F2906,F2573
F16217,F16100
F8955,F8639
F7114,F7017
F6474,F6268
F9032,F8813
F5702,F5697
F7710,F7415
F6362,F6319
F12899,F12595
F16243,F16123
F2996,F2709
F13535,F13248
F17177,F16917
F6818,F6582
F10474,F10376
F17208,F16830
F7631,F7602
F3161,F3128
F12887,F12755
F17700,F17477
F7806,F7526
F17417,F17193
F16378,F16184
F4696,F4377
F4262,F4127
F2990,F2855
F3181,F3157
F6568,F6517
F17557,F17486
F13571,F13177
F11940,F11618
F11164,F11061
F5280,F4990
F11266,F11103
F4958,F4936
F7347,F7323
F7832,F7487
F14978,F14812
F14408,F14392
F7668,F7593
F6675,F6572
F12152,F11777
F8370,F8245
F4769,F4481
F17848,F17535
F4553,F4450
F4486,F4448
F3343,F3182
F2741,F2366
F17960,F17880
F11738,F11660
F8239,F8095
F5748,F5712
F8013,F7723
F3809,F3538
F16886,F16707
F14322,F14070
F9880,F9750
F16366,F16205
F13171,F12949
F15780,F15462
F17169,F16863
F3026,F2958
F13887,F13511
F3994,F3932
F13843,F13617
F12185,F11974
F16046,F15936
F11082,F10953
F9843,F9684
F12725,F12372
F11081,F10865
F16806,F16770
F15256,F14918
F15316,F15270
F11278,F11185
F9570,F9557
F12415,F12156
F3756,F3732
F3479,F3281
F10387,F10289
F9581,F9477
F10198,F9981
F15181,F14995
F15441,F15384
F9999,F9736
F9189,F8913
F6619,F6450
F5228,F5051
F11084,F10727
F5851,F5661
F7838,F7486
F9202,F9070
F6203,F5891
F11103,F11076
F5207,F4862
F17367,F17036
F12150,F11884
F3432,F3174
F16194,F15930
F5984,F5766
F12270,F12050
F11055,F10669
F14993,F14667
F8370,F8282
F9400,F9146
F8688,F8475
F3187,F3155
F15154,F15015
F17244,F16970
F5955,F5618
F5637,F5612
F15536,F15176
F8381,F8161
F10277,F10134
F10458,F10365
F13695,F13694
F5677,F5373
F5866,F5773
F5390,F5276
F16239,F16173
F14300,F14229
F15438,F15053
F10062,F9877
F3852,F3462
F15473,F15341
F7067,F6821
F11702,F11460
F12192,F11987
F7941,F7863
F11536,F11170
F14328,F14275
F13968,F13630
F15051,F14995
F14377,F14162
F11564,F11276
F13766,F13728
F13317,F13261
F10961,F10856
F4601,F4399
F14465,F14398
F4747,F4649
F13616,F13421
F10327,F10162
F17201,F16840
F6525,F6243
F7754,F7475
F10227,F10003
F7196,F6810
F6794,F6617
F8620,F8352
F11882,F11502
F12840,F12617
F2936,F2720
F4110,F4096
F8511,F8263
F10621,F10316
F7407,F7011
F17513,F17291
F15561,F15230
F9837,F9456
F7007,F6776
F14865,F14778
F13430,F13340
F8694,F8471
F5353,F5290
F17459,F17353
F9235,F8964
F11079,F10780
F17271,F17208
F4449,F4369
F3847,F3485
F3917,F3535
F5719,F5471
F10132,F9949
F8758,F8375
F11161,F11049
F16381,F16057
F13747,F13408
F7867,F7503
F8593,F8314
F7498,F7264
F9103,F8876
F10546,F10529
F6558,F6332
F13565,F13527
F5249,F4958
F4735,F4579
F6930,F6545
F15209,F15134
F5597,F5498
F3223,F3069
F6253,F6080
F12708,F12648
F7357,F7234
F3895,F3747
F8763,F8468
F12101,F11988
F10874,F10866
F8217,F7992
F2947,F2848
F4440,F4249
F6392,F6128
F11920,F11692
F3566,F3435
F2892,F2637
F4214,F4014
F16272,F15973
F9780,F9441
F16174,F15967
F8547,F8409
F12601,F12348
F3576,F3306
F4520,F4501
F5895,F5566
F13686,F13561
F15228,F15053
F17088,F17071
F9393,F9297
F17022,F16818
F7905,F7535
F14931,F14666
F17101,F16718
F10662,F10326
F7626,F7613
F8050,F7792
F9539,F9503
F17742,F17520
F10148,F10063
F5784,F5672
F3214,F3128
F16339,F16165
F15813,F15533
F10236,F10053
F4973,F4699
F9488,F9269
F5288,F5218
F6156,F6045
F10006,F9952
F13766,F13414
F9134,F8756
F14784,F14485
F13834,F13719
F6360,F6138
F10764,F10590
F13022,F12839
F3561,F3236
F2736,F2577
F16575,F16190
F2739,F2685
F9875,F9750
F17353,F17119
F4216,F3980
F8515,F8340
F9304,F8956
F9543,F9505
F12874,F12657
F12261,F11938
F13725,F13496
F5990,F5772
F2846,F2453
F4681,F4629
F2881,F2584
F9654,F9390
F8603,F8537
F6577,F6251
F3925,F3732
F15100,F14978
F16329,F16307
F3667,F3580
F4993,F4768
F7176,F7025
F17936,F17720
F9416,F9317
F6701,F6626
F6930,F6680
F10167,F9992
F9751,F9564
F8814,F8798
F7668,F7372
F6573,F6256
F14997,F14837
F12260,F11872
F16024,F15936
F9169,F8928
F5043,F4905
F12011,F11683
F5196,F4858
F3230,F2935
F17499,F17454
F11802,F11502
F4067,F3978
F17730,F17539
F7986,F7781
F10896,F10778
F10555,F10404
F4506,F4106
F16773,F16772
F9426,F9089
F2828,F2477
F7687,F7463
F17120,F16906
F17251,F17054
F10610,F10606
F12534,F12438
F6264,F5874
F16974,F16860
F16999,F16885
F13833,F13581
F13347,F13062
F7372,F7003
F12970,F12729
F15637,F15298
F17674,F17614
F3638,F3340
F7563,F7377
F12666,F12408
F7379,F6983
F13396,F13307
F12823,F12670
F13996,F13957
F15834,F15700
F14422,F14269
F17276,F17050
F12859,F12849
F12412,F12312
F6790,F6550
F13322,F12922
F11499,F11429
F6851,F6457
F3764,F3605
F13735,F13690
F17953,F17615
F7436,F7372
F17042,F16885
F5457,F5410
F14853,F14516
F10945,F10579
F3396,F3338
F12008,F11795
F17839,F17553
F8843,F8751
F9753,F9657
F9438,F9135
F6471,F6190
F17626,F17315
F12333,F12174
F15125,F14829
F5257,F4983
F11787,F11450
F5454,F5338
F17049,F16986
F15249,F15078
F14077,F13905
F13138,F12968
F6282,F6123
F7253,F7129
F3055,F2661
F6294,F5980
F10395,F10343
F7868,F7679
F4973,F4771
F16654,F16445
F15447,F15202
F5857,F5760
F15414,F15296
F4891,F4740
F13404,F13301
F17748,F17620
F6657,F6317
F17959,F17669
F15012,F14775
F15298,F15140
F17731,F17496
F12735,F12658
F15753,F15727
F16369,F16057
F8548,F8345
F16736,F16408
F13440,F13096
F5386,F5104
F7414,F7115
F17546,F17440
F17618,F17263
F4976,F4700
F8356,F8285
F17579,F17379
F4798,F4694
F9165,F8771
F13357,F13121
F10071,F9848
F11932,F11905
F16806,F16653
F13737,F13727
F14958,F14760
F3087,F2930
F10035,F9648
F5095,F5046
F14297,F14115
F5479,F5370
F9123,F9027
F14187,F14096
F13558,F13435
F9821,F9575
F17363,F17356
F7680,F7585
F16288,F16057
F15358,F14962
F9398,F9293
F13503,F13404
F4452,F4426
F8793,F8573
F8367,F8216
F4543,F4192
F17175,F17117
F6628,F6325
F3565,F3321
F5395,F5345
F10232,F9999
F3772,F3540
F13387,F13351
F14215,F14097
F14235,F13863
F7019,F6639
F16818,F16630
F12247,F12064
F3852,F3545
F17368,F17148
F10399,F10024
F4725,F4485
F17740,F17526
F8710,F8399
F11553,F11248
F7637,F7437
F10749,F10710
F15750,F15435
F5025,F4877
F14173,F13949
F17902,F17568
F9146,F9010
F8116,F7931
F11160,F10852
F7894,F7532
F10922,F10619
F9107,F8977
F9238,F9008
F6885,F6875
F9949,F9597
F11737,F11449
F10665,F10614
F10483,F10406
F17940,F17621
F17417,F17213
F12626,F12423
F13886,F13584
F13186,F13053
F8193,F8105
F3465,F3289
F5145,F5013
F7240,F7150
F10909,F10842
F17730,F17600
F7109,F6760
F8669,F8564
F13049,F12681
F8479,F8080
F10688,F10503
F4085,F4020
F14308,F14170
F15119,F15096
F12985,F12781
F16773,F16472
F17603,F17573
F10833,F10710
F11604,F11253
F13521,F13287
F16478,F16188
F3310,F2997
F10758,F10485
F3477,F3327
F6460,F6239
F8250,F8061
F15968,F15744
F13594,F13494
F12640,F12589
F14517,F14127
F11593,F11280
F15356,F14979
F16877,F16677
F12867,F12596
F13238,F13096
F15823,F15633
F14089,F13992
F12075,F11895
F3530,F3512
F3412,F3086
F6320,F5975
F10208,F10006
F9874,F9613
F7648,F7531
F8154,F7884
F15834,F15760
F11015,F10858
F7982,F7713
F7815,F7477
F14750,F14500
F7268,F6964
F4589,F4521
F9154,F8986
F14767,F14476
F8371,F8368
F11687,F11359
F4208,F4093
F12480,F12380
F14659,F14323
F10313,F9937
F12982,F12653
F6998,F6950
F11757,F11407
F16625,F16303
F3340,F3056
F6529,F6441
F16328,F16024
F4421,F4275
F10580,F10456
F6423,F6193
F2779,F2599
F5063,F4880
F5910,F5629
F8305,F8257
F3292,F3265
F7841,F7512
F17587,F17324
F7803,F7615
F17674,F17409
F12465,F12210
F3605,F3241
F13503,F13135
F3350,F3192
F12989,F12917
F16590,F16290
F9377,F9331
F7386,F7270
F16001,F15811
F8865,F8842
F14580,F14290
F14523,F14464
F7348,F7142
F17736,F17403
F4308,F3916
F6655,F6316
F6100,F5732
F3952,F3928
F13349,F13060
F5325,F5022
F4471,F4418
F11731,F11478
F7389,F7177
F12580,F12296
F14059,F13742
F3388,F3084
F8168,F7890
F13902,F13847
F17019,F16782
F10787,F10652
F16647,F16461
F4860,F4469
F3449,F3384
F5523,F5278
F5808,F5573
F8530,F8461
F12609,F12276
F10754,F10518
F12864,F12852
F17735,F17731
F13379,F13246
F13156,F12867
F11950,F11649
F7595,F7447
F8525,F8156
F12288,F12086
F16174,F15864
F11272,F10936
F12555,F12228
F3005,F2711
F8160,F7814
F12081,F11848
F8893,F8537
F4790,F4600
F5486,F5265
F11282,F10886
F13249,F13114
F8361,F8107
F9599,F9343
F13035,F12636
F6136,F6024
F6585,F6186
F17751,F17460
F8198,F7987
F10503,F10390
F14678,F14402
F7743,F7563
F4571,F4266
F2710,F2314
F7939,F7853
F9656,F9326
F8249,F7935
F14944,F14890
F15583,F15445
F16999,F16625
F7533,F7340
F17253,F16902
F7059,F7004
F4196,F4176
F7776,F7606
F15366,F14990
F12975,F12963
F8717,F8517
F13504,F13248
F13732,F13342
F14394,F14179
F6244,F5951
F10428,F10425
F9622,F9430
F4571,F4235
F15624,F15234
F16336,F16146
F5149,F5089
F16967,F16874
F12630,F12589
F13298,F13193
F17252,F16948
F16829,F16574
F7789,F7567
F8076,F7904
F9318,F9105
F15499,F15199
F2774,F2710
F6704,F6308
F10398,F10376
F15175,F14964
F9543,F9241
F8327,F8067
F17822,F17710
F13111,F13094
F9263,F8872
F4438,F4174
F5291,F5142
F14561,F14547
F15118,F14918
F7829,F7518
F10452,F10345
F7231,F6869
F11958,F11818
F2954,F2921
F12649,F12325
F13872,F13833
F17300,F17290
F14067,F13736
F10486,F10226
F12665,F12420
F4094,F3992
F3971,F3661
F17711,F17413
F12282,F11948
F14329,F14025
F10643,F10289
F6106,F6091
F9563,F9561
F3859,F3779
F4620,F4524
F13794,F13658
F7570,F7541
F11132,F10776
F16147,F16085
F5004,F4625
F12238,F11967
F3206,F2861
F14417,F14150
F11506,F11302
F7411,F7345
F7866,F7848
F7112,F6865
F10949,F10835
F9855,F9507
F17249,F17178
F8648,F8569
F7954,F7822
F14833,F14782
F4462,F4185
F9361,F9098
F17273,F17227
F4027,F3738
F15167,F14888
F12384,F12244
F8857,F8852
F13868,F13863
F16004,F15903
F11841,F11660
F15177,F15036
F3618,F3610
F6611,F6604
F10535,F10505
F10040,F9697
F7098,F6945
F11557,F11446
F3581,F3503
F14673,F14356
F7043,F6969
F15476,F15161
F14069,F13728
F4780,F4423
F7728,F7430
F9948,F9611
F16550,F16521
F8442,F8383
F17324,F17258
F11049,F10747
F3817,F3445
F7522,F7362
F16121,F15917
F2987,F2652
F3733,F3450
F13442,F13338
F15079,F14875
F9385,F9095
F14442,F14281
F16944,F16616
F10690,F10658
F9332,F9308
F15908,F15732
F5064,F4868
F3489,F3273
F5104,F4986
F17648,F17390
F10846,F10487
F9629,F9343
F7995,F7907
F6921,F6722
F4231,F4003
F6797,F6717
F4457,F4420
F7164,F7066
F17420,F17159
F12629,F12478
F14954,F14554
F12097,F11988
F12665,F12616
F4525,F4293
F13497,F13465
F7079,F6997
F3034,F2901
F4072,F3895
F5392,F5047
F16466,F16187
F17891,F17618
F11916,F11839
F9499,F9335
F12683,F12483
F12858,F12831
F17793,F17475
F10177,F10096
F6374,F6003
F16049,F15722
F10950,F10914
F9079,F8839
F10263,F9952
F12911,F12616
F10326,F10102
F5147,F5048
F16234,F15863
F9380,F9173
F7565,F7246
F6177,F5948
F4735,F4412
F11307,F11066
F14689,F14373
F3394,F3093
F13074,F13022
F9245,F8975
F3443,F3143
F15272,F15195
F2819,F2451
F2805,F2753
F16116,F15986
F5243,F5226
F16313,F16147
F16337,F16236
F5261,F5241
F8685,F8437
F10884,F10626
F10268,F10171
F10848,F10808
F2787,F2677
F8908,F8665
F6413,F6268
F7745,F7588
F14113,F13947
F6155,F5851
F7644,F7369
F13891,F13599
F10508,F10356
F4369,F4359
F10099,F9753
F11132,F10936
F17923,F17623
F10531,F10282
F10500,F10263
F7636,F7270
F15815,F15561
F14108,F14103
F10985,F10634
F11282,F11210
F13597,F13249
F7478,F7363
F2982,F2602
F8314,F8019
F17564,F17336
F10411,F10214
F12804,F12633
F13757,F13535
F7229,F7165
F8565,F8441
F9798,F9706
F9121,F9019
F4596,F4587
F10934,F10609
F8416,F8326
F5883,F5775
F16573,F16266
F13359,F13026
F8739,F8456
F8727,F8531
F12962,F12598
F4465,F4395
F11816,F11669
F11092,F11050
F9692,F9492
F15110,F14822
F14241,F14029
F17962,F17819
F11381,F11169
F11675,F11450
F16937,F16823
F8317,F8218
F6715,F6510
F9561,F9550
F12416,F12052
F14279,F14121
F15512,F15113
F16498,F16314
F5950,F5814
F9978,F9621
F14611,F14490
F11640,F11243
F6057,F5659
F15694,F15597
F11175,F10865
F10523,F10451
F3988,F3882
F11679,F11387
F12493,F12376
F7888,F7532
F3227,F3026
F6102,F5859
F7061,F6675
F17067,F16902
F7628,F7382
F7339,F7298
F5490,F5143
F11486,F11100
F2891,F2550
F10611,F10560
F7491,F7265
F12256,F11975
F2986,F2842
F9419,F9374
F14107,F13885
F6802,F6647
F3545,F3366
F12367,F12153
F6475,F6315
F12002,F11613
F4513,F4476
F11650,F11270
F10195,F10108
F17371,F17107
F15964,F15645
F4133,F3774
F14400,F14150
F9748,F9388
F2840,F2654
F8817,F8705
F17216,F17199
F4600,F4430
F3804,F3802
F11114,F11067
F9433,F9336
F12267,F11876
F4101,F4033
F6649,F6620
F3937,F3550
F4755,F4407
F10103,F9978
F7401,F7381
F9230,F9227
F14672,F14373
F14312,F14232
F11511,F11379
F5747,F5365
F11565,F11538
F9130,F9085
F11106,F10731
F2975,F2957
F11959,F11869
F17565,F17418
F6606,F6343
F10380,F9996
F4996,F4976
F8773,F8764
F13205,F12918
F8431,F8130
F15490,F15403
F14750,F14498
F16563,F16473
F4735,F4665
F4842,F4592
F9091,F8788
F12745,F12370
F14725,F14482
F10555,F10170
F9651,F9634
F11312,F11029
F17810,F17500
F5346,F5039
F9409,F9082
F4044,F3811
F13589,F13260
F8074,F7994
F17326,F17276
F17630,F17332
F17000,F16979
F8520,F8133
F5504,F5128
F9470,F9325
F11567,F11348
F12859,F12613
F16279,F15901
F17103,F17028
F9181,F8970
F2842,F2752
F12111,F11862
F9652,F9579
F12983,F12882
F6825,F6603
F6280,F6122
F10143,F9928
F13730,F13427
F4778,F4603
F11067,F10887
F11397,F11281
F15093,F15006
F6140,F5886
F16872,F16598
F10518,F10190
F7827,F7658
F16833,F16669
F5597,F5200
F7004,F6950
F8815,F8731
F14870,F14865
F10225,F9907
F10433,F10086
F15382,F15243
F17450,F17161
F6297,F5935
F13258,F13006
F14696,F14612
F16749,F16535
F5978,F5851
F4156,F3757
F6702,F6433
F8664,F8424
F11091,F10787
F5462,F5068
F4630,F4366
F6682,F6484
F13505,F13198
F13816,F13764
F12259,F12010
F12615,F12323
F16676,F16547
F12042,F11948
F10576,F10265
F12537,F12430
F11189,F10826
F17899,F17703
F17528,F17355
F4650,F4613
F14015,F13967
F14022,F13654
F16308,F15934
F6635,F6627
F16227,F16137
F13087,F13053
F11804,F11604
F7802,F7525
F15918,F15619
F3024,F2903
F7309,F7023
F11690,F11518
F15468,F15454
F3118,F2820
F11772,F11488
F16966,F16698
F4617,F4229
F12858,F12582
F8676,F8303
F8384,F8283
F12039,F11854
F17854,F17705
F8587,F8468
F10313,F10256
F13814,F13811
F3856,F3637
F10468,F10375
F14937,F14682
F13628,F13529
F8927,F8701
F6063,F5858
F12890,F12793
F4192,F3836
F9918,F9624
F8838,F8765
F14778,F14631
F5365,F5305
F4810,F4569
F16054,F16043
F16455,F16364
F7886,F7699
F10570,F10280
F13428,F13293
F6027,F5836
F16240,F15992
F4179,F4003
F14556,F14156
F9716,F9577
F2767,F2743
F2930,F2814
F14743,F14395
F8476,F8157
F7915,F7895
F13771,F13733
F3985,F3970
F6468,F6076
F12510,F12290
F10902,F10535
F15555,F15290
F2838,F2595
F16620,F16430
F8646,F8551
F16632,F16609
F3319,F3163
F5309,F4969
F3049,F2660
F5370,F5295
F15607,F15271
F8671,F8452
F3200,F3073
F9216,F8905
F16667,F16579
F12366,F12122
F11784,F11726
F8484,F8087
F10977,F10644
F14307,F14287
F14916,F14886
F12376,F12201
F5734,F5388
F5307,F5185
F8253,F8054
F5923,F5648
F3272,F2978
F12187,F11929
F17416,F17346
F13454,F13058
F12294,F12173
F3870,F3682
F10709,F10337
F13480,F13269
F15058,F14868
F8527,F8234
F3136,F2796
F9413,F9328
F4388,F4346
F8590,F8571
F9845,F9625
F11594,F11194
F6579,F6510
F12837,F12477
F13116,F13038
F13595,F13539
F8607,F8286
F10815,F10723
F13890,F13867
F13394,F13034
F7069,F6790
F9797,F9453
F6534,F6484
F7673,F7652
F4721,F4376
F11377,F11136
F4415,F4273
F14874,F14873
F10445,F10225
F5512,F5335
F8684,F8540
F13011,F12728
F15861,F15677
F10170,F9859
F9904,F9514
F17397,F17209
F11599,F11225
F5601,F5438
F12994,F12752
F9579,F9202
F8264,F8169
F3466,F3194
F8651,F8304
F5403,F5045
F7667,F7650
F14665,F14475
F16156,F15968
F7291,F7056
F10023,F9690
F7232,F7005
F17653,F17532
F17434,F17365
F17207,F16871
F11833,F11574
F6445,F6265
F7501,F7387
F16074,F15924
F11139,F10787
F5568,F5379
F3266,F3117
F5455,F5383
F8560,F8356
F9024,F8703
F14216,F14074
F14891,F14822
F3535,F3272
F13474,F13108
F5581,F5513
F4303,F4137
F10074,F9794
F11663,F11269
F3514,F3308
F15508,F15161
F9506,F9122
F3096,F2964
F2815,F2732
F4121,F3752
F6113,F5957
F11201,F10819
F13253,F13118
F15087,F14843
F11141,F11069
F16652,F16501
F10224,F9951
F16527,F16406
F5706,F5644
F6061,F6032
F15467,F15444
F10960,F10948
F6912,F6720
F7696,F7379
F15370,F15217
F9569,F9215
F17596,F17476
F7701,F7694
F5717,F5606
F11423,F11139
F9165,F8777
F9854,F9615
F14166,F14037
F13355,F13152
F10276,F10136
F14903,F14508
F12424,F12318
F8484,F8407
F12917,F12587
F10172,F9805
F12793,F12529
F3648,F3423
F12273,F12049
F2754,F2543
F9377,F9220
F17700,F17510
F17377,F16978
F5511,F5255
F13936,F13743
F14957,F14708
F3721,F3458
F3189,F2831
F7324,F6958
F16851,F16473
F4834,F4557
F14670,F14526
F3861,F3559
F11627,F11510
F6849,F6627
F6694,F6475
F4683,F4461
F7900,F7868
F8585,F8403
F6181,F5867
F10606,F10604
F13398,F13343
F7689,F7298
F13441,F13125
F10141,F9774
F10809,F10621
F12137,F11862
F6282,F5949
F8833,F8658
F15409,F15089
F5995,F5835
F16293,F16231
F14242,F13981
F17506,F17187
F17818,F17487
F6163,F6070
F17929,F17795
F12248,F12080
F14026,F14015
F6093,F5898
F13639,F13460
F10384,F10033
F9261,F8881
F12479,F12092
F4639,F4449
F8175,F7887
F17928,F17540
F6908,F6902
F11360,F11040
F6864,F6565
F16397,F16270
F8885,F8760
F9404,F9064
F14659,F14605
F7765,F7673
F8744,F8633
F15646,F15530
F10065,F9814
F17817,F17679
F16408,F16308
F17038,F17035
F17581,F17188
F3460,F3438
F12882,F12693
F3707,F3541
F17063,F16952
F11867,F11757
F12237,F12138
F12865,F12653
F17208,F17028
F11616,F11334
F7144,F6820
F4498,F4116
F4596,F4529
F10500,F10165
F9826,F9592
F14801,F14645
F4694,F4561
F3028,F2793
F11345,F11012
F4328,F4025
F11582,F11538
F17110,F16953
F12082,F12029
F11964,F11730
F6634,F6405
F10286,F10190
F10507,F10112
F8759,F8712
F15645,F15506
F14590,F14207
F16812,F16526
F15136,F15052
F16099,F15892
F13351,F13264
F16935,F16731
F10863,F10582
F4449,F4405
F6484,F6308
F17049,F16827
F12330,F12127
F6224,F6140
F6815,F6422
F10327,F10232
F6591,F6473
F13472,F13319
F7701,F7593
F17357,F17145
F15074,F14955
F2837,F2544
F6852,F6496
F11210,F10922
F16846,F16732
F12812,F12493
F5890,F5526
F2847,F2627
F3638,F3591
F11280,F10901
F11773,F11397
F6886,F6856
F7427,F7405
F8903,F8612
F13499,F13154
F2851,F2570
F15326,F15083
F8011,F8004
F6208,F6007
F13105,F13077
F11287,F10914
F3574,F3547
F6089,F5876
F9716,F9617
F17786,F17618
F3118,F2759
F3364,F3090
F10925,F10638
F16718,F16320
F4607,F4387
F4285,F4176
F10216,F10161
F17414,F17320
F5285,F5240
F10242,F10042
F10532,F10508
F10471,F10101
F6963,F6837
F7032,F6730
F8639,F8404
F12044,F11877
F16415,F16337
F12691,F12377
F17556,F17366
F11691,F11546
F12068,F11788
F12894,F12652
F11055,F10938
F7916,F7616
F6373,F6223
F8268,F8025
F5305,F5244
F8982,F8876
F9838,F9658
F11968,F11862
F9580,F9357
F14581,F14456
F8231,F7975
F2885,F2849
F7848,F7547
F8447,F8307
F10263,F9928
F8729,F8484
F13867,F13566
F9878,F9843
F7934,F7706
F7090,F6848
F15498,F15203
F12183,F11854
F7997,F7626
F15112,F14906
F13265,F13037
F14551,F14422
F16850,F16604
F11585,F11416
F3961,F3591
F11038,F10877
F14635,F14553
F4332,F4187
F5641,F5608
F5533,F5201
F15231,F14938
F17134,F17075
F5881,F5798
F11171,F10937
F13076,F13035
F11613,F11328
F11642,F11482
F5691,F5387
F10126,F9946
F3328,F2968
F2966,F2930
F8169,F7927
F15696,F15567
F7929,F7885
F16941,F16651
F6273,F5939
F6241,F5879
F14314,F13997
F7686,F7341
F2862,F2477
F14786,F14699
F11057,F10881
F10703,F10441
F11836,F11676
F10014,F9776
F9749,F9525
F11241,F10983
F6889,F6519
F11122,F10941
F4305,F4150
F10351,F9994
F8322,F8294
F3107,F2902
F6180,F5950
F6039,F5781
F7982,F7918
F7627,F7360
F9368,F8978
F12257,F12093
F14498,F14375
F9719,F9534
F8498,F8202
F15599,F15583
F7049,F6872
F9921,F9899
F14894,F14783
F16426,F16172
F12697,F12461
F13281,F13132
F17345,F17169
F4108,F3785
F12801,F12595
F5823,F5615
F2887,F2598
F13532,F13194
F3411,F3014
F10997,F10941
F12190,F12003
F9077,F8890
F7826,F7718
F10212,F10148
F8608,F8256
F13649,F13301
F16992,F16851
F14888,F14853
F9467,F9387
F13113,F12951
F8563,F8223
F12367,F12118
F17714,F17431
F17424,F17106
F11462,F11182
F4477,F4155
F7197,F6994
F3181,F3089
F9363,F9213
F7816,F7759
F6404,F6297
F6856,F6486
F7070,F6977
F6399,F6219
F6309,F6185
F10845,F10579
F16076,F15883
F17754,F17463
F12334,F12049
F4173,F3868
F3023,F2738
F4369,F4104
F16767,F16694
F7427,F7311
F16435,F16123
F16487,F16143
F10273,F9895
F17510,F17368
F13581,F13353
F6424,F6195
F7454,F7111
F4340,F4221
F12524,F12407
F15796,F15529
F8611,F8249
F6530,F6337
F5843,F5544
F5407,F5381
F5261,F5223
F7524,F7327
F10635,F10363
F16279,F16063
F12008,F11971
F9816,F9482
F11413,F11387
F11929,F11895
F8706,F8402
F5768,F5464
F9268,F8932
F15225,F15105
F4914,F4530
F11139,F11137
F17647,F17510
F9062,F8790
F11861,F11572
F15729,F15456
F13391,F13095
F11399,F11140
F3530,F3373
F6613,F6408
F6863,F6828
F14538,F14376
F16410,F16119
F16688,F16554
F6041,F5737
F12033,F11689
F8139,F8114
F10823,F10791
F9693,F9565
F9642,F9312
F17733,F17654
F17582,F17456
F4198,F4141
F10461,F10152
F14434,F14304
F9396,F9110
F10001,F9681
F17648,F17633
F9994,F9657
F6563,F6329
F3876,F3567
F5776,F5582
F6651,F6449
F17038,F16980
F5492,F5303
F15997,F15747
F15210,F14815
F9273,F8965
F16461,F16215
F4743,F4672
F13184,F12900
F9521,F9282
F4493,F4313
F6806,F6578
F12490,F12123
F17716,F17691
F6682,F6331
F8049,F7940
F16248,F16084
F16696,F16441
F13024,F13009
F3801,F3437
F14354,F14146
F17679,F17284
F17195,F16882
F4278,F3990
F12157,F11977
F13127,F12928
F15558,F15166
F16367,F16234
F3822,F3749
F11372,F11005
F16698,F16349
F12963,F12763
F5337,F4997
F5232,F5121
F3844,F3657
F9583,F9279
F10703,F10529
F4496,F4156
F13910,F13746
F5744,F5572
F5206,F5024
F11962,F11644
F6069,F5721
F2926,F2634
F17292,F17191
F17850,F17796
F17930,F17903
F14239,F14080
F4723,F4402
F14068,F13932
F6249,F6049
F15193,F15091
F9403,F9205
F3663,F3602
F10040,F9648
F13309,F13211
F10648,F10311
F4710,F4633
F5696,F5430
F3518,F3375
F12305,F11981
F13864,F13507
F10436,F10113
F13670,F13318
F3711,F3582
F8591,F8473
F16306,F16254
F10954,F10639
F16137,F15855
F6258,F6241
F13970,F13883
F7312,F6975
F13769,F13421
F15562,F15422
F15598,F15563
F11546,F11352
F17031,F16971
F2909,F2605
F8137,F7885
F16115,F16041
F16994,F16630
F11802,F11667
F11702,F11586
F8483,F8322
F7311,F7291
F11444,F11250
F16561,F16321
F3551,F3482
F9327,F8978
F15526,F15214
F3724,F3546
F17961,F17632
F14087,F13907
F14535,F14525
F14871,F14528
F8360,F8197
F7318,F7138
F16064,F15896
F13496,F13151
F3906,F3624
F6172,F6084
F10666,F10377
F14882,F14491
F11880,F11597
F14925,F14863
F10145,F10123
F13957,F13871
F16570,F16381
F7858,F7688
F6284,F5894
F7856,F7621
F17175,F17043
F6603,F6451
F6399,F6285
F15134,F14860
F6225,F5841
F13953,F13862
F8021,F7903
F17173,F17104
F5358,F5190
F10341,F10010
F9694,F9548
F10156,F10142
F13230,F12975
F13121,F12953
F14595,F14335
F12716,F12621
F8288,F8166
F13117,F12909
F9905,F9556
F12910,F12542
F9846,F9640
F9526,F9450
F2734,F2607
F12340,F12086
F8901,F8519
F8880,F8487
F9652,F9416
F6568,F6262
F13323,F13200
F14505,F14210
F15302,F14903
F8367,F8220
F16093,F15750
F15224,F15048
F9727,F9437
F11002,F10932
F5122,F4950
F2776,F2731
F11916,F11753
F12269,F12261
F3489,F3096
F6587,F6487
F13783,F13423
F6585,F6389
F8136,F8096
F17996,F17774
F5269,F5208
F11222,F10890
F4891,F4634
F11252,F11189
F6749,F6699
F6966,F6792
F7612,F7379
F13072,F13043
F15874,F15483
F3670,F3318
F12729,F12478
F6324,F6048
F12623,F12467
F11277,F10981
F4537,F4460
F3473,F3112
F7897,F7586
F16263,F15886
F14058,F14031
F12905,F12859
F6587,F6448
F4285,F4159
F9926,F9664
F13557,F13546
F16771,F16560
F12896,F12703
F14050,F13664
F2703,F2360
F11419,F11179
F14904,F14786
F8741,F8452
F11323,F10934
F13338,F13098
F17748,F17449
F6716,F6333
F2926,F2723
F6581,F6323
F8293,F8189
F13682,F13639
F9877,F9857
F8537,F8145
F10626,F10392
F14810,F14657
F11062,F10717
F16532,F16345
F7092,F6732
F17596,F17344
F15296,F15230
F10107,F9731
F10714,F10667
F6026,F5802
F8011,F7920
F4824,F4605
F10764,F10522
F4108,F3979
F15381,F15007
F11411,F11090
F16036,F15798
F9234,F8969
F13537,F13245
F6920,F6806
F15867,F15519
F12015,F11924
F10573,F10196
F3295,F3023
F15893,F15596
F7233,F6940
F10797,F10736
F14473,F14140
F16555,F16445
F17575,F17355
F13953,F13592
F16589,F16554
F7009,F6794
F13199,F12822
F14479,F14219
F5018,F4810
F17407,F17023
F12496,F12426
F2831,F2713
F5658,F5327
F7685,F7406
F3205,F3102
F10556,F10204
F2975,F2847
F16627,F16512
F3034,F2695
F2819,F2478
F14162,F13980
F5835,F5613
F15030,F15001
F13362,F13013
F14998,F14889
F5827,F5716
F8578,F8546
F3947,F3921
F13355,F13284
F14480,F14467
F10416,F10162
F9827,F9614
F5900,F5569
F12790,F12720
F4345,F4106
F8690,F8403
F9758,F9462
F9885,F9496
F10506,F10235
F13358,F13268
F4846,F4576
F4423,F4132
F17119,F17007
F4786,F4637
F15848,F15614
F5544,F5237
F11354,F11093
F15533,F15317
F11140,F10971
F6863,F6603
F11326,F11229
F16107,F15934
F8369,F8049
F14217,F13881
F15499,F15318
F8921,F8751
F17217,F17168
F17249,F17023
F12533,F12186
F12975,F12768
F2873,F2601
F5825,F5571
F15223,F15080
F6957,F6845
F14316,F13927
F7127,F7104
F10319,F10129
F9204,F8884
F14860,F14780
F6918,F6892
F15361,F15302
F4797,F4795
F3662,F3641
F17539,F17182
F13644,F13268
F9560,F9497
F3170,F3068
F17112,F16782
F3376,F3153
F14466,F14310
F15498,F15386
F17189,F17093
F13307,F13032
F8105,F7882
F3611,F3378
F12990,F12935
F16627,F16449
F17944,F17885
F4246,F3884
F14895,F14738
F5671,F5573
F9855,F9753
F3198,F2920
F10943,F10912
F6935,F6641
F7315,F7040
F3692,F3559
F5195,F5029
F9683,F9493
F4382,F4320
F7360,F7166
F15249,F14902
F12679,F12386
F5413,F5177
F7574,F7179
F9459,F9271
F9221,F9095
F6288,F5930
F14888,F14531
F15811,F15429
F14829,F14701
F5140,F5049
F2715,F2494
F3674,F3663
F14288,F14254
F13102,F13101
F3139,F2883
F4342,F4216
F17979,F17824
F7442,F7099
F8199,F7848
F15702,F15416
F12255,F11921
F13774,F13529
F6508,F6455
F3601,F3340
F4874,F4607
F6644,F6619
F13071,F12927
F7205,F7048
F9637,F9594
F6058,F5933
F3680,F3387
F17605,F17265
F4815,F4785
F7477,F7474
F3840,F3489
F5803,F5601
F5312,F5135
F16969,F16914
F14782,F14534
F3238,F3168
F12250,F11907
F5450,F5300
F3773,F3412
F11591,F11404
F8228,F7933
F15888,F15623
F5612,F5333
F8735,F8675
F3214,F3024
F8716,F8385
F11846,F11539
F17745,F17388
F10614,F10411
F13558,F13447
F14133,F13882
F14549,F14409
F12308,F11956
F11363,F11323
F17335,F17111
F9990,F9752
F4729,F4355
F13553,F13438
F9769,F9704
F11278,F10982
F12061,F11675
F7273,F7234
F12105,F11809
F16915,F16733
F4537,F4257
F7649,F7340
F3861,F3472
F13311,F12963
F5897,F5708
F13595,F13441
F16318,F15929
F17095,F16939
F12529,F12519
F6096,F6001
F8112,F7841
F6918,F6630
F14526,F14253
F7096,F6760
F7873,F7773
F8847,F8670
F7441,F7154
F5762,F5414
F7036,F6972
F16303,F15953
F11981,F11740
F11819,F11616
F6969,F6870
F8031,F7805
F12270,F11921
F7774,F7493
F16504,F16420
F13550,F13416
F17329,F17276
F4015,F3915
F5406,F5097
F3891,F3498
F4448,F4056
F13583,F13479
F16600,F16239
F14168,F14133
F11058,F11043
F15098,F15011
F8972,F8859
F17394,F16996
F7760,F7629
F7998,F7756
F9660,F9424
F7976,F7698
F9323,F8934
F2983,F2646
F12416,F12106
F6341,F6336
F14347,F13956
F4557,F4163
F4099,F3770
F10097,F9713
F12448,F12051
F17031,F16944
F16956,F16726
F12283,F11972
F13925,F13704
F3687,F3342
F7142,F6842
F14619,F14416
F8223,F8011
F3291,F3069
F9313,F9140
F14446,F14192
F6207,F5909
F8984,F8715
F14771,F14383
F12786,F12387
F8405,F8043
F12698,F12626
F6735,F6502
F6386,F6322
F5639,F5620
F8492,F8298
F5443,F5246
F12448,F12229
F8561,F8450
F17366,F17137
F5056,F5023
F16654,F16515
F14798,F14417
F16607,F16526
F11365,F11296
F5956,F5661
F16963,F16832
F7590,F7553
F14347,F13979
F10605,F10281
F15585,F15441
F13197,F13050
F11258,F10894
F14075,F13989
F10278,F10151
F10357,F10084
F17480,F17133
F4625,F4286
F4996,F4632
F5329,F4930
F5082,F5039
F5671,F5479
F16703,F16582
F11137,F10751
F7674,F7307
F6440,F6225
F14926,F14663
F7035,F6912
F2840,F2816
