transformId,fieldId
T61,F1542
T109,F9997
T2240,F9171
T1616,F1864
T2973,F477
T1029,F10652
T2193,F1650
T356,F2334
T2870,F6558
T1724,F9320
T2002,F5599
T1597,F4530
T3452,F1361
T272,F8634
T793,F5916
T2795,F15146
T2009,F1438
T2197,F12070
T691,F4942
T828,F5723
T175,F11505
T76,F5646
T1,F190
T1071,F5195
T275,F13216
T2501,F760
T2735,F2106
T2950,F2375
T501,F9927
T586,F1797
T654,F5574
T3078,F2702
T331,F14538
T2150,F6678
T2557,F4812
T176,F1248
T29,F358
T820,F11303
T2985,F10315
T1461,F7890
T1481,F252
T3018,F3197
T2529,F13307
T273,F14348
T674,F9169
T2086,F7011
T1728,F5087
T2040,F604
T2971,F4194
T284,F2139
T3285,F10672
T346,F3083
T390,F7230
T172,F1124
T109,F4762
T253,F425
T1204,F648
T2365,F7798
T2931,F3346
T1697,F14400
T3225,F5344
T1137,F24
T784,F2107
T2238,F2473
T1826,F2954
T934,F1939
T1168,F1847
T338,F3723
T902,F2370
T2185,F12025
T915,F799
T2084,F613
T2295,F12920
T86,F3147
T863,F6304
T1296,F1321
T1902,F3517
T556,F8326
T2851,F1474
T52,F12026
T2629,F2593
T1752,F6892
T395,F150
T2081,F4140
T3266,F8538
T1323,F2696
T330,F5107
T550,F1286
T2286,F4530
T1029,F7411
T2791,F240
T1632,F3770
T3380,F2602
T2376,F6448
T893,F8142
T2887,F7100
T1001,F4745
T1485,F177
T2008,F17364
T3371,F9315
T611,F3906
T25,F5582
T139,F1251
T1585,F2757
T652,F2216
T1958,F15650
T1497,F2288
T2043,F82
T2153,F1675
T2307,F414
T1301,F2596
T2819,F535
T1853,F8950
T1152,F2836
T3368,F3677
T1469,F1291
T334,F2399
T2694,F9426
T2359,F6089
T1133,F5544
T601,F2374
T367,F3214
T1349,F13157
T1431,F275
T1438,F11107
T1857,F1616
T2812,F3275
T3351,F262
T2313,F3635
T3172,F3620
T1914,F1440
T1630,F5964
T3333,F11862
T2389,F1427
T2520,F5517
T2570,F8077
T2330,F13015
T610,F352
T904,F7483
T3010,F3361
T2679,F9573
T2181,F3781
T2116,F9954
T2448,F7371
T2983,F2249
T960,F1082
T3220,F5787
T3350,F12135
T1795,F1427
T22,F2795
T3086,F453
T1966,F12857
T1489,F5363
T3065,F8972
T3050,F4747
T2197,F2751
T2449,F2119
T3017,F5439
T360,F12267
T359,F1746
T3331,F303
T859,F809
T1179,F2643
T2259,F9982
T1130,F739
T1710,F1651
T3187,F5629
T3350,F3068
T2457,F1139
T1019,F2086
T2040,F2094
T2549,F472
T2254,F1396
T3052,F796
T579,F5137
T3124,F1829
T2490,F1549
T1071,F5825
T536,F4397
T161,F3189
T3045,F13068
T884,F7518
T293,F164
T2359,F13055
T37,F1928
T2101,F3617
T3360,F12703
T3277,F376
T1847,F1805
T331,F14065
T1533,F198
T1114,F6058
T1962,F12608
T1761,F1025
T2601,F10269
T1366,F6869
T2454,F11400
T2930,F5849
T2341,F3853
T1535,F7888
T2999,F3044
T886,F12086
T783,F8228
T871,F417
T2339,F7743
T2760,F14032
T51,F13801
T2535,F2817
T3014,F7477
T1575,F3484
T1278,F945
T683,F3257
T877,F6496
T578,F638
T665,F50
T2566,F7463
T1916,F4246
T2946,F2141
T731,F1462
T1620,F575
T1998,F8462
T2583,F16281
T921,F3342
T2480,F6819
T3158,F12569
T3196,F1259
T1254,F13147
T2285,F4767
T3212,F354
T3096,F7192
T19,F6791
T740,F5097
T107,F3289
T2153,F57
T2895,F1200
T706,F14195
T1406,F4701
T518,F1161
T918,F20
T2645,F1422
T2117,F1099
T2124,F824
T2106,F5924
T3049,F245
T1433,F13254
T578,F2654
T2440,F2494
T1836,F5532
T3071,F2671
T3350,F8806
T385,F1494
T1710,F476
T1308,F5061
T2299,F6473
T3110,F13403
T2032,F10251
T2763,F6039
T91,F4044
T3004,F3520
T2842,F9320
T563,F4450
T2939,F4814
T2320,F7196
T2410,F6273
T431,F6393
T3409,F2201
T9,F6757
T2246,F5961
T2431,F4808
T81,F3009
T2045,F4099
T1696,F5547
T3382,F7491
T234,F6475
T2727,F1972
T2898,F4043
T252,F5893
T2452,F4185
T1539,F1012
T15,F1285
T3213,F5046
T1093,F12875
T1370,F1590
T1588,F2121
T2757,F6922
T655,F1281
T738,F1012
T64,F7098
T2617,F12820
T3426,F6658
T1718,F928
T1083,F4813
T2891,F4
T399,F1072
T785,F5839
T1579,F5434
T1719,F4869
T2712,F627
T1151,F4324
T538,F9111
T1481,F2847
T844,F190
T1853,F2150
T1168,F1176
T2641,F751
T1684,F598
T3300,F1582
T2577,F9467
T2879,F3678
T2953,F3852
T3341,F535
T2376,F7184
T1372,F5210
T877,F4178
T2730,F10808
T544,F2663
T2390,F11282
T298,F9258
T52,F11213
T1904,F1269
T1487,F2854
T574,F1645
T2579,F4819
T3281,F8746
T2383,F12968
T3206,F3297
T526,F7570
T772,F12848
T846,F959
T2097,F1774
T58,F1354
T265,F2329
T2358,F7032
T3445,F2366
T2544,F3314
T1344,F4975
T1183,F4165
T321,F12324
T733,F349
T2270,F2197
T591,F1547
T1106,F6020
T2726,F1881
T624,F1278
T2129,F5037
T238,F8933
T1137,F7926
T887,F5940
T3252,F4453
T3371,F6308
T809,F1801
T2688,F5752
T594,F2251
T2001,F2148
T1941,F844
T2717,F666
T746,F8818
T2538,F2587
T257,F6342
T1678,F5103
T2755,F13507
T1200,F5349
T2131,F4634
T657,F12396
T2596,F11126
T3497,F13915
T2126,F4989
T1718,F1586
T1487,F224
T184,F8740
T682,F7939
T2623,F5438
T254,F1419
T870,F2670
T781,F1093
T1394,F16439
T2504,F13622
T1740,F157
T1145,F5892
T3388,F5059
T3078,F7542
T357,F6121
T917,F3380
T2915,F2112
T120,F1111
T382,F2940
T1970,F6568
T657,F6526
T3483,F6463
T1099,F3307
T2671,F5475
T105,F7291
T3472,F1311
T1864,F2759
T2900,F4217
T3481,F8707
T644,F3148
T1424,F1427
T1364,F5243
T2009,F2171
T2983,F3034
T683,F1563
T2884,F2374
T293,F3132
T1831,F11422
T523,F4650
T1677,F2600
T647,F5662
T2741,F3307
T2203,F1106
T103,F817
T623,F1324
T3361,F4132
T1665,F484
T3261,F885
T268,F1116
T2115,F929
T2967,F13063
T2906,F6218
T2560,F380
T1384,F9146
T1265,F14429
T1219,F6952
T2928,F3168
T2552,F5142
T797,F402
T3468,F11450
T1164,F1695
T1012,F7007
T2397,F917
T313,F6370
T38,F683
T1002,F1062
T821,F1338
T2101,F1195
T1517,F4292
T3068,F5413
T1837,F9732
T1523,F9751
T743,F2182
T1581,F3452
T2395,F156
T1988,F7007
T1164,F342
T1354,F4414
T2174,F6873
T206,F1826
T2613,F1925
T2048,F3654
T1861,F3874
T752,F1139
T1846,F981
T482,F4378
T1918,F12445
T2703,F14144
T2261,F5732
T1309,F8406
T3477,F8108
T1071,F4579
T260,F1014
T807,F4747
T803,F6048
T1972,F9102
T2223,F6581
T1656,F3198
T1983,F9591
T2934,F1176
T1771,F2866
T1269,F10063
T1155,F529
T2464,F1628
T2183,F5469
T3393,F992
T1930,F1721
T3415,F13321
T1675,F5494
T1793,F4494
T1565,F13929
T2150,F12394
T1193,F6116
T2172,F8218
T2315,F2587
T864,F6244
T1003,F6497
T2764,F3940
T3308,F2310
T1977,F8617
T1771,F5083
T1286,F13362
T3301,F331
T1069,F651
T414,F1095
T3309,F4405
T2628,F4345
T280,F3192
T1110,F1161
T76,F1795
T1097,F1033
T1929,F3392
T268,F304
T2473,F5746
T2821,F2175
T1684,F1899
T3028,F1095
T3109,F76
T1355,F7775
T3006,F7047
T2998,F5940
T507,F6630
T1804,F446
T2986,F5099
T3417,F10606
T3045,F11261
T1960,F7197
T181,F3846
T2615,F8980
T1427,F9170
T1135,F10310
T1231,F7577
T974,F1457
T2176,F7735
T2685,F118
T3148,F9541
T1568,F6207
T2728,F6940
T1358,F3136
T2465,F8667
T3401,F1837
T1251,F5528
T3036,F881
T2672,F12577
T3407,F7323
T1576,F243
T2899,F1417
T1813,F1568
T2883,F42
T260,F10184
T2164,F10747
T2550,F6580
T2490,F1554
T2450,F6997
T1067,F225
T2591,F5801
T3037,F1876
T3299,F4730
T3206,F983
T2909,F12583
T1088,F4555
T769,F84
T3437,F1845
T3219,F2652
T2376,F5752
T66,F10703
T2218,F5246
T2246,F6809
T3469,F284
T2249,F718
T2659,F1840
T664,F645
T131,F3707
T1259,F555
T694,F3273
T576,F1358
T154,F2018
T2136,F7353
T943,F2922
T3381,F15250
T1303,F14472
T2651,F9571
T2288,F1742
T737,F3379
T2503,F495
T1369,F10550
T293,F12318
T444,F3251
T3304,F6801
T2256,F1814
T1131,F5947
T31,F9945
T2317,F11867
T1038,F3036
T3227,F1276
T714,F4744
T1689,F7085
T2847,F4318
T1110,F2265
T1017,F4098
T1376,F6115
T655,F4303
T3188,F8831
T2269,F1206
T1909,F2711
T142,F7844
T1146,F2267
T487,F7895
T138,F4875
T2808,F1646
T683,F2565
T2352,F4827
T346,F7737
T2194,F5858
T1520,F1624
T2450,F1305
T358,F4879
T3428,F10318
T1102,F2575
T3055,F1571
T321,F7738
T167,F6939
T1185,F521
T1726,F12069
T2719,F228
T3080,F6912
T1612,F284
T3000,F7338
T3453,F8999
T2625,F1103
T1529,F2594
T2779,F9216
T806,F352
T1309,F7062
T3418,F2001
T2869,F13843
T1601,F6186
T1073,F510
T2518,F1151
T203,F3172
T2769,F9235
T3050,F5813
T3075,F13255
T3195,F4897
T3230,F8382
T3193,F1115
T2111,F323
T1272,F16
T72,F2646
T2297,F7599
T2400,F1939
T2663,F795
T3111,F6410
T787,F4485
T3237,F3494
T1366,F6977
T3078,F6751
T2630,F1457
T592,F7780
T1227,F1802
T1621,F3696
T2958,F4891
T617,F8224
T2051,F4427
T1043,F8691
T2752,F4391
T1447,F4986
T1072,F8281
T1593,F1479
T1310,F1578
T1103,F4947
T912,F13036
T2618,F9361
T2922,F3488
T3408,F296
T800,F1733
T1804,F5597
T583,F2783
T1041,F15001
T509,F4760
T3186,F5457
T781,F5964
T3441,F2244
T1415,F5054
T1943,F7109
T1384,F434
T85,F400
T494,F4328
T2307,F3227
T2693,F5286
T992,F2220
T1450,F1436
T1610,F6513
T2386,F2096
T2486,F4912
T584,F9021
T2278,F6240
T1019,F487
T1760,F4382
T72,F9853
T1789,F2638
T1338,F3491
T1946,F9882
T2243,F1850
T1399,F3425
T2861,F1635
T2188,F13458
T2251,F6117
T126,F3174
T340,F5010
T2838,F3140
T3470,F14261
T1546,F1337
T180,F1729
T1322,F11913
T2821,F1784
T2397,F1393
T1624,F9840
T236,F7588
T770,F7910
T1459,F4115
T1965,F7248
T3231,F1730
T2544,F2461
T3306,F2878
T413,F12110
T1373,F7815
T3329,F9756
T2009,F4276
T3286,F5564
T1457,F4704
T3026,F12275
T149,F2801
T1668,F9419
T2729,F804
T799,F526
T1092,F8490
T977,F14841
T1473,F4982
T3314,F1505
T811,F8205
T2468,F7358
T1931,F1742
T2418,F10797
T3207,F739
T2574,F2608
T1934,F2460
T2735,F2283
T3460,F342
T3089,F6346
T1455,F3768
T2652,F2865
T2253,F3459
T3093,F2781
T1795,F12133
T2999,F10761
T2705,F1074
T728,F4358
T847,F2242
T1496,F2399
T2134,F655
T2412,F5927
T2997,F311
T956,F3296
T2907,F1460
T1234,F6903
T2398,F7247
T3248,F8196
T292,F1765
T1059,F4388
T1317,F5738
T1979,F6748
T3453,F7190
T2489,F1203
T2578,F2350
T1008,F13541
T3134,F3749
T622,F2091
T2606,F5295
T1964,F4588
T1926,F3722
T1299,F1396
T1254,F7942
T3278,F1422
T681,F7804
T3052,F2256
T3093,F1483
T2212,F1175
T2233,F454
T2261,F9928
T33,F6422
T211,F1905
T1511,F2196
T655,F1346
T284,F73
T2709,F5501
T1434,F2116
T3253,F2379
T588,F3247
T1037,F916
T2709,F10420
T421,F4099
T8,F1889
T1291,F1399
T1153,F5185
T2344,F8942
T843,F1827
T1784,F769
T875,F1780
T709,F3216
T2481,F8535
T1566,F887
T2221,F4695
T3261,F4475
T780,F3894
T1450,F2843
T417,F15066
T488,F12250
T2050,F856
T2368,F4384
T2817,F3210
T3382,F1452
T1469,F1769
T2458,F1955
T2452,F4668
T447,F2331
T2551,F3022
T579,F6855
T1613,F3105
T85,F2652
T2796,F8494
T916,F981
T364,F7545
T2662,F8913
T947,F12373
T3000,F4070
T655,F4820
T2850,F1302
T1043,F14267
T811,F8001
T2635,F289
T2672,F7717
T1114,F5997
T525,F10315
T1547,F1288
T2056,F10123
T915,F6906
T607,F12835
T213,F5245
T757,F15423
T772,F12187
T1379,F1490
T2256,F2761
T1186,F5975
T25,F5546
T117,F3207
T1848,F13999
T2624,F9934
T3273,F11669
T2779,F44
T108,F6792
T1532,F3049
T2778,F8808
T2724,F13957
T2806,F11303
T447,F1345
T1987,F6993
T3292,F3523
T2637,F13062
T2857,F9421
T497,F11665
T3028,F203
T1629,F2324
T2597,F824
T373,F6356
T534,F10415
T3291,F6943
T1356,F1381
T2456,F5034
T1309,F7642
T2433,F4015
T1192,F10470
T2512,F224
T3062,F2858
T3068,F7027
T1497,F2557
T2316,F706
T2512,F2642
T3368,F4977
T1924,F3129
T2634,F577
T2733,F988
T6,F4550
T1013,F868
T1726,F5685
T1402,F13516
T1343,F2340
T3279,F9460
T3360,F6475
T3270,F3472
T231,F6507
T2039,F2483
T1234,F12979
T1286,F7464
T1948,F814
T3364,F3817
T1762,F3979
T691,F1427
T1004,F3466
T1528,F7474
T2134,F7531
T2380,F11597
T1704,F3658
T423,F2460
T3489,F3657
T1548,F6473
T349,F13741
T1514,F4011
T394,F13428
T702,F6996
T1861,F4346
T2883,F9596
T2944,F9648
T1351,F5841
T620,F5629
T1065,F13759
T1278,F2557
T2992,F8477
T1155,F2119
T2618,F11326
T1346,F633
T1911,F8263
T2297,F7386
T429,F4967
T3334,F7677
T2643,F3374
T1012,F8366
T1284,F9508
T1879,F1806
T2932,F8018
T572,F4089
T2196,F11748
T451,F725
T1569,F4538
T102,F1860
T369,F78
T1268,F1537
T540,F6937
T500,F564
T2137,F4737
T2504,F7536
T1992,F5334
T895,F4465
T345,F9696
T111,F3235
T1278,F2559
T1746,F4727
T3424,F3864
T2384,F13106
T1105,F2753
T2661,F6115
T1275,F5127
T1049,F5985
T3214,F50
T2899,F118
T767,F9101
T1430,F6768
T2476,F2586
T2665,F7967
T1917,F3307
T2216,F2104
T2847,F2671
T2373,F9596
T2107,F2183
T1784,F1038
T635,F2847
T1640,F1315
T1849,F10125
T276,F645
T178,F4533
T3468,F12237
T703,F7953
T2393,F2288
T1349,F1112
T3014,F1909
T725,F11604
T996,F5085
T1148,F14769
T3269,F11529
T508,F3391
T2005,F7092
T2590,F376
T2961,F5695
T3065,F13292
T1861,F2190
T2717,F3321
T2826,F2332
T1845,F90
T293,F4143
T1077,F4171
T2641,F3821
T104,F12543
T535,F7065
T1374,F162
T3254,F1526
T3268,F3409
T248,F2403
T791,F745
T1161,F3318
T1098,F225
T987,F2143
T2597,F2579
T1810,F5482
T856,F8838
T1143,F5648
T2894,F8765
T2559,F2431
T90,F11566
T409,F12834
T3127,F6428
T2319,F4808
T3436,F1587
T1603,F5260
T2363,F2690
T2737,F6234
T349,F9139
T2974,F3052
T2280,F5893
T1789,F9134
T666,F6504
T1347,F10472
T2738,F13828
T1833,F971
T337,F7066
T1855,F377
T2705,F1387
T2822,F9391
T3164,F7877
T1609,F4124
T3299,F7976
T3180,F549
T211,F1087
T2223,F7505
T954,F4275
T636,F3101
T1173,F1569
T2436,F4607
T165,F3701
T2038,F5234
T2576,F3448
T3176,F9585
T3190,F756
T3061,F4532
T1819,F3811
T1844,F5971
T214,F617
T3394,F4
T84,F3543
T1959,F755
T597,F9394
T1679,F1714
T2524,F4238
T2365,F6201
T2759,F2754
T405,F8221
T1481,F868
T2753,F1663
T738,F1442
T1338,F36
T2972,F1397
T2737,F1318
T708,F283
T2602,F6372
T448,F13052
T1259,F5965
T2896,F517
T1460,F8068
T1642,F4318
T15,F2042
T1155,F2799
T3077,F12850
T3100,F3750
T1795,F5475
T2360,F1394
T1845,F8297
T1948,F3277
T3288,F3834
T648,F3555
T521,F2887
T1808,F7034
T2529,F3859
T1338,F1482
T816,F1108
T2755,F6430
T1901,F7123
T838,F4207
T721,F2480
T1932,F1834
T2487,F6502
T2451,F4977
T1067,F4671
T31,F8336
T2579,F6982
T1049,F5735
T3441,F1742
T1657,F1162
T2215,F3674
T527,F1904
T2583,F6294
T2924,F15941
T886,F2710
T2352,F8963
T3376,F8055
T3180,F896
T1550,F2834
T2467,F3338
T2575,F982
T2770,F7243
T2126,F4586
T2325,F258
T1961,F1971
T1591,F11251
T468,F1271
T1435,F123
T1702,F6833
T845,F11467
T3103,F13771
T1231,F3740
T44,F280
T1403,F1138
T2215,F7889
T663,F12663
T2623,F1473
T158,F14428
T1680,F4627
T3313,F1303
T1803,F5560
T2796,F6497
T295,F10902
T3478,F3361
T2900,F5735
T2185,F2316
T1645,F354
T195,F2062
T2626,F816
T2975,F5210
T1305,F956
T1200,F4768
T1006,F1831
T493,F9369
T1232,F7880
T353,F6618
T1692,F1931
T2789,F881
T784,F2054
T241,F2093
T312,F2180
T2897,F16339
T2741,F3709
T54,F1392
T1559,F1977
T1117,F2280
T1233,F8551
T1538,F1369
T2829,F4718
T2303,F3718
T2918,F5736
T563,F6310
T2584,F4701
T1527,F8237
T728,F923
T1937,F12247
T2666,F11629
T3098,F2673
T3441,F2277
T1037,F389
T983,F9286
T2562,F4850
T842,F6931
T573,F1094
T2091,F13989
T1595,F2303
T1182,F1081
T2283,F4997
T2460,F4806
T3475,F9562
T1199,F2187
T198,F1236
T1489,F8542
T2430,F12066
T3166,F3470
T3187,F3925
T3265,F2823
T2230,F3751
T964,F10330
T2210,F1251
T1085,F6052
T270,F3173
T2779,F7998
T1094,F4996
T3457,F4770
T2196,F13325
T133,F2322
T1914,F1846
T2640,F5662
T801,F4863
T1969,F4715
T3273,F5740
T868,F1832
T360,F7806
T2931,F6496
T853,F5674
T726,F4184
T170,F13404
T2718,F13550
T2929,F1602
T2388,F4545
T393,F8147
T1113,F5227
T57,F9392
T33,F7153
T1454,F4362
T1956,F7447
T2587,F5444
T788,F8046
T1402,F6652
T284,F428
T485,F10609
T87,F4254
T256,F1598
T849,F1315
T1945,F4609
T1535,F5624
T16,F6925
T1075,F2822
T2586,F7012
T1430,F12749
T1282,F14945
T1068,F11915
T2157,F2817
T1780,F2053
T2763,F4492
T882,F494
T255,F1756
T2306,F482
T2963,F2437
T2978,F6414
T545,F15757
T246,F3026
T3270,F5406
T67,F5193
T435,F4226
T3018,F4212
T748,F1585
T1438,F4197
T287,F5923
T2623,F4017
T1252,F6998
T2804,F14984
T3198,F932
T2950,F6422
T1036,F219
T2015,F423
T2976,F14788
T3334,F2214
T123,F9308
T1010,F10161
T651,F1332
T85,F418
T1422,F8028
T3043,F4307
T1312,F1316
T117,F6860
T2159,F11058
T2443,F7100
T2690,F542
T2860,F1161
T1789,F5324
T2897,F13383
T341,F5368
T1255,F1878
T1370,F1480
T81,F5510
T726,F1735
T2996,F5818
T1598,F538
T770,F10683
T466,F3929
T3125,F15679
T2422,F9303
T1743,F12564
T2530,F2998
T471,F1988
T1353,F10185
T427,F4040
T3363,F5987
T882,F2570
T2997,F2632
T3396,F1985
T414,F2525
T640,F12347
T1860,F3031
T387,F6443
T3357,F4154
T3388,F4550
T1679,F3276
T2125,F9478
T1292,F11805
T2352,F3181
T1640,F1376
T2143,F8343
T228,F1536
T2073,F763
T2587,F4449
T2750,F11998
T3023,F7388
T2987,F2982
T1172,F4440
T1480,F7366
T2732,F1195
T817,F6985
T2238,F2269
T2546,F373
T555,F10209
T2153,F14419
T935,F1814
T1599,F2052
T2671,F6136
T1650,F1870
T147,F4506
T786,F64
T2738,F8766
T1979,F3476
T1871,F11335
T3027,F5549
T3138,F5164
T3031,F2358
T1550,F1582
T537,F6745
T2841,F4009
T741,F4467
T1327,F3025
T1950,F10119
T1968,F7539
T1570,F3102
T3373,F2232
T2579,F6625
T873,F2898
T1664,F1430
T2628,F8538
T3462,F1931
T364,F4598
T1898,F7938
T126,F4064
T1577,F1637
T1315,F9119
T2293,F6163
T677,F7353
T1031,F8914
T150,F7929
T998,F5155
T2021,F1273
T2961,F9272
T1035,F17079
T2021,F713
T1149,F5670
T1208,F1949
T2177,F4220
T2678,F2784
T3336,F9692
T512,F328
T170,F12070
T2562,F345
T2906,F6360
T2820,F12239
T1217,F857
T1006,F5489
T1542,F1973
T3103,F3111
T1276,F2211
T1626,F7804
T3348,F6396
T3329,F7459
T1517,F3344
T1438,F14087
T2480,F5182
T145,F1458
T2584,F5594
T3410,F858
T639,F11060
T428,F2452
T3374,F8772
T2723,F13037
T633,F3033
T2959,F3734
T619,F369
T1642,F7340
T1323,F10112
T2259,F10930
T2580,F3894
T2737,F1493
T62,F2265
T1364,F8284
T678,F1905
T2172,F3297
T685,F15521
T986,F11223
T919,F4085
T34,F3560
T99,F7549
T223,F12981
T923,F4512
T2000,F657
T2735,F2396
T976,F2219
T3442,F1897
T333,F14701
T3474,F13675
T860,F23
T1830,F3335
T187,F1704
T2876,F8158
T554,F4092
T755,F1287
T2804,F4889
T3328,F1515
T2410,F1168
T3341,F2090
T2160,F2324
T1554,F1789
T2290,F14892
T2030,F2960
T827,F3587
T3495,F7511
T3083,F16379
T3473,F2991
T277,F11367
T3261,F6147
T1554,F3642
T2649,F8713
T3037,F492
T3101,F5425
T1515,F8642
T3198,F4928
T2102,F8892
T1205,F6179
T3083,F8367
T2450,F1939
T2801,F1141
T2204,F2435
T2270,F3814
T2892,F2909
T1977,F5379
T492,F9853
T3316,F8242
T1482,F1722
T1774,F3331
T2380,F3143
T3458,F1560
T2856,F6500
T648,F4085
T1828,F12675
T1974,F10884
T90,F250
T2972,F3622
T2628,F9852
T1672,F7247
T1395,F5273
T2233,F1076
T915,F14326
T1414,F473
T838,F13203
T2581,F2971
T218,F14143
T345,F12682
T634,F12916
T1947,F1866
T909,F4045
T1016,F107
T2461,F2201
T3240,F10564
T2186,F3366
T1347,F9181
T2496,F1248
T1469,F3768
T1893,F689
T2340,F2037
T1878,F15415
T2747,F3602
T1402,F13044
T485,F3054
T303,F11113
T2998,F6882
T1045,F989
T2667,F900
T3139,F8293
T593,F3538
T2941,F7541
T353,F11945
T2742,F11400
T225,F1978
T252,F118
T311,F4369
T1302,F3991
T3072,F7025
T861,F765
T1676,F2452
T2860,F1322
T1064,F825
T2840,F1803
T3454,F3687
T1907,F5303
T2797,F8294
T98,F965
T116,F3394
T2446,F4110
T3099,F12201
T3448,F3537
T2736,F1731
T2960,F4258
T1152,F2672
T939,F787
T2370,F6466
T3400,F2787
T2024,F6276
T3006,F3095
T1928,F2312
T416,F7967
T2428,F1879
T2279,F7413
T1921,F7173
T3376,F5185
T116,F1441
T2083,F1341
T1075,F2552
T1919,F2958
T2512,F568
T2351,F967
T655,F123
T1111,F17109
T1668,F10481
T1557,F6564
T3342,F4260
T1897,F16888
T3342,F5558
T437,F5171
T158,F8444
T557,F6467
T2107,F1566
T2480,F5820
T2798,F8958
T580,F4
T3236,F800
T2473,F5832
T259,F9115
T607,F8291
T2631,F1480
T2561,F894
T281,F5491
T2698,F3939
T3228,F4035
T3140,F7959
T1272,F527
T2370,F1350
T3061,F12604
T2257,F3198
T2123,F1438
T590,F8218
T1068,F6419
T2120,F2617
T678,F1903
T2599,F420
T345,F13716
T3165,F11345
T75,F2483
T317,F10203
T842,F5004
T2993,F5130
T1775,F9615
T1636,F10078
T67,F2033
T833,F4457
T1503,F3611
T2043,F7005
T1509,F10349
T2171,F6281
T2234,F431
T330,F5376
T1677,F5896
T2917,F5684
T70,F1297
T795,F2766
T3366,F1482
T2208,F1216
T1637,F10528
T981,F7751
T393,F2933
T1377,F9292
T2179,F7804
T1344,F4109
T2450,F1834
T3249,F2922
T2881,F11279
T3187,F125
T2907,F911
T2598,F6239
T772,F1980
T3314,F7182
T560,F10624
T2227,F4360
T3466,F4185
T899,F2186
T1277,F1523
T1271,F5335
T654,F3594
T928,F2942
T2220,F9071
T1343,F5197
T1228,F236
T1487,F1674
T3439,F5070
T1017,F4359
T2853,F4047
T2729,F9425
T2085,F1571
T1211,F7449
T2567,F7776
T1103,F8213
T248,F5368
T1976,F3146
T2476,F7895
T1466,F7318
T1109,F386
T2696,F1923
T2082,F4487
T3215,F3156
T289,F5725
T2363,F1306
T2545,F2364
T1341,F4092
T2507,F13840
T1957,F5177
T26,F4580
T927,F2530
T1195,F11914
T1895,F6457
T2304,F1787
T2503,F2099
T2601,F8512
T604,F3809
T2575,F2789
T2199,F6222
T2794,F408
T660,F11386
T191,F5069
T182,F14998
T732,F2004
T3499,F1192
T2533,F12321
T923,F673
T2280,F1224
T406,F1536
T516,F11771
T794,F8608
T2287,F4847
T840,F4756
T2443,F4709
T3150,F12350
T2797,F4589
T3287,F2077
T1460,F3937
T2201,F770
T1650,F4555
T2232,F12110
T2389,F2297
T3314,F9260
T1396,F9296
T1788,F1897
T289,F1280
T2082,F1870
T2277,F6840
T2670,F3420
T933,F3167
T292,F2740
T2041,F5000
T3376,F3651
T2767,F8300
T531,F2074
T2581,F6115
T47,F570
T582,F6295
T1094,F6800
T2477,F4609
T2016,F15350
T2990,F2846
T734,F10042
T1308,F964
T529,F2820
T1474,F5571
T365,F179
T735,F2672
T799,F3817
T2979,F2482
T3009,F9134
T1903,F7272
T2874,F2207
T3365,F377
T1559,F1041
T436,F9463
T110,F2586
T3033,F2739
T3495,F208
T542,F1599
T1108,F6505
T1499,F2862
T1317,F4091
T1055,F1823
T3145,F6820
T2027,F11287
T1416,F2290
T1159,F9048
T1184,F2811
T3440,F712
T178,F6029
T2327,F6554
T432,F10218
T649,F7319
T2732,F4226
T1065,F13537
T2433,F10572
T1626,F1257
T1852,F6620
T2591,F8984
T2706,F14703
T3045,F9252
T2173,F9316
T2060,F440
T342,F4079
T2448,F1938
T2157,F8084
T2393,F1396
T1234,F3084
T1615,F7476
T2277,F449
T710,F13655
T2921,F5372
T2379,F8138
T494,F3040
T620,F483
T2122,F1323
T1113,F3332
T3177,F3937
T1748,F16551
T2787,F5581
T386,F4018
T3178,F4182
T2910,F1193
T1514,F8017
T2805,F1783
T3345,F8516
T3229,F5873
T425,F7255
T2886,F5845
T641,F13900
T3414,F4868
T1108,F3875
T3191,F1144
T2784,F4675
T1428,F10613
T1560,F3150
T362,F356
T406,F13998
T2977,F12262
T2672,F17403
T1421,F16340
T2824,F5665
T975,F5616
T195,F154
T1021,F8228
T1007,F14466
T662,F2832
T643,F128
T2056,F13041
T2223,F2908
T1222,F2563
T1368,F1718
T663,F3683
T2309,F1957
T1361,F2055
T504,F6399
T1423,F5229
T944,F638
T2315,F6915
T2485,F14
T1997,F196
T1429,F526
T2011,F13278
T2058,F4153
T2353,F6496
T2230,F1423
T1852,F3333
T2951,F4837
T197,F2372
T956,F750
T204,F9149
T1231,F2263
T3395,F10755
T951,F5652
T2918,F1032
T97,F8706
T2389,F688
T2953,F2422
T320,F1342
T480,F11293
T1935,F15566
T2375,F640
T771,F4047
T1887,F7158
T3264,F3724
T1048,F9508
T819,F11995
T2951,F7540
T962,F4738
T996,F4935
T669,F9596
T1219,F1794
T1500,F3687
T2464,F5632
T1354,F378
T499,F13154
T705,F1226
T2880,F1224
T40,F745
T126,F1
T858,F2323
T2719,F127
T980,F7138
T595,F6259
T2906,F11421
T2005,F9200
T2813,F12022
T1690,F2295
T121,F5059
T2504,F9620
T3095,F362
T88,F1282
T3057,F5749
T297,F897
T2429,F7546
T1579,F2737
T230,F4095
T929,F3605
T2286,F6578
T1812,F2174
T1438,F4750
T2483,F3288
T2443,F13499
T1029,F3335
T2486,F5571
T2604,F10161
T589,F4290
T1115,F719
T2126,F18
T1112,F8039
T1145,F5738
T705,F2244
T151,F1155
T2828,F1164
T1628,F6571
T2424,F6893
T1249,F3357
T1027,F3354
T1482,F1981
T2187,F13952
T3303,F2620
T2214,F7827
T922,F2129
T1690,F4152
T1356,F937
T2982,F5943
T1318,F4298
T2493,F7330
T881,F892
T767,F7600
T879,F118
T1670,F430
T1425,F3111
T3358,F9986
T2996,F4667
T1870,F11005
T1504,F415
T1507,F1113
T3311,F2834
T279,F6293
T2915,F1213
T2936,F5281
T1923,F2638
T2797,F8081
T1785,F8636
T234,F2340
T763,F550
T1850,F780
T2063,F1035
T2515,F2625
T703,F8311
T964,F7028
T1590,F11124
T3457,F5578
T2141,F6123
T1883,F2232
T394,F12517
T2409,F2966
T3300,F3671
T847,F1926
T2706,F2961
T1836,F2433
T3073,F4883
T2671,F5148
T3393,F323
T2644,F4213
T2326,F3067
T3332,F844
T2815,F2959
T2125,F4728
T114,F1560
T2858,F4181
T1175,F743
T1334,F3894
T1097,F6520
T2437,F1680
T1335,F7945
T1699,F3690
T1084,F3715
T1369,F7297
T3464,F709
T1162,F2965
T259,F12021
T2499,F2427
T938,F772
T967,F1314
T1693,F4996
T292,F2831
T1544,F2013
T2912,F2265
T1470,F11415
T971,F761
T1831,F8689
T1690,F2476
T3418,F11266
T340,F5218
T2490,F1432
T3309,F606
T57,F6788
T2850,F3575
T1553,F4836
T1634,F6543
T754,F1759
T1959,F4777
T2223,F1995
T2440,F10377
T872,F8172
T2896,F815
T3042,F2406
T3411,F9825
T2166,F6751
T1923,F2843
T2118,F4513
T890,F3561
T794,F14749
T1076,F5408
T2381,F10295
T2973,F10024
T2175,F27
T3090,F13301
T2913,F7401
T1347,F1162
T2457,F1397
T3318,F12964
T249,F9496
T3129,F12329
T2978,F5601
T2122,F2120
T970,F587
T1472,F1913
T3169,F2275
T1565,F14486
T1582,F7475
T225,F11225
T808,F842
T3002,F7061
T1105,F3642
T1363,F2479
T1278,F362
T3419,F9935
T3419,F1420
T2181,F3194
T850,F10753
T2605,F10154
T2758,F11453
T2689,F13947
T3311,F8367
T1384,F2448
T2418,F2178
T640,F13904
T220,F1684
T2504,F4805
T2943,F2762
T2606,F6124
T2598,F4008
T114,F3362
T755,F1704
T1321,F1540
T2686,F520
T119,F5530
T236,F10369
T1131,F7350
T1230,F8865
T383,F3161
T295,F3553
T578,F2651
T950,F353
T3400,F2976
T1087,F4345
T3064,F6682
T1864,F3416
T616,F1728
T455,F2268
T947,F11654
T3030,F10813
T1741,F1619
T206,F12487
T2979,F1783
T822,F5500
T2622,F2625
T110,F2310
T812,F5708
T1597,F1726
T692,F6654
T623,F892
T2018,F2681
T2593,F1493
T2642,F3434
T3167,F10325
T1693,F2290
T1990,F6603
T415,F3064
T3000,F3904
T1213,F1856
T1015,F13771
T1952,F3217
T2310,F3107
T2583,F8133
T3202,F9879
T2371,F160
T1063,F12287
T3477,F7153
T2933,F2738
T1764,F13228
T555,F3526
T2904,F610
T2664,F1430
T1253,F2624
T3052,F180
T560,F8247
T3390,F3594
T1263,F11475
T2039,F2650
T1224,F1882
T944,F124
T1180,F4946
T942,F2192
T1205,F3723
T2424,F1338
T647,F6326
T2936,F8505
T2556,F732
T218,F17248
T3377,F10278
T256,F288
T1690,F4075
T628,F4594
T2861,F2892
T1594,F10385
T2414,F1711
T1861,F104
T3040,F10446
T2907,F1649
T2050,F482
T3122,F5955
T2021,F7035
T1430,F3529
T1293,F973
T1514,F3589
T314,F7498
T938,F3428
T3467,F5840
T612,F1165
T832,F8733
T1276,F2780
T3492,F13442
T2697,F2594
T794,F5455
T3005,F14340
T1388,F7823
T597,F8662
T1387,F3292
T868,F472
T1865,F2546
T1962,F10637
T2609,F3410
T776,F6821
T2782,F8764
T765,F4042
T3169,F3230
T249,F3621
T2434,F10981
T2947,F1455
T448,F11211
T1501,F743
T1820,F462
T1838,F3479
T414,F637
T2629,F2032
T1878,F16761
T2881,F2445
T2633,F4609
T745,F9021
T610,F364
T828,F14790
T2219,F865
T1477,F3954
T2427,F225
T1903,F2733
T2442,F1993
T1538,F12030
T2690,F6294
T2650,F2775
T2745,F9178
T2448,F7124
T551,F585
T591,F8454
T667,F3603
T263,F2300
T757,F13326
T1508,F3573
T881,F163
T1027,F6763
T2573,F9704
T115,F11624
T635,F1075
T1550,F3638
T2426,F10986
T1352,F3167
T1736,F8823
T252,F3704
T1914,F5819
T1091,F51
T2255,F1271
T2823,F12207
T3372,F2011
T2804,F14710
T1989,F1886
T2295,F2958
T1003,F4614
T3209,F8284
T1167,F4898
T2942,F6301
T713,F5963
T1994,F4100
T933,F11246
T3210,F9864
T749,F1066
T1347,F4600
T471,F2109
T524,F5311
T1041,F6677
T2060,F4656
T2156,F3225
T3384,F3783
T582,F175
T1430,F13816
T2279,F279
T891,F1001
T987,F4767
T326,F924
T1034,F601
T2000,F2803
T2094,F1242
T1264,F4934
T2667,F10803
T814,F3490
T419,F651
T2291,F7405
T541,F4310
T2869,F3284
T1765,F5432
T3178,F10686
T1184,F5387
T142,F7102
T634,F12351
T547,F2699
T782,F192
T2396,F7403
T2914,F6974
T2390,F9633
T1622,F2033
T3220,F1026
T1955,F5775
T125,F2888
T1074,F12595
T3162,F14383
T3325,F3226
T1705,F4340
T1516,F10445
T2309,F1758
T194,F2837
T744,F8133
T1618,F8094
T2563,F2095
T1094,F4823
T2618,F14071
T2124,F3937
T1408,F9592
T3272,F8595
T1662,F490
T3406,F11742
T1900,F2334
T1357,F7977
T643,F321
T570,F1849
T242,F27
T470,F3576
T955,F1460
T1036,F3980
T3038,F5746
T3072,F6805
T2354,F2383
T3140,F4984
T2341,F1780
T1166,F15909
T2130,F2783
T1084,F7255
T1837,F7371
T357,F392
T2971,F4473
T2059,F4123
T541,F7329
T124,F7472
T2606,F882
T2973,F5340
T342,F2926
T298,F3558
T506,F1371
T1040,F1131
T52,F5958
T1172,F8879
T1416,F905
T3321,F4410
T1586,F745
T2221,F9293
T3431,F1071
T520,F1485
T951,F3928
T3322,F2212
T1797,F2316
T1044,F6195
T3420,F1738
T3248,F6682
T536,F3103
T3162,F9027
T1281,F5951
T3212,F1685
T151,F4638
T1253,F660
T3342,F5253
T3476,F1938
T1298,F7835
T3136,F8701
T3014,F8235
T2505,F675
T847,F2223
T1464,F1903
T1801,F6130
T1880,F4311
T3479,F1313
T1989,F1049
T530,F511
T1284,F9263
T1795,F10783
T3491,F7293
T1332,F8943
T2775,F869
T3170,F5831
T2797,F4896
T1456,F2844
T429,F559
T1165,F8790
T2499,F1362
T3045,F6924
T151,F4859
T3393,F1801
T309,F4953
T224,F11089
T2126,F6481
T73,F12838
T3419,F12913
T92,F10425
T1932,F1139
T3164,F146
T746,F2837
T291,F8459
T3265,F10681
T3445,F114
T878,F4236
T3060,F646
T2765,F3871
T2002,F4743
T1221,F3675
T1579,F7280
T2021,F6713
T975,F2935
T17,F1432
T1442,F7406
T2215,F7739
T3052,F5401
T301,F9293
T3378,F2880
T3310,F1479
T2708,F3816
T1913,F4147
T3014,F5465
T791,F10326
T2974,F949
T1572,F4648
T762,F28
T327,F4560
T498,F3119
T2690,F8630
T1042,F13436
T1995,F3752
T575,F3235
T1943,F2170
T1846,F6900
T2109,F2587
T201,F2340
T1141,F2266
T1584,F10651
T1171,F4166
T1082,F750
T3248,F593
T65,F14669
T2607,F654
T262,F8386
T1133,F2536
T699,F6770
T747,F2338
T2896,F7081
T247,F1210
T892,F6590
T2318,F1194
T3198,F3722
T2550,F5491
T512,F361
T1530,F14454
T2406,F4719
T3337,F1687
T1042,F747
T1010,F987
T1045,F301
T1214,F8533
T2336,F7654
T2570,F5167
T1116,F335
T42,F12990
T2467,F9174
T1505,F8476
T2078,F2293
T4,F873
T1954,F2659
T2930,F13251
T2998,F1456
T325,F12058
T2381,F9903
T1268,F6997
T636,F577
T1791,F16836
T43,F6905
T1747,F2858
T1942,F6319
T1610,F8607
T2950,F6379
T2871,F2728
T636,F4451
T3312,F6541
T1742,F7105
T2768,F6564
T1668,F11896
T3159,F7576
T1219,F5540
T774,F5673
T2728,F1103
T1452,F6287
T2598,F8911
T390,F4924
T1763,F2184
T3076,F3934
T231,F2670
T994,F4976
T2539,F10807
T1081,F4564
T2815,F7683
T2745,F10043
T773,F7011
T1794,F6117
T1096,F7472
T2748,F5786
T3308,F4609
T177,F1676
T2731,F189
T3259,F6580
T3258,F4723
T3003,F2565
T3359,F5861
T1061,F2978
T3426,F448
T2394,F5637
T1823,F8206
T2751,F1426
T3143,F518
T724,F2959
T3365,F9435
T2,F2659
T1389,F5689
T2094,F367
T324,F1335
T1945,F8145
T1966,F9646
T1585,F1811
T1639,F10045
T236,F8661
T1783,F765
T783,F13986
T2022,F1875
T2119,F10267
T3087,F13
T84,F4121
T2271,F6483
T222,F3114
T3406,F11171
T78,F3259
T2278,F10203
T38,F5402
T1235,F2264
T1137,F2855
T264,F2675
T1137,F9366
T25,F5800
T837,F4275
T635,F3079
T73,F3590
T468,F3591
T71,F11051
T688,F5967
T3021,F1
T605,F1399
T405,F10512
T565,F3179
T848,F4657
T1203,F4585
T2780,F14117
T1101,F10504
T1540,F527
T1696,F9075
T3443,F995
T1944,F1470
T10,F1864
T876,F4026
T1518,F345
T5,F16778
T666,F8867
T380,F6463
T2601,F674
T779,F1059
T3204,F2685
T696,F4291
T502,F2504
T1794,F705
T1204,F2513
T1824,F2865
T1679,F2941
T3050,F458
T1631,F4490
T1859,F627
T1210,F2704
T2138,F11555
T2855,F6857
T1491,F3603
T2211,F334
T2892,F1647
T3321,F6260
T977,F3769
T1312,F5739
T868,F451
T692,F385
T1936,F6807
T382,F2253
T868,F246
T3145,F12762
T192,F10419
T1807,F878
T2236,F12554
T410,F8096
T832,F7108
T924,F1656
T975,F1724
T1178,F11156
T1265,F9385
T1450,F3535
T3445,F2823
T2651,F109
T1767,F1554
T3486,F5697
T2616,F1827
T1993,F11621
T3341,F8286
T956,F3154
T2729,F8617
T802,F8294
T442,F12438
T1299,F1403
T850,F1974
T1358,F2629
T1874,F14212
T2891,F12568
T903,F6897
T2407,F12391
T461,F14844
T3332,F3630
T3025,F9648
T1275,F13389
T3398,F1122
T718,F5827
T1614,F4838
T2037,F2565
T1486,F3955
T993,F4561
T150,F1976
T1649,F11247
T2646,F218
T847,F1484
T546,F3425
T718,F211
T1270,F4075
T1979,F7573
T2982,F370
T1943,F12862
T1222,F3930
T2490,F4008
T1574,F2355
T3366,F60
T1015,F11816
T805,F5292
T671,F4106
T151,F6304
T1052,F848
T42,F7135
T1899,F1828
T3269,F6684
T1745,F2757
T2789,F2109
T3447,F995
T980,F8056
T1521,F11568
T1122,F7658
T232,F3477
T650,F6093
T3365,F12266
T2573,F5955
T261,F16015
T2890,F1788
T2768,F11764
T975,F4892
T3467,F7161
T3372,F8417
T1820,F2230
T230,F14581
T2354,F4260
T1530,F6793
T2227,F15348
T2863,F11324
T2913,F4610
T1649,F931
T3268,F1471
T1869,F7944
T1363,F2493
T595,F15340
T1083,F76
T347,F9386
T2029,F2236
T1704,F12161
T1161,F78
T3351,F5854
T1363,F2914
T1588,F942
T3038,F9740
T2522,F13573
T2404,F5358
T2440,F7269
T2468,F2959
T1388,F15887
T3113,F2569
T386,F2672
T2603,F3073
T2702,F4487
T2914,F1010
T2296,F9866
T274,F1765
T952,F2001
T796,F3801
T3289,F5733
T1903,F2903
T2119,F2964
T691,F5717
T2209,F5891
T3084,F8842
T3013,F3501
T3162,F16451
T2132,F302
T2155,F484
T3116,F1937
T2918,F1819
T1472,F11052
T207,F1416
T2724,F10785
T1065,F14405
T1739,F1434
T145,F3186
T2859,F2280
T99,F9016
T444,F6974
T1798,F358
T2305,F4576
T239,F10065
T819,F13262
T645,F7781
T1489,F10988
T2743,F2303
T3489,F1540
T1744,F2450
T2377,F3043
T2425,F6991
T2381,F11656
T3235,F9378
T2426,F8262
T1877,F5925
T1089,F721
T2810,F3354
T2733,F4897
T650,F2142
T496,F238
T3171,F7154
T649,F6624
T2799,F1400
T2591,F9056
T2689,F5372
T3029,F6568
T2161,F840
T449,F5660
T2072,F10084
T2459,F224
T268,F31
T934,F2118
T626,F4734
T3443,F11659
T1750,F3021
T611,F3073
T1932,F2693
T2811,F1627
T2566,F5889
T245,F2441
T1123,F11248
T991,F2676
T552,F2451
T189,F7528
T2760,F3265
T2929,F7241
T416,F11768
T1082,F216
T476,F4447
T597,F5543
T1444,F2153
T572,F7981
T1339,F213
T2058,F2726
T1680,F1318
T205,F1150
T2135,F3323
T656,F5466
T516,F9434
T1442,F26
T2523,F4145
T3088,F4145
T2013,F4528
T1391,F5356
T3240,F10326
T759,F2318
T1386,F6702
T2243,F7067
T1728,F5571
T2213,F1718
T2649,F11767
T3154,F1088
T3477,F7292
T46,F12223
T3286,F4902
T1724,F11495
T3242,F4179
T1758,F14411
T1929,F3512
T3105,F1177
T1996,F10578
T1903,F3428
T3297,F14159
T290,F5688
T2090,F1588
T895,F2468
T697,F6582
T2883,F3132
T1087,F405
T1799,F9157
T2296,F4654
T210,F3539
T3447,F10757
T2589,F12745
T192,F13262
T682,F732
T2491,F2693
T1207,F7317
T1732,F115
T2634,F2503
T3093,F1116
T1128,F4303
T1396,F348
T2527,F2231
T1101,F9770
T2920,F6021
T1754,F16969
T704,F2168
T1128,F7828
T2499,F2215
T1748,F3528
T1938,F2961
T2626,F1248
T1183,F4315
T953,F6236
T838,F10169
T702,F13239
T2006,F3001
T1326,F1927
T325,F12630
T3059,F546
T820,F14701
T2463,F2927
T16,F1645
T2987,F11504
T812,F2817
T3392,F546
T456,F8349
T917,F3750
T1607,F5165
T1414,F2794
T3307,F15390
T598,F177
T2075,F2579
T1634,F3979
T2937,F8375
T1866,F2285
T2132,F10117
T2408,F1867
T712,F5825
T490,F679
T1733,F15482
T539,F41
T1492,F5497
T2015,F13312
T2120,F3279
T2752,F5545
T1576,F6813
T818,F1219
T1348,F6618
T3263,F4541
T770,F11425
T1743,F13659
T2731,F4509
T1708,F9008
T2758,F11696
T475,F5591
T239,F7521
T1074,F11858
T1315,F5346
T2211,F12680
T3002,F4788
T3198,F5948
T3170,F5650
T1572,F4440
T2174,F775
T77,F2921
T1053,F2769
T68,F4781
T556,F4937
T1641,F11278
T660,F9850
T1147,F4562
T1765,F7791
T1486,F4164
T2722,F311
T1966,F7477
T2935,F4979
T77,F4675
T3035,F15525
T29,F9556
T1867,F7619
T637,F3302
T1830,F3418
T2426,F6539
T2430,F1128
T1562,F2728
T1721,F11738
T448,F11261
T2671,F4126
T2222,F609
T41,F8100
T2011,F14915
T1912,F5337
T2080,F948
T1327,F12538
T3493,F3317
T2859,F1740
T2985,F10144
T3352,F5994
T2538,F152
T830,F5883
T1373,F7571
T60,F2452
T1623,F3385
T1268,F8256
T1716,F1151
T512,F43
T2549,F3037
T1069,F2295
T1458,F11435
T913,F9022
T932,F7789
T2289,F6125
T2416,F76
T489,F13113
T2060,F1883
T2448,F3681
T1542,F2295
T545,F7307
T1571,F5500
T2012,F2744
T163,F12534
T2321,F6334
T2006,F6609
T557,F4672
T1811,F14702
T1210,F2631
T1580,F3035
T2268,F1873
T2311,F1067
T2624,F12224
T3483,F5520
T1026,F13569
T3147,F1379
T78,F107
T1181,F2528
T106,F6253
T1517,F4359
T3326,F1891
T2773,F5899
T2332,F1110
T1029,F573
T2332,F2229
T674,F10890
T179,F1837
T1274,F3874
T217,F2107
T3429,F2240
T3336,F9651
T1975,F1216
T1885,F1150
T974,F341
T2579,F533
T3389,F9181
T3453,F8903
T288,F11311
T3189,F2708
T1405,F511
T3064,F5306
T2192,F1132
T628,F4697
T2704,F1587
T2260,F4215
T1353,F6807
T1376,F8852
T641,F14493
T3410,F1525
T1290,F3514
T2182,F4994
T2335,F4716
T7,F8577
T2187,F10268
T2083,F2607
T1206,F7127
T694,F4169
T1936,F4726
T287,F11820
T887,F1613
T1129,F8338
T2682,F4825
T2786,F577
T2340,F2320
T665,F5083
T58,F2578
T1510,F14147
T2541,F1530
T1469,F5978
T783,F10508
T2816,F2563
T3165,F2390
T3206,F869
T1665,F606
T3064,F440
T3120,F7196
T1493,F4638
T1624,F3541
T720,F1557
T969,F1011
T85,F2248
T3311,F6431
T3461,F9852
T3118,F15340
T2895,F5536
T1811,F7755
T2957,F9543
T2205,F2364
T2918,F4510
T1462,F10366
T1428,F2140
T1750,F2476
T1272,F6406
T1535,F4352
T97,F27
T370,F4979
T2301,F638
T2786,F582
T2423,F2942
T517,F807
T625,F2046
T2130,F2636
T1405,F1325
T300,F3443
T789,F5978
T2655,F2518
T1035,F3281
T3356,F4269
T1477,F3473
T1244,F6761
T190,F635
T194,F2313
T1725,F8098
T514,F965
T700,F4254
T2304,F7787
T1932,F1298
T441,F3214
T1047,F5369
T942,F1435
T1683,F8187
T2337,F2217
T1972,F2832
T2041,F1945
T3446,F756
T2713,F434
T3148,F3163
T900,F7625
T2122,F1325
T448,F2290
T2886,F4390
T2383,F4174
T2079,F5817
T2911,F2148
T2053,F8647
T3479,F2519
T3288,F774
T2242,F6342
T3437,F2361
T441,F2448
T2517,F11602
T730,F949
T669,F6178
T3145,F4124
T112,F144
T634,F8370
T1463,F15142
T957,F5423
T1532,F4273
T125,F5677
T1160,F3456
T636,F4380
T2125,F9929
T3144,F1722
T2103,F6216
T1941,F2172
T834,F8879
T1989,F3048
T360,F1352
T2076,F7191
T3274,F476
T3432,F12177
T1123,F9316
T2648,F15616
T3301,F5835
T606,F7418
T3449,F2145
T2224,F2410
T309,F557
T2608,F5223
T1369,F9071
T1981,F7345
T673,F88
T1299,F2659
T559,F10376
T1438,F5911
T1292,F5196
T2213,F5760
T277,F7480
T500,F3068
T3315,F11844
T841,F1906
T147,F1104
T1078,F7080
T2355,F2828
T1084,F12028
T2468,F6760
T2725,F4092
T2795,F2163
T3273,F2013
T1492,F7122
T910,F2283
T2665,F4153
T466,F2633
T993,F7439
T1048,F10790
T3048,F163
T537,F4167
T724,F910
T2542,F6079
T212,F3208
T1411,F1116
T3062,F3590
T1691,F863
T1572,F5748
T984,F3470
T2992,F12705
T722,F13405
T2031,F1273
T604,F4755
T1900,F4820
T2543,F1354
T1840,F4474
T1882,F3724
T2158,F996
T3055,F829
T2255,F3069
T3337,F4441
T2152,F6371
T2070,F6225
T3179,F8507
T2026,F203
T2343,F37
T2401,F5960
T2877,F5437
T2479,F4472
T1107,F7262
T892,F2827
T96,F16346
T872,F3524
T1587,F9488
T3167,F7395
T3477,F3760
T227,F1978
T1817,F2834
T3327,F9357
T831,F354
T508,F2830
T1179,F8518
T2854,F5168
T82,F5749
T2187,F7075
T1350,F2209
T2080,F1225
T3327,F15101
T2664,F2351
T1799,F8897
T1895,F1596
T875,F3554
T1441,F1677
T886,F7206
T2036,F4275
T356,F8629
T2060,F5254
T559,F5750
T2122,F1069
T1791,F16548
T782,F3503
T1939,F1998
T3202,F1597
T2691,F6085
T1926,F3795
T357,F381
T2963,F1862
T1506,F6144
T1998,F2025
T2826,F3528
T166,F8964
T2965,F4116
T3466,F159
T674,F2686
T1026,F2017
T2062,F3801
T2040,F2681
T599,F4380
T2957,F6740
T3262,F4442
T3375,F1043
T1308,F2389
T435,F4918
T1285,F11088
T660,F11888
T2219,F1306
T1447,F3974
T2010,F1619
T1297,F7119
T3074,F12044
T1602,F6669
T2133,F8735
T337,F13452
T1653,F11440
T616,F7761
T237,F7676
T2730,F16130
T2593,F1942
T1773,F5276
T2047,F8964
T2945,F4393
T1416,F1212
T2827,F5057
T2114,F3456
T1563,F4611
T3343,F13809
T1303,F4163
T2853,F2898
T1499,F5821
T467,F4203
T2117,F8514
T3143,F1217
T2888,F6210
T2293,F699
T1042,F7187
T1895,F1313
T2009,F5517
T3425,F9884
T1825,F26
T107,F2292
T111,F6028
T3407,F4054
T2927,F2316
T2746,F9630
T189,F5551
T247,F1266
T1175,F8328
T354,F3952
T96,F7839
T2126,F12573
T2154,F5556
T1221,F4958
T3106,F3290
T3348,F10805
T1175,F11586
T1587,F6480
T1154,F7066
T1985,F14578
T1393,F8375
T64,F743
T181,F4072
T2798,F4231
T1177,F12332
T632,F4775
T1436,F1494
T1850,F3015
T761,F3519
T3061,F4366
T2550,F127
T1333,F6402
T545,F14008
T2989,F2074
T3082,F6694
T3037,F3753
T1058,F1724
T1563,F10650
T2197,F6264
T2584,F399
T298,F9260
T1125,F6187
T2748,F13420
T1374,F2133
T1439,F2421
T981,F5152
T2833,F8331
T579,F9795
T2407,F11935
T1905,F2142
T2586,F9384
T2213,F3937
T2249,F6462
T3429,F2588
T1216,F6530
T2949,F13578
T2842,F2190
T3474,F13208
T1458,F10561
T745,F8713
T3170,F2385
T460,F20
T2788,F8141
T693,F6256
T3410,F13895
T2872,F1858
T716,F7091
T2664,F765
T252,F4534
T352,F3528
T1468,F11234
T1204,F1446
T233,F6539
T1198,F8172
T3476,F5207
T1654,F1988
T1060,F1958
T3027,F4227
T1273,F130
T491,F3171
T1800,F6333
T2004,F7749
T2766,F6458
T1556,F1048
T199,F4082
T2691,F2835
T778,F5407
T1612,F797
T3047,F396
T919,F3924
T692,F3168
T2937,F8726
T3471,F12368
T1079,F7293
T3381,F8904
T1710,F1166
T2191,F1421
T1104,F8033
T791,F2847
T1105,F1982
T2992,F13159
T2338,F2967
T1017,F2485
T1778,F7684
T1420,F2612
T2397,F818
T401,F12646
T1283,F4249
T1572,F3144
T694,F2520
T1591,F5488
T2615,F7721
T2594,F4289
T721,F3917
T1953,F5504
T2259,F11477
T2704,F1898
T3224,F14037
T820,F12495
T1475,F3799
T982,F2887
T3302,F796
T2977,F14534
T2607,F9420
T643,F2605
T271,F256
T2776,F4413
T3170,F552
T480,F2759
T1360,F6505
T1775,F13886
T525,F8436
T1407,F3322
T2535,F1099
T246,F5659
T713,F1610
T2728,F5251
T3220,F2094
T139,F1535
T2780,F7800
T1690,F3061
T2096,F2072
T2981,F10746
T2786,F4325
T3184,F1243
T2713,F3933
T3405,F1780
T1103,F12569
T2711,F6338
T1315,F1632
T136,F135
T2295,F7065
T2407,F1178
T2923,F1445
T2822,F2425
T327,F1019
T1358,F1317
T486,F15364
T2324,F2717
T3228,F1144
T1802,F1894
T3129,F3517
T670,F3461
T1383,F1845
T2074,F2640
T1645,F2527
T2331,F10513
T2497,F9528
T258,F6352
T1042,F13086
T244,F1546
T2525,F15625
T2203,F1785
T3108,F3697
T2939,F225
T2053,F8829
T1801,F1354
T565,F2098
T1192,F32
T1000,F454
T1525,F6244
T2573,F5895
T1716,F1171
T2031,F676
T1676,F12216
T1747,F13782
T2537,F7382
T2932,F5042
T906,F7963
T2343,F3702
T1493,F10214
T1890,F1919
T2565,F2773
T2925,F5538
T1660,F8582
T2474,F4231
T1069,F609
T975,F3868
T2563,F1425
T1968,F6533
T2886,F6035
T318,F15143
T764,F12380
T2707,F9231
T950,F1869
T51,F3387
T2321,F446
T1412,F8692
T292,F2753
T464,F3530
T2183,F2583
T3012,F1695
T3127,F6260
T1175,F7286
T1740,F113
T2341,F2405
T3037,F8420
T1222,F986
T2167,F640
T3172,F5522
T2867,F351
T373,F5327
T3060,F2404
T55,F1087
T1728,F4830
T2851,F11994
T3392,F1227
T3468,F4211
T931,F8308
T2861,F2095
T3268,F3617
T999,F2301
T2746,F10135
T299,F388
T318,F2881
T2192,F2504
T2988,F1227
T2195,F7336
T2637,F17561
T3014,F7454
T643,F3787
T695,F446
T2849,F7027
T1804,F5342
T1533,F1533
T2263,F4229
T2913,F6099
T868,F1538
T1320,F5192
T1983,F3835
T2578,F1927
T1678,F4118
T1875,F90
T2536,F2485
T1368,F1278
T1812,F685
T569,F10115
T1677,F3640
T2412,F1752
T3120,F1577
T1965,F3667
T2195,F6077
T1190,F13112
T1905,F1151
T3133,F12650
T1996,F2147
T2082,F7576
T2462,F7143
T2135,F3387
T2719,F2731
T2963,F2156
T2960,F17029
T1713,F7112
T126,F2410
T2936,F14579
T2980,F1856
T14,F8003
T1358,F7168
T3115,F10884
T1435,F3876
T1230,F10099
T2764,F7484
T2940,F2274
T576,F7749
T944,F1560
T1188,F1188
T3093,F2810
T1024,F2655
T494,F2348
T3134,F7824
T2677,F760
T1439,F5128
T1750,F4726
T3317,F1303
T1066,F1262
T2312,F2856
T3391,F12457
T755,F2597
T3008,F1733
T2603,F5019
T44,F3879
T33,F8117
T2159,F12921
T73,F6793
T2273,F6536
T2999,F8257
T3478,F4912
T1206,F3685
T2523,F1274
T2413,F649
T1363,F2193
T2924,F17078
T1121,F372
T2464,F7474
T634,F244
T403,F2400
T316,F4901
T3323,F2155
T167,F709
T1445,F3759
T361,F8140
T1880,F1825
T3042,F14499
T2545,F3204
T3142,F772
T566,F1726
T539,F110
T1065,F5763
T1733,F1617
T1047,F7991
T2641,F2464
T2870,F9523
T341,F3250
T432,F8479
T1244,F2245
T940,F1567
T567,F8874
T1664,F3666
T495,F205
T448,F4589
T1329,F11984
T2996,F5237
T405,F10088
T3343,F614
T3133,F12597
T700,F6514
T629,F1690
T3193,F2433
T633,F9883
T1499,F950
T2505,F916
T3403,F1276
T2430,F15155
T116,F8128
T1024,F7570
T357,F897
T1092,F12405
T2092,F10483
T2664,F4106
T2654,F6485
T1382,F8844
T2628,F10754
T3157,F14288
T1210,F2727
T2834,F813
T2931,F9459
T3149,F6959
T58,F2235
T1337,F3335
T2621,F6740
T1788,F1584
T1619,F2973
T1669,F7470
T2976,F5010
T1333,F3505
T1200,F11057
T2418,F8123
T2804,F13124
T1192,F7987
T2011,F8350
T2435,F13027
T2474,F4065
T3366,F2349
T3282,F8734
T2441,F3711
T1380,F419
T580,F7115
T647,F2314
T2198,F3271
T1741,F4604
T3113,F4454
T2420,F3946
T1348,F1038
T3058,F5081
T3325,F12436
T1429,F6440
T1437,F5517
T3181,F9075
T268,F2707
T2768,F65
T461,F7405
T526,F7038
T2100,F2247
T2641,F753
T1552,F5731
T2285,F5674
T1872,F6010
T1013,F2306
T2795,F10435
T780,F95
T160,F6618
T1634,F4751
T2511,F10774
T2290,F6455
T3474,F1185
T5,F7355
T2047,F9043
T2867,F5086
T1072,F14360
T2340,F1320
T2307,F1774
T905,F11026
T2252,F9480
T3482,F1100
T128,F2649
T1019,F1416
T1798,F8580
T1591,F8045
T1295,F314
T2658,F181
T804,F345
T1170,F7021
T35,F10283
T2365,F2458
T2360,F1931
T3132,F3301
T1952,F7789
T1655,F15762
T1136,F3323
T505,F1780
T717,F3858
T1270,F1581
T3323,F3659
T1539,F709
T182,F17729
T1405,F2903
T467,F8715
T1275,F8196
T148,F13596
T907,F4874
T2979,F193
T2926,F171
T605,F7219
T1583,F3435
T1290,F3869
T1687,F4372
T248,F8724
T1227,F3612
T2574,F2022
T1242,F8811
T2447,F16332
T1509,F3278
T867,F9287
T3182,F9082
T1126,F12106
T1557,F5335
T2615,F3132
T1814,F5105
T1960,F3584
T2057,F5510
T400,F8704
T2992,F8402
T2314,F2278
T1297,F3658
T2872,F1675
T51,F4146
T1140,F13442
T3247,F7404
T513,F2929
T2492,F1449
T1643,F3267
T1444,F4719
T2382,F4794
T3430,F7100
T2536,F3165
T2758,F5258
T48,F972
T2920,F6332
T1731,F14473
T978,F5579
T1316,F628
T1442,F10347
T2134,F2962
T311,F6880
T1269,F2593
T2306,F624
T754,F5939
T1780,F11860
T1863,F5675
T2446,F8182
T934,F1947
T1963,F1097
T1280,F9538
T681,F738
T3045,F477
T988,F1248
T2726,F1365
T922,F5371
T1239,F9362
T3403,F1011
T1087,F5878
T2407,F7168
T1908,F6008
T1484,F3568
T3393,F5145
T1304,F687
T3028,F2707
T197,F689
T2171,F4808
T2363,F12601
T1519,F5191
T1160,F2572
T2396,F1865
T94,F3862
T487,F3588
T196,F3893
T1230,F5979
T1175,F1328
T2516,F3766
T928,F2230
T1035,F6700
T3019,F4467
T295,F8126
T2639,F2648
T126,F53
T2727,F9577
T1193,F3127
T2003,F683
T1625,F2709
T2922,F6045
T2364,F3211
T2872,F3942
T3001,F7470
T2065,F2703
T443,F4864
T1919,F613
T3002,F6753
T3028,F1749
T775,F1419
T1667,F11756
T16,F4890
T1260,F8882
T1910,F988
T2719,F85
T1991,F45
T3281,F11123
T3348,F11739
T2752,F5031
T2761,F7199
T375,F4635
T3447,F4189
T1261,F7194
T2272,F1784
T1494,F8088
T2178,F10293
T2565,F9735
T3120,F769
T2132,F14
T2240,F3999
T262,F14505
T2495,F6684
T867,F7055
T750,F1766
T2194,F4728
T2754,F4841
T197,F980
T2179,F11427
T2297,F6443
T3290,F15242
T3417,F3951
T2105,F7227
T2948,F9698
T2803,F2964
T926,F352
T21,F5781
T2898,F968
T319,F1577
T889,F5096
T2319,F2922
T873,F2927
T2337,F16370
T2322,F5753
T2946,F3797
T1136,F3264
T271,F117
T2314,F1936
T2261,F7118
T2586,F16
T1100,F93
T1714,F6171
T1751,F2008
T3333,F1760
T3034,F5156
T3169,F3108
T1145,F3189
T2201,F9181
T2586,F5566
T356,F551
T658,F4194
T1424,F1853
T2792,F7118
T3189,F54
T1067,F8566
T1765,F8993
T589,F3247
T2176,F544
T1684,F586
T3325,F8804
T996,F14287
T1680,F2879
T3348,F6651
T3277,F11493
T1767,F3065
T3328,F3663
T1346,F11864
T936,F2980
T617,F1087
T3469,F2831
T630,F10757
T1841,F4867
T1662,F1888
T1612,F2778
T768,F1944
T1654,F10758
T2172,F3379
T2684,F8172
T450,F4025
T2428,F2525
T617,F10466
T324,F2175
T546,F11807
T918,F6873
T3141,F576
T2721,F10891
T3091,F1464
T492,F5198
T2290,F2150
T1257,F1131
T2804,F8926
T1132,F5407
T3350,F11029
T3135,F4288
T3491,F1584
T3153,F4802
T3321,F1388
T598,F892
T16,F3408
T3208,F13049
T1867,F2380
T3320,F9665
T43,F6696
T2546,F631
T3118,F8548
T1943,F7855
T1982,F12412
T1362,F5500
T844,F2161
T307,F585
T835,F450
T1003,F1888
T1155,F1020
T59,F7395
T855,F10509
T3338,F4369
T456,F5799
T1009,F14101
T629,F1606
T3172,F4685
T2012,F7278
T1512,F7438
T2000,F4275
T1443,F3429
T3130,F9008
T2298,F9557
T529,F1250
T906,F6591
T3475,F4815
T356,F5676
T2566,F10716
T3499,F5071
T1771,F461
T1106,F3072
T1682,F5737
T195,F330
T893,F6738
T1257,F3954
T2041,F15796
T2475,F10763
T1592,F1494
T2639,F2977
T3080,F9112
T1013,F1407
T2458,F1481
T402,F703
T3373,F1459
T3476,F5112
T69,F2287
T1194,F5828
T1858,F8842
T2796,F13259
T3187,F11072
T2368,F4293
T3066,F3526
T1023,F1169
T1712,F9911
T1067,F6019
T2339,F8010
T2908,F4853
T1643,F8613
T2653,F6306
T961,F546
T3496,F12398
T2229,F9040
T425,F4161
T829,F1874
T1507,F8034
T1686,F3125
T2669,F1413
T2756,F4700
T3023,F13176
T1990,F187
T905,F14497
T1323,F2280
T3246,F12099
T2695,F5924
T1804,F1433
T1071,F4358
T1731,F5260
T365,F1588
T2002,F5883
T321,F13477
T1947,F4018
T3022,F9189
T2443,F6502
T1195,F1533
T2020,F1814
T1418,F156
T1060,F3006
T3140,F6417
T3103,F11220
T862,F11493
T2739,F455
T101,F1133
T1433,F4301
T222,F2795
T840,F2664
T1397,F2199
T1803,F1573
T174,F11882
T2056,F7928
T2858,F5755
T851,F10713
T1,F314
T39,F591
T216,F4386
T1223,F10109
T1554,F1558
T707,F11224
T2883,F5449
T3207,F281
T2953,F4114
T2623,F1149
T683,F286
T31,F1282
T202,F1158
T656,F12733
T1242,F10032
T23,F9299
T3252,F3043
T1751,F2373
T1214,F16649
T2554,F4029
T3208,F3848
T2691,F3885
T3271,F4392
T1111,F14099
T1014,F1558
T27,F10321
T659,F11201
T3007,F3065
T1955,F6576
T1164,F3355
T1744,F5893
T707,F1062
T3267,F953
T3439,F12653
T3461,F6840
T438,F3497
T481,F3909
T2813,F6696
T2845,F812
T365,F5738
T376,F4600
T933,F14447
T2280,F233
T3284,F6597
T1600,F3369
T2330,F5676
T2701,F2933
T635,F6110
T1233,F3854
T1720,F502
T1015,F8357
T3412,F11182
T502,F904
T3288,F10622
T1302,F1501
T2319,F4448
T3490,F6392
T231,F1595
T1283,F4912
T3224,F3853
T1262,F897
T2219,F3495
T965,F955
T461,F7800
T2689,F2367
T188,F5622
T818,F5115
T1661,F1791
T3237,F9580
T3020,F8057
T2970,F1806
T2059,F12462
T3005,F5833
T2339,F9142
T2693,F11637
T1229,F14733
T1756,F3762
T627,F3612
T1982,F7481
T1342,F246
T1666,F8362
T34,F1773
T1727,F1323
T1607,F8054
T2871,F2438
T1320,F6606
T3181,F1500
T3255,F15180
T102,F1967
T1491,F4280
T3355,F442
T883,F2106
T496,F9089
T936,F3824
T263,F1144
T2031,F1377
T3345,F11404
T2943,F1963
T1446,F555
T433,F4202
T2574,F2611
T866,F5517
T1374,F2612
T2262,F11693
T2298,F6693
T852,F3687
T291,F16818
T3186,F4026
T1560,F1571
T120,F2663
T714,F14934
T1226,F4415
T2661,F6069
T3027,F247
T2696,F327
T1732,F9049
T3123,F4124
T1378,F11965
T1979,F4916
T1134,F2821
T1772,F4928
T1868,F9353
T2706,F12087
T1515,F10966
T1427,F3106
T1303,F14955
T3227,F1767
T1354,F2868
T2832,F4613
T2720,F8482
T46,F13653
T2452,F9513
T1658,F4860
T3398,F403
T2263,F9050
T2896,F988
T127,F1447
T3049,F2936
T2458,F2364
T2789,F2105
T2522,F14082
T1572,F4168
T279,F4559
T2020,F4115
T3147,F203
T1696,F8242
T264,F456
T1177,F7308
T2223,F5685
T175,F11256
T1119,F4421
T1762,F2032
T45,F3545
T1132,F2680
T2380,F1789
T2153,F8106
T80,F2899
T2087,F8017
T1248,F5476
T2140,F1703
T1011,F432
T676,F3310
T2748,F7601
T666,F7995
T2576,F2032
T2998,F7412
T2992,F5150
T2319,F1731
T3217,F4859
T1295,F2049
T2134,F5334
T996,F12960
T574,F788
T2466,F3155
T1201,F7512
T1833,F14017
T1509,F4875
T1665,F10583
T1905,F7220
T603,F16611
T2493,F2693
T2589,F11271
T2734,F12048
T2550,F9045
T916,F3427
T3339,F2745
T2825,F16124
T2354,F7273
T1380,F3718
T3117,F3752
T1004,F12015
T1340,F7647
T2635,F1840
T666,F12166
T1176,F1965
T1340,F630
T1666,F1196
T2377,F3042
T152,F8848
T1652,F1058
T2267,F6446
T173,F401
T445,F5902
T3410,F6431
T549,F6633
T242,F10274
T1394,F261
T218,F6892
T2267,F9335
T1020,F2171
T1826,F1245
T1700,F10045
T1029,F5618
T1486,F9624
T2609,F1525
T3018,F5232
T862,F3083
T2208,F1654
T1095,F939
T350,F2444
T2653,F3669
T3163,F3910
T2391,F1446
T1920,F1903
T101,F940
T372,F6888
T505,F1021
T1035,F9729
T3056,F2399
T622,F150
T305,F7374
T2969,F1442
T1234,F13747
T3426,F8549
T2744,F1510
T1061,F3285
T2449,F4511
T2549,F2546
T1635,F12177
T2811,F3031
T2869,F2475
T1904,F3944
T2628,F7838
T2724,F7410
T1808,F2708
T313,F3176
T161,F346
T1169,F2194
T2411,F6328
T1471,F2642
T425,F13361
T316,F11577
T2403,F5961
T1254,F2944
T678,F486
T2292,F5632
T291,F1545
T1030,F1063
T1503,F7363
T3343,F4632
T46,F13327
T3006,F13023
T712,F2109
T1463,F4546
T3092,F1417
T2143,F4260
T2690,F6746
T3370,F9705
T2558,F1463
T1148,F16958
T1552,F327
T2472,F3402
T1028,F4399
T1822,F11105
T2059,F3477
T1862,F10568
T1922,F7734
T3291,F7169
T1213,F2930
T1464,F1978
T1157,F7742
T1659,F2749
T274,F2973
T618,F254
T150,F10916
T779,F2050
T1971,F316
T183,F9032
T201,F1391
T1584,F3175
T2142,F1146
T899,F919
T2928,F2570
T3433,F6205
T2722,F2613
T3151,F15955
T1139,F11799
T1015,F13486
T2105,F6965
T3338,F4427
T1232,F2181
T2737,F10502
T477,F1115
T592,F1967
T3267,F8303
T936,F2075
T3495,F4838
T3260,F5502
T1772,F2364
T2250,F12004
T281,F7510
T329,F3317
T67,F4947
T1606,F3193
T2879,F6864
T2676,F376
T370,F4255
T1535,F6839
T643,F278
T2532,F2921
T2235,F6899
T2501,F4854
T1826,F4385
T512,F3863
T1910,F238
T2278,F1571
T3466,F848
T2185,F12678
T3215,F4787
T1793,F5975
T463,F3369
T946,F7757
T399,F3160
T626,F5280
T2970,F10636
T821,F9527
T1176,F1201
T3398,F1534
T1065,F5314
T2875,F139
T818,F5492
T961,F2513
T1267,F10596
T3033,F5127
T1415,F6492
T1928,F553
T2540,F7470
T2802,F7952
T2875,F747
T2892,F362
T2158,F162
T2124,F5012
T2643,F4050
T319,F11307
T1403,F2353
T2746,F5637
T272,F6938
T2480,F4617
T2263,F1808
T2903,F1243
T62,F2731
T392,F2145
T207,F11045
T1745,F2043
T2948,F3527
T1303,F3008
T3427,F3116
T2895,F6855
T1473,F8675
T2163,F6959
T391,F1267
T2886,F2832
T2574,F6624
T1099,F5649
T286,F3141
T3267,F1152
T2545,F1256
T1057,F4889
T2258,F2633
T1063,F10494
T2950,F11466
T113,F3850
T719,F10602
T1790,F10485
T1574,F8008
T1052,F3094
T2764,F3504
T1869,F10183
T869,F1513
T168,F3133
T1902,F12466
T2712,F6294
T694,F3375
T541,F3135
T1541,F4037
T301,F10753
T3276,F5246
T1195,F7237
T1263,F4507
T1347,F4927
T1433,F9700
T2637,F1983
T2669,F7086
T1904,F496
T3436,F3740
T261,F17111
T680,F11727
T308,F12809
T2279,F3727
T545,F5388
T883,F2831
T3098,F2098
T1445,F406
T1321,F7015
T2714,F9961
T3391,F2871
T305,F8982
T223,F961
T2518,F1992
T2682,F6274
T265,F8166
T593,F4468
T2772,F9565
T382,F4538
T2070,F12292
T1532,F2763
T2525,F6807
T763,F4907
T3286,F5718
T913,F3830
T3000,F10681
T3068,F1699
T804,F1337
T2077,F446
T2692,F2018
T210,F3140
T2479,F2321
T2953,F2282
T3177,F443
T3133,F5894
T1918,F4852
T1037,F4014
T3372,F10804
T874,F3083
T2050,F4054
T2290,F11589
T3313,F757
T45,F3291
T2232,F5192
T850,F10514
T1263,F6674
T2040,F723
T2235,F14425
T2242,F2254
T1077,F14223
T2227,F8530
T507,F4376
T1204,F654
T1668,F13056
T1721,F7306
T2602,F431
T3361,F5266
T1225,F3119
T1107,F5628
T3431,F3057
T7,F3234
T313,F1302
T209,F4472
T2758,F6653
T3483,F16588
T3475,F2152
T1007,F5662
T1536,F1246
T2155,F7584
T2445,F13506
T785,F2898
T3019,F7571
T3254,F1047
T2873,F9447
T3363,F368
T1813,F585
T641,F12162
T675,F1365
T2805,F347
T95,F2869
T451,F8448
T727,F1751
T3252,F6251
T800,F5687
T2733,F4725
T1427,F9986
T2486,F2646
T21,F1542
T1541,F12807
T261,F4144
T1666,F13173
T3349,F13478
T1867,F16729
T496,F14039
T2886,F1148
T2039,F4931
T756,F4271
T36,F11173
T2710,F12954
T1685,F1140
T1767,F668
T863,F6379
T2352,F1176
T835,F1404
T2049,F1056
T2395,F2159
T1579,F11910
T1392,F1267
T930,F2786
T2668,F7747
T1201,F4742
T528,F2853
T1806,F123
T2440,F1694
T2059,F5584
T3096,F1414
T2460,F8480
T320,F2686
T1863,F2234
T1625,F889
T2421,F1305
T2593,F2522
T2989,F1483
T1554,F1746
T2811,F731
T1258,F8729
T298,F224
T954,F6821
T1828,F3935
T1449,F2155
T2893,F6503
T1272,F4454
T2918,F7259
T1381,F12544
T1845,F298
T3458,F3650
T586,F4604
T806,F744
T847,F1348
T2288,F4483
T2433,F2231
T3119,F1705
T2649,F13257
T2190,F1349
T3271,F8510
T1974,F10277
T442,F953
T2693,F5385
T867,F4556
T2386,F11361
T3341,F3970
T2374,F2622
T758,F5005
T1403,F9508
T1602,F4584
T3124,F3588
T47,F728
T351,F1518
T3168,F1173
T2630,F5911
T630,F10143
T3087,F1880
T1884,F1819
T2668,F14091
T2555,F371
T2312,F4990
T3099,F4888
T2384,F897
T3266,F7138
T3004,F350
T923,F44
T4,F1465
T3462,F3231
T2447,F10832
T3273,F13121
T3182,F6685
T2145,F796
T337,F6060
T317,F5857
T1391,F1857
T316,F12920
T1150,F4520
T1427,F7436
T1231,F11373
T1625,F6928
T978,F3513
T550,F693
T269,F1794
T2471,F4397
T2595,F866
T388,F556
T2878,F1324
T939,F1318
T252,F4042
T3244,F4357
T3246,F17771
T1106,F6253
T2797,F1586
T2299,F895
T693,F3273
T582,F5888
T2993,F5554
T940,F7640
T2726,F313
T2402,F3060
T1813,F4323
T1354,F2074
T2125,F8845
T2936,F7449
T120,F5233
T1334,F10137
T3412,F5561
T1260,F3831
T2669,F7862
T480,F12049
T2369,F4433
T2076,F10377
T4,F790
T1736,F2203
T2439,F5428
T1075,F1602
T3256,F9083
T2647,F9028
T85,F2244
T1554,F3105
T1533,F2617
T1738,F2421
T3440,F10938
T1513,F1111
T2677,F8420
T2206,F3073
T779,F959
T3123,F12620
T2670,F4300
T217,F5900
T1188,F2202
T2831,F10928
T200,F692
T1422,F1688
T1795,F7777
T267,F3307
T2780,F14348
T851,F10877
T3089,F1886
T3388,F168
T597,F2509
T336,F5860
T2494,F7025
T1808,F6591
T3412,F2325
T2143,F284
T2310,F1703
T2738,F8026
T3251,F5374
T584,F14148
T1999,F3393
T1835,F6131
T260,F4439
T1486,F874
T3056,F4764
T3353,F8189
T1212,F1833
T3168,F10641
T701,F6436
T2935,F1563
T1596,F6151
T2772,F2440
T3274,F177
T2168,F4116
T3223,F2582
T634,F3673
T3254,F593
T1306,F381
T1752,F17125
T2849,F5042
T2037,F799
T758,F60
T1521,F11921
T1294,F9832
T2002,F9859
T3182,F4155
T2165,F568
T2338,F1757
T642,F7105
T2385,F5662
T2748,F744
T779,F3519
T437,F8363
T10,F4832
T1000,F526
T2926,F2442
T1757,F10713
T2717,F2599
T3467,F1293
T2484,F5683
T3354,F8525
T1191,F10618
T2895,F1156
T1492,F6000
T1249,F7489
T3372,F12926
T798,F10629
T446,F8768
T2027,F11473
T1340,F7520
T1353,F3102
T1404,F5663
T911,F2272
T2776,F8569
T627,F2995
T1432,F4917
T2081,F9378
T3390,F322
T2061,F12478
T2008,F6589
T473,F5617
T3263,F5576
T1779,F17473
T2185,F2879
T3221,F1164
T787,F2362
T800,F8039
T794,F4057
T1628,F7978
T3069,F4869
T3206,F2237
T520,F4395
T1560,F2211
T1270,F764
T2851,F13773
T1902,F14941
T2155,F10972
T452,F2346
T1209,F2085
T344,F14176
T1857,F4701
T3416,F4805
T1983,F2681
T3194,F7010
T1141,F6003
T1394,F5393
T2298,F6004
T2067,F13474
T65,F9036
T1080,F663
T1543,F292
T445,F2716
T2232,F2987
T3017,F5337
T3392,F2695
T1269,F12921
T2458,F3086
T1713,F6387
T3493,F5238
T2862,F4648
T306,F9794
T1916,F8148
T1526,F225
T977,F9399
T1378,F10098
T3149,F1502
T1605,F5255
T716,F849
T2242,F5423
T2284,F3207
T2983,F3588
T1574,F4868
T1405,F2416
T3250,F3430
T3488,F9251
T304,F2425
T2259,F2980
T2336,F9002
T678,F313
T1878,F4685
T3192,F9382
T1267,F8748
T2117,F140
T1665,F5101
T2251,F207
T27,F6241
T485,F4155
T2654,F16274
T2047,F1862
T2648,F8475
T998,F967
T3294,F5250
T957,F1779
T1781,F6294
T2353,F103
T3237,F9338
T2050,F787
T1480,F7337
T2195,F442
T2752,F3646
T271,F228
T3193,F6156
T1817,F1238
T171,F1283
T2814,F3085
T1099,F6936
T2030,F2310
T2102,F5458
T909,F3938
T2752,F6227
T1901,F8515
T1009,F10461
T1436,F1587
T1232,F10189
T1242,F11444
T867,F443
T644,F8593
T3004,F2492
T18,F5532
T24,F2883
T742,F9412
T397,F7711
T3206,F3237
T1172,F10984
T2354,F11407
T3126,F13763
T2809,F939
T1433,F11087
T521,F4630
T2060,F3698
T180,F1107
T2700,F2272
T921,F1103
T504,F1330
T1380,F691
T2904,F1512
T1862,F7999
T1124,F9634
T3165,F7568
T552,F353
T1503,F1969
T122,F9758
T777,F2046
T2846,F2052
T2422,F2337
T496,F3151
T940,F51
T2785,F1759
T189,F4436
T1153,F1365
T1026,F14758
T953,F5644
T920,F6826
T2488,F5126
T1092,F7994
T2046,F7418
T2220,F10035
T364,F1465
T3236,F10856
T3128,F720
T875,F2993
T2594,F5943
T3491,F15
T2190,F4844
T2403,F210
T3480,F380
T1561,F3104
T2395,F716
T2055,F2330
T310,F8459
T1021,F7546
T1275,F15617
T1615,F12389
T1976,F1163
T904,F3556
T2010,F766
T2405,F11464
T2586,F3310
T1694,F8397
T971,F2655
T244,F3531
T2990,F5951
T430,F543
T2051,F3472
T844,F6262
T756,F1117
T2987,F10387
T586,F3528
T200,F11062
T1749,F95
T638,F3711
T1087,F12143
T2749,F2847
T2902,F6508
T416,F7411
T2195,F2449
T910,F1421
T1734,F9861
T1829,F3501
T105,F4450
T1550,F3120
T575,F1206
T3161,F8157
T1475,F14669
T2502,F3953
T3036,F1860
T1649,F11690
T3023,F8653
T859,F8593
T2094,F4837
T635,F3457
T1804,F7059
T1765,F4307
T793,F9374
T794,F12924
T2099,F3360
T2619,F6820
T1171,F8901
T2514,F10001
T562,F898
T1829,F3902
T218,F2741
T484,F1845
T3423,F849
T885,F1390
T2639,F2906
T1519,F386
T2573,F2671
T1325,F1377
T2354,F4947
T2137,F4040
T594,F5403
T857,F9739
T3241,F13466
T745,F2716
T1641,F10802
T142,F10013
T1439,F4256
T1580,F3753
T986,F7748
T3451,F6676
T262,F13653
T1026,F15702
T3466,F4230
T2983,F121
T3167,F9138
T2187,F4999
T2632,F12625
T755,F5577
T2763,F244
T2268,F2309
T3018,F1008
T784,F747
T1495,F1416
T1949,F189
T2346,F2508
T1376,F10974
T1782,F8946
T2064,F8394
T2187,F11837
T2228,F1550
T1313,F8766
T2151,F299
T2148,F5300
T725,F9402
T3000,F6588
T650,F3298
T2761,F2120
T84,F1449
T621,F1924
T3399,F4059
T26,F3844
T2521,F4277
T1642,F4324
T580,F361
T1739,F3674
T605,F9961
T1425,F872
T504,F3595
T2549,F464
T1022,F6304
T1770,F6053
T2090,F3144
T1061,F1353
T2908,F2260
T3208,F637
T2034,F4138
T2740,F11430
T1951,F5022
T3125,F13313
T2284,F2393
T2711,F9137
T3160,F11868
T2479,F6159
T1298,F1228
T2868,F10956
T3303,F4265
T46,F6045
T1595,F1088
T860,F284
T2844,F6900
T355,F464
T288,F4497
T537,F10060
T1707,F7407
T958,F13097
T1989,F3073
T384,F10107
T2916,F6188
T2755,F841
T2944,F10123
T649,F7353
T1403,F11536
T2401,F7058
T3194,F3161
T2144,F7966
T3360,F4272
T2866,F2343
T1553,F4930
T3142,F3005
T3431,F3732
T1091,F2132
T1219,F5525
T340,F12723
T617,F8658
T2622,F1751
T2511,F1730
T1931,F9722
T2143,F1293
T3161,F854
T1699,F2753
T1218,F1357
T1515,F4396
T2693,F2704
T2389,F770
T267,F3358
T2137,F1119
T427,F11250
T2771,F9118
T2284,F3046
T1150,F4805
T1796,F4247
T2481,F2659
T3253,F479
T3084,F1594
T1376,F5112
T2313,F189
T2591,F6494
T2087,F3445
T3032,F1588
T45,F3345
T2601,F10290
T642,F8035
T3212,F4862
T1500,F4485
T1467,F4074
T249,F4920
T426,F14635
T461,F8161
T2149,F2387
T2928,F6513
T493,F3781
T1556,F790
T437,F14623
T2077,F1365
T2153,F1533
T595,F4583
T99,F5662
T1899,F3119
T368,F10896
T2881,F2871
T2973,F5916
T2256,F918
T1946,F4771
T2996,F5150
T600,F6647
T2101,F4398
T2331,F7836
T1895,F3817
T999,F1524
T3084,F11388
T2780,F7214
T300,F6662
T925,F844
T378,F7802
T2561,F3760
T558,F5243
T2826,F2010
T2508,F3010
T827,F6580
T967,F2462
T216,F2001
T1176,F3276
T1150,F4850
T431,F6813
T495,F1630
T1821,F3555
T3111,F3724
T2054,F6205
T2647,F6648
T1396,F1436
T3174,F13296
T1951,F5637
T412,F1753
T2261,F10766
T881,F3340
T101,F290
T1376,F3126
T456,F6279
T2719,F2196
T1491,F3196
T3083,F1191
T2809,F4542
T1630,F7090
T733,F388
T1222,F2622
T2418,F7791
T1083,F7250
T2138,F1656
T761,F4474
T3431,F1675
T95,F1108
T2368,F506
T3247,F137
T3209,F13093
T456,F1282
T2044,F4905
T1185,F3577
T2309,F4131
T1774,F917
T1383,F515
T2732,F2997
T2242,F11297
T1486,F9517
T1084,F7760
T3117,F4813
T2099,F285
T412,F606
T2805,F3250
T1774,F1743
T3046,F7105
T2096,F250
T2416,F2370
T807,F9467
T1523,F10249
T1062,F2958
T982,F4684
T1243,F13422
T1531,F10514
T3258,F4430
T2954,F5896
T689,F6607
T3193,F3321
T1678,F5429
T1171,F10936
T1693,F4696
T1698,F12014
T2014,F5563
T2032,F10377
T3084,F9838
T3224,F1778
T388,F5136
T535,F14701
T580,F12280
T781,F4501
T1247,F2152
T746,F8784
T2726,F2127
T1041,F6991
T596,F469
T97,F6377
T373,F4439
T1729,F1112
T2070,F5703
T398,F6741
T1721,F9221
T199,F6720
T118,F6118
T261,F10142
T2801,F1669
T2660,F6375
T1302,F1882
T3388,F2431
T943,F1645
T568,F3005
T3436,F5090
T505,F1696
T2680,F3790
T905,F14909
T2832,F2427
T3450,F10205
T2649,F12185
T1950,F61
T1849,F14103
T2855,F4592
T234,F803
T2459,F1068
T2539,F10489
T1463,F2707
T2985,F10788
T1012,F5272
T921,F2083
T2970,F7729
T2541,F966
T1103,F3046
T1715,F9042
T2277,F1247
T2636,F914
T1633,F3198
T3434,F1549
T1657,F7323
T393,F7970
T2553,F15151
T371,F1863
T3150,F4715
T24,F3280
T2116,F2415
T1319,F2210
T1620,F15809
T1739,F9190
T30,F5099
T2948,F4059
T1610,F6453
T3446,F3510
T204,F9345
T1481,F1291
T3488,F3450
T417,F5196
T2872,F2895
T799,F205
T451,F13553
T1920,F1774
T2199,F5149
T1249,F482
T2234,F8230
T1794,F394
T1338,F3312
T848,F2175
T2352,F8678
T281,F1558
T1867,F9730
T2303,F11279
T233,F1336
T208,F6692
T3101,F5246
T893,F5170
T617,F4456
T2976,F12317
T2917,F2003
T2180,F14581
T2938,F3014
T490,F1918
T3223,F4324
T2268,F5741
T1300,F9958
T3156,F6974
T1122,F4230
T1039,F1351
T1977,F3602
T2076,F5536
T814,F2589
T3423,F7305
T493,F14516
T2652,F7238
T3344,F30
T1549,F12950
T3011,F834
T3354,F8381
T2019,F15572
T278,F2602
T1222,F149
T2442,F2663
T1294,F9236
T1436,F2331
T223,F12714
T878,F4491
T404,F7649
T1297,F10356
T2968,F5709
T1558,F2836
T2556,F546
T2512,F2030
T2133,F3178
T2129,F9766
T877,F868
T2070,F12672
T2500,F308
T3157,F6142
T2653,F5637
T2294,F3940
T3317,F7588
T2362,F2767
T3205,F1093
T1241,F7662
T163,F2291
T2776,F585
T1999,F562
T3266,F6227
T1158,F6901
T89,F2490
T686,F736
T2391,F1797
T2526,F80
T2414,F663
T3048,F1008
T1064,F3249
T2111,F1356
T2478,F8225
T801,F9623
T2670,F574
T2484,F2182
T576,F7969
T3427,F1193
T746,F10658
T89,F32
T1426,F6035
T1800,F2078
T231,F4434
T1761,F1103
T644,F2180
T1159,F12980
T2269,F2633
T2575,F4673
T615,F5232
T670,F1655
T1780,F325
T1986,F9330
T2467,F2652
T1723,F1645
T2280,F4903
T993,F4744
T857,F8746
T1912,F391
T2970,F6176
T3352,F15954
T2312,F6888
T2140,F10356
T1685,F3205
T1711,F4117
T2580,F9778
T2137,F1917
T2069,F274
T805,F4179
T2247,F2781
T1863,F3750
T924,F1086
T3093,F540
T124,F5165
T123,F3468
T3330,F4060
T1630,F1372
T2938,F3413
T1389,F6721
T496,F5672
T294,F1188
T1311,F1388
T2656,F1215
T2783,F363
T1247,F1363
T1263,F8338
T3158,F13626
T358,F4492
T2733,F5524
T2297,F11137
T2739,F4188
T3392,F524
T817,F8863
T2172,F3966
T2537,F3873
T2486,F2449
T453,F1488
T1280,F12096
T2864,F2508
T204,F2721
T2218,F3376
T138,F6773
T562,F4169
T336,F3211
T3072,F4114
T2817,F798
T1089,F10370
T1515,F1685
T3488,F5217
T2940,F2694
T570,F3300
T1740,F5613
T2669,F11001
T487,F568
T1014,F714
T310,F1825
T2919,F52
T679,F2193
T129,F1274
T3306,F2130
T673,F4140
T3141,F5107
T1377,F7590
T1915,F9473
T871,F8852
T1011,F3951
T737,F5920
T1629,F1748
T2480,F6970
T2656,F413
T1849,F7916
T744,F10897
T223,F964
T758,F2844
T915,F8381
T2331,F5010
T769,F5230
T2321,F4516
T2535,F3998
T1293,F16133
T2705,F2858
T3116,F1767
T2291,F7681
T340,F188
T1171,F1334
T3436,F310
T1156,F56
T2672,F2468
T104,F11031
T2572,F9467
T37,F6369
T1961,F11500
T3279,F7027
T2979,F3844
T197,F4744
T2880,F4121
T1287,F3342
T2759,F90
T2939,F6257
T3200,F1390
T83,F12312
T1412,F3483
T1452,F13316
T3062,F7728
T2819,F745
T3304,F12488
T2368,F1752
T2681,F2505
T2845,F13003
T3422,F1867
T932,F6884
T1949,F1220
T3430,F6030
T1051,F1780
T532,F5725
T2342,F1595
T3027,F13843
T386,F708
T1781,F4806
T2134,F10804
T385,F6529
T307,F2794
T2760,F5892
T0,F1726
T3044,F13624
T459,F3767
T3137,F2385
T1873,F12948
T2277,F8083
T987,F5762
T2691,F2427
T3327,F10907
T2889,F1934
T1131,F6712
T2219,F2290
T3301,F4216
T636,F3851
T3048,F7012
T954,F1550
T1563,F12758
T2006,F5814
T221,F3553
T1922,F963
T1421,F8936
T1546,F14340
T3166,F3207
T1150,F1782
T1972,F3404
T2351,F1065
T702,F10048
T2387,F4840
T1085,F8320
T2468,F5924
T1100,F6395
T1076,F1731
T3229,F5637
T2623,F540
T2939,F13236
T1223,F10246
T1316,F2956
T1231,F2906
T451,F1508
T937,F6196
T1272,F699
T91,F11044
T20,F3401
T3413,F2692
T587,F366
T854,F3282
T132,F476
T3478,F1798
T185,F4516
T1079,F10692
T1378,F2696
T1764,F1509
T691,F6799
T1474,F6115
T1513,F6363
T3260,F10204
T2203,F1946
T1920,F777
T350,F2352
T2399,F487
T3158,F8771
T262,F15050
T3165,F14274
T1404,F57
T1651,F13408
T2506,F5810
T2184,F8325
T582,F6601
T681,F2600
T291,F16899
T614,F14311
T630,F14520
T1022,F8030
T2865,F216
T196,F10598
T2534,F367
T2840,F938
T2052,F6307
T1675,F377
T1276,F1985
T2872,F3381
T810,F7690
T1134,F6327
T1288,F12697
T719,F1605
T2034,F431
T804,F3197
T3189,F4622
T3472,F1523
T243,F3027
T218,F11466
T1032,F2656
T1267,F4252
T2210,F1896
T1545,F5839
T3455,F3040
T474,F1264
T2708,F3657
T3159,F4861
T2866,F2104
T1603,F7858
T2105,F4848
T3251,F1635
T883,F4089
T1706,F280
T1031,F3999
T588,F3657
T1711,F644
T3137,F4441
T3429,F771
T582,F6360
T1807,F977
T2573,F3422
T2881,F11928
T1524,F9214
T2826,F151
T549,F6046
T1123,F1527
T1916,F4588
T2316,F3456
T543,F984
T2675,F52
T1505,F6279
T1354,F6023
T3073,F5333
T578,F675
T526,F5981
T1168,F2498
T238,F1468
T15,F10467
T3241,F15215
T3385,F1939
T222,F1743
T2113,F7732
T2472,F2259
T345,F3333
T865,F1578
T771,F1116
T2336,F12017
T1770,F4855
T962,F5042
T1172,F10966
T2502,F7992
T1307,F8861
T880,F965
T512,F33
T379,F5550
T229,F1078
T2962,F10388
T3070,F8355
T3253,F9450
T2212,F13768
T2744,F2352
T1660,F11136
T1751,F3044
T1537,F9744
T3129,F13035
T2053,F7651
T2781,F2734
T3182,F11544
T3159,F52
T2235,F8211
T1976,F3138
T836,F7030
T3462,F825
T1096,F10352
T154,F5811
T1991,F1506
T2444,F9160
T2966,F6011
T1131,F4410
T3008,F2829
T1648,F8263
T394,F16564
T3367,F2183
T2416,F764
T157,F479
T1314,F833
T513,F2094
T2957,F6316
T1118,F1920
T365,F2624
T2618,F6601
T2720,F3682
T2462,F3910
T3105,F735
T2254,F8626
T624,F2412
T2003,F3548
T55,F8114
T3198,F7600
T311,F12356
T2926,F842
T2559,F675
T3418,F10611
T21,F4609
T3374,F9046
T143,F7853
T327,F7180
T1192,F4039
T3047,F15320
T3166,F4903
T2595,F11084
T1688,F5248
T1460,F10586
T2211,F11696
T1692,F6747
T3138,F24
T1602,F3092
T1776,F4490
T3459,F1572
T2176,F1101
T2416,F845
T2691,F3804
T1274,F8854
T1080,F2034
T1288,F8547
T1551,F1091
T467,F5072
T890,F3836
T3296,F3189
T2098,F263
T2132,F3069
T2436,F4141
T2456,F4042
T2775,F3567
T2536,F800
T1236,F3219
T1858,F1370
T2649,F4576
T916,F1198
T1542,F5987
T1714,F6137
T2511,F1929
T558,F3691
T2218,F4026
T3444,F11380
T1418,F7467
T2380,F4091
T1779,F14349
T1097,F10298
T3144,F2454
T2342,F2852
T1806,F6129
T1921,F3098
T2787,F11960
T236,F9089
T880,F6158
T875,F1492
T660,F1121
T75,F3704
T2740,F1912
T454,F5590
T458,F5857
T1989,F3159
T3221,F4247
T2762,F3542
T307,F2500
T1750,F3865
T1072,F6359
T641,F10477
T2909,F474
T645,F12785
T1302,F2360
T1366,F1332
T1750,F2689
T1994,F1895
T521,F6753
T2828,F141
T3169,F1321
T2350,F11911
T372,F5990
T483,F3828
T3185,F6290
T82,F5728
T476,F2270
T2931,F8926
T1207,F2477
T3112,F3592
T3415,F10846
T2800,F2704
T584,F9456
T2111,F1629
T914,F349
T1145,F4875
T1274,F1915
T132,F3507
T2106,F12749
T520,F7072
T2698,F6959
T2010,F2915
T3104,F3795
T862,F3538
T3122,F10785
T1393,F5319
T338,F7889
T2046,F6791
T3445,F369
T3001,F468
T2296,F3377
T3456,F7553
T1236,F9204
T1761,F833
T2726,F3035
T706,F9001
T2123,F16851
T964,F4205
T2193,F2117
T2307,F747
T2765,F6351
T3459,F1845
T1944,F1653
T2600,F1220
T3447,F11239
T935,F5646
T310,F14915
T3308,F6091
T2023,F1834
T3215,F2147
T973,F6841
T2579,F9148
T1567,F3633
T1062,F308
T2687,F5120
T332,F8942
T1695,F2005
T1240,F8934
T1140,F834
T3194,F5312
T1825,F3521
T387,F8688
T1202,F2513
T649,F5535
T1573,F1253
T307,F1330
T1073,F6552
T1474,F1930
T2996,F4644
T1452,F2709
T3308,F524
T3040,F5296
T3322,F1793
T2177,F925
T199,F9681
T856,F12031
T309,F4873
T1581,F5531
T1312,F3539
T910,F269
T3243,F5208
T509,F2730
T3115,F644
T3210,F11371
T1032,F2325
T2395,F2615
T1878,F12751
T1061,F3726
T2417,F1000
T3348,F6844
T2471,F2185
T1470,F2555
T3276,F2780
T1352,F3596
T1996,F13280
T3131,F478
T402,F1906
T451,F9648
T1092,F12841
T2319,F2093
T1085,F1365
T3085,F8651
T610,F2712
T2948,F9675
T852,F532
T1103,F2270
T766,F4897
T1843,F2990
T1434,F5701
T2412,F16303
T1411,F4964
T1600,F1965
T1834,F5230
T1903,F861
T1695,F7120
T2657,F5521
T2945,F14172
T2246,F5800
T312,F6232
T694,F5857
T3318,F12258
T654,F4591
T3358,F1339
T406,F14095
T221,F5853
T3285,F7082
T1189,F12316
T1947,F3223
T2404,F4712
T315,F4896
T208,F11204
T3467,F5868
T1606,F4886
T2376,F14237
T716,F4774
T2791,F1540
T3023,F2827
T3240,F1350
T940,F8413
T1564,F7219
T2448,F8796
T2607,F3115
T506,F16175
T1469,F2514
T3193,F1500
T973,F6341
T817,F10819
T2675,F7628
T2094,F4131
T58,F3126
T3350,F8084
T2629,F2309
T2788,F2408
T373,F6158
T502,F1509
T2210,F656
T2542,F2879
T1174,F4929
T2285,F7460
T2343,F5976
T1960,F3053
T1617,F14045
T484,F1872
T826,F3804
T2392,F13030
T3085,F7745
T1248,F5290
T2281,F8130
T878,F4210
T261,F17397
T1679,F1157
T3214,F2232
T731,F9347
T1461,F6369
T3225,F1749
T1372,F4806
T1564,F369
T3098,F1931
T650,F24
T1559,F1686
T2361,F6119
T1604,F9625
T316,F2947
T485,F10681
T2297,F8575
T3426,F2247
T980,F6704
T1219,F1110
T3494,F1291
T1174,F3481
T962,F71
T2326,F3845
T2334,F3455
T3280,F4445
T3158,F428
T1924,F4764
T2327,F8748
T1737,F3461
T1316,F1113
T2016,F9829
T2312,F8194
T558,F1412
T547,F363
T3024,F12223
T1,F159
T3239,F3084
T3067,F12281
T926,F1824
T3110,F13653
T1933,F6741
T253,F2533
T3238,F1530
T3308,F6861
T2778,F2764
T2621,F1607
T423,F2125
T749,F3999
T1543,F1661
T2305,F13451
T2980,F789
T1963,F4890
T1292,F9913
T1980,F603
T3064,F8948
T927,F6014
T2544,F3753
T688,F4915
T1291,F2708
T2535,F422
T4,F2976
T2681,F6768
T2928,F2034
T1753,F1052
T790,F4812
T549,F7566
T2604,F3489
T3213,F515
T881,F2573
T184,F2562
T1277,F2602
T3462,F8353
T1647,F6453
T425,F11235
T788,F1343
T869,F428
T3243,F4148
T1485,F3127
T662,F680
T3269,F1423
T380,F6090
T274,F2049
T459,F2706
T3082,F7283
T3130,F3429
T74,F1496
T80,F2576
T1888,F3410
T2139,F13733
T1817,F2518
T14,F8905
T291,F13690
T2046,F349
T2238,F3922
T3397,F4172
T2117,F4424
T1427,F3063
T1200,F917
T1842,F928
T113,F10196
T2145,F1054
T1365,F4924
T1705,F6202
T2773,F3653
T2913,F3602
T754,F4556
T405,F10299
T2230,F1604
T2206,F1269
T1566,F8776
T3449,F4429
T2697,F1419
T0,F6802
T2620,F14085
T3480,F9299
T394,F13702
T1610,F10769
T1174,F2466
T130,F4120
T3453,F11574
T1092,F7584
T2544,F3170
T3168,F2033
T898,F3497
T3391,F3094
T1740,F5851
T1130,F176
T1170,F16900
T2071,F3980
T180,F11448
T1647,F9876
T2637,F4446
T1597,F2471
T3126,F2145
T561,F5545
T1101,F5076
T1802,F4842
T2824,F15005
T1794,F8290
T3161,F8205
T1321,F3251
T1107,F1660
T974,F5675
T2585,F2912
T1563,F136
T1268,F4756
T1887,F7670
T1691,F732
T1118,F4389
T1291,F3130
T1771,F1486
T1962,F7337
T1977,F7172
T2783,F714
T1589,F906
T3179,F15158
T2743,F4758
T1303,F8192
T31,F8750
T821,F5308
T3379,F3971
T589,F1849
T3213,F7844
T1525,F1710
T2921,F5506
T600,F10262
T1324,F10514
T3298,F6281
T3,F1145
T1924,F10327
T156,F5345
T2775,F3717
T159,F15021
T697,F7367
T1726,F11605
T2105,F3214
T1331,F7420
T1697,F14893
T2843,F3646
T2697,F3515
T691,F1228
T1603,F1871
T2892,F2038
T991,F2375
T3323,F3540
T2345,F6912
T2137,F2895
T3452,F2641
T2031,F1064
T1716,F1441
T382,F9303
T2674,F2510
T2453,F1474
T1522,F710
T834,F7639
T2627,F4577
T3475,F4667
T2799,F4401
T446,F8778
T1787,F775
T1153,F4961
T1270,F3934
T1137,F2156
T718,F6003
T2803,F3169
T2124,F8989
T1371,F1853
T3177,F1109
T3406,F10445
T2792,F3428
T822,F7123
T51,F12895
T2452,F6904
T775,F215
T3369,F7418
T2511,F2192
T768,F9449
T348,F11388
T146,F3614
T2045,F4179
T696,F3420
T1042,F15007
T884,F4350
T2303,F2852
T624,F7636
T2869,F6288
T346,F937
T2836,F3784
T2907,F641
T2248,F1873
T1709,F8817
T1809,F14307
T1340,F3418
T1232,F8604
T2509,F1202
T968,F2509
T3041,F5773
T435,F6659
T3247,F8892
T813,F12367
T2393,F2867
T641,F14742
T3023,F459
T1695,F723
T908,F1971
T2458,F204
T3278,F1456
T1489,F6120
T2433,F7398
T465,F4701
T1188,F1821
T1730,F118
T1332,F2171
T1483,F4526
T2839,F4783
T1213,F1243
T298,F157
T517,F4775
T3055,F4629
T1626,F5774
T725,F4801
T646,F1956
T507,F1916
T3232,F10356
T65,F1761
T822,F5365
T1348,F1471
T3102,F7038
T1012,F13118
T1558,F1139
T1200,F12801
T841,F3226
T2070,F11936
T3108,F2023
T1077,F1691
T862,F1405
T2569,F5877
T1603,F1161
T2174,F3329
T2647,F3378
T730,F2982
T1653,F4902
T2213,F4332
T378,F4682
T2780,F639
T141,F3984
T1323,F14151
T1908,F4297
T1777,F10010
T2888,F3550
T3262,F13678
T624,F8061
T787,F10407
T1985,F1329
T622,F65
T1906,F465
T1279,F7778
T1183,F10436
T1090,F6289
T2169,F1306
T3211,F7668
T498,F6193
T1117,F2695
T3083,F1103
T723,F5207
T1316,F2083
T929,F3808
T1302,F2380
T553,F12491
T522,F12598
T3365,F10853
T2632,F3803
T1998,F8798
T946,F7159
T2111,F3111
T2400,F15213
T3442,F9029
T959,F14799
T2825,F6837
T2887,F1822
T5,F4469
T3232,F11896
T169,F3014
T1017,F5231
T77,F5579
T2389,F3066
T3331,F524
T1328,F4408
T1622,F4206
T3469,F2056
T3092,F1242
T793,F2231
T2646,F164
T376,F4950
T1093,F13878
T2706,F14927
T533,F3501
T2356,F10182
T479,F8221
T1833,F10775
T2854,F4475
T1615,F93
T1201,F6222
T2293,F2748
T614,F2164
T2128,F9356
T2327,F5498
T1479,F9866
T1369,F4683
T1611,F3995
T3296,F3384
T913,F7136
T1452,F2995
T775,F1533
T797,F2454
T1017,F2636
T141,F4175
T2479,F7624
T90,F9616
T1034,F1145
T3301,F3840
T1232,F638
T806,F9380
T91,F5864
T2887,F6413
T820,F11029
T707,F3540
T1534,F3162
T1121,F669
T1869,F10029
T800,F1705
T1949,F2079
T2147,F4932
T2880,F9019
T2882,F10899
T782,F719
T1001,F698
T381,F6007
T2545,F1994
T1176,F908
T3243,F4618
T471,F2899
T902,F6129
T945,F4982
T1252,F1837
T2388,F6334
T1863,F4279
T82,F3278
T1611,F4905
T2662,F7738
T1856,F1078
T985,F2722
T2471,F14865
T3091,F1053
T3095,F1398
T2347,F12325
T861,F4431
T3319,F6342
T268,F1671
T511,F3530
T3322,F3399
T1330,F4051
T1392,F2039
T3407,F986
T2467,F3415
T308,F227
T123,F6657
T3155,F2173
T1407,F6036
T2434,F8557
T160,F11643
T2973,F4335
T2741,F3369
T2302,F9408
T2852,F12637
T362,F3070
T606,F13855
T1081,F959
T3248,F7492
T2990,F3816
T2851,F2284
T1390,F8441
T2656,F10119
T3103,F1280
T2105,F8762
T2566,F8971
T270,F14159
T3381,F10378
T2200,F2558
T861,F5023
T1511,F1458
T2038,F9183
T1758,F7766
T1603,F4983
T1996,F73
T3470,F14202
T1927,F9147
T1316,F11
T1385,F6688
T170,F13712
T1842,F5156
T3052,F2407
T566,F270
T2693,F2828
T3211,F7563
T2732,F5363
T3071,F1265
T2585,F137
T1632,F12676
T2103,F3965
T724,F980
T3043,F5364
T2894,F3968
T2136,F993
T2936,F5576
T898,F2349
T906,F6395
T1369,F8312
T2423,F7379
T2019,F9620
T3139,F9410
T2538,F1067
T113,F8085
T1767,F538
T472,F903
T2066,F9856
T3388,F6700
T2778,F3499
T1402,F4207
T154,F6921
T211,F1970
T3178,F8868
T3419,F8803
T1905,F7181
T3365,F16411
T2085,F2132
T2246,F2260
T323,F670
T2892,F1238
T3246,F5873
T439,F3105
T1502,F1303
T1808,F1624
T736,F4078
T2221,F8274
T1335,F8522
T3440,F3238
T1816,F14909
T442,F9064
T1824,F4206
T3118,F13312
T2050,F5381
T1075,F2335
T3200,F268
T1163,F1046
T3476,F1152
T739,F7543
T3382,F45
T293,F12131
T863,F2759
T398,F1181
T1720,F4951
T2758,F4935
T2516,F3437
T3325,F6584
T295,F8850
T3354,F3986
T661,F6839
T2629,F6683
T772,F10957
T3396,F4577
T2874,F1879
T1429,F8613
T246,F10192
T2173,F569
T1026,F4997
T1264,F6456
T2285,F4473
T2497,F1144
T2902,F7559
T3438,F1655
T747,F3163
T2162,F3645
T2741,F3067
T2551,F4613
T2009,F1619
T2098,F6711
T659,F7186
T3040,F10166
T1488,F4779
T335,F7778
T3101,F5857
T2003,F5706
T787,F3203
T981,F6535
T2421,F3774
T2761,F13138
T2778,F11639
T274,F2832
T712,F1256
T2531,F1980
T873,F5839
T1987,F3806
T3103,F11878
T719,F281
T3020,F342
T3252,F462
T2846,F2891
T3448,F1064
T2650,F739
T2095,F1839
T571,F1076
T595,F10936
T652,F1092
T995,F10892
T1863,F11837
T1669,F13118
T3386,F7601
T3339,F7096
T3190,F227
T2182,F1460
T1410,F1904
T978,F2728
T3405,F991
T2717,F3149
T416,F5919
T1782,F10295
T2275,F12546
T687,F9136
T3458,F5138
T100,F1624
T202,F979
T2964,F1317
T2680,F10272
T2197,F7036
T2466,F5573
T256,F1593
T2723,F1222
T605,F3054
T3102,F5340
T3434,F7285
T2820,F4867
T3246,F13816
T587,F9587
T2291,F2146
T2749,F2394
T3098,F2134
T1878,F16924
T948,F3303
T1578,F317
T2442,F656
T1167,F7459
T1173,F1039
T1311,F411
T2964,F3856
T1360,F5351
T2175,F1399
T325,F14480
T2143,F4977
T272,F13497
T2141,F2350
T1193,F5441
T3497,F9288
T197,F5779
T1981,F10102
T2912,F1127
T1616,F1157
T444,F2409
T896,F13087
T3046,F2456
T1439,F9299
T2191,F10637
T3474,F1603
T138,F3293
T226,F12046
T489,F13661
T716,F5369
T3153,F3609
T3259,F3116
T1250,F8608
T141,F3425
T3260,F6416
T3431,F4996
T1070,F9473
T364,F6736
T1867,F12702
T94,F3493
T53,F12272
T192,F9273
T524,F954
T2673,F9739
T638,F3748
T2902,F1441
T3484,F219
T1661,F6367
T322,F3246
T3321,F6062
T64,F6951
T1044,F2697
T1138,F3858
T2207,F6473
T1366,F8380
T379,F8677
T1942,F6152
T69,F244
T3100,F1965
T1346,F10646
T1420,F944
T682,F5651
T331,F5073
T1653,F9856
T3396,F896
T1552,F8757
T1501,F3058
T2995,F2982
T678,F2092
T2002,F856
T723,F3604
T262,F1160
T3458,F8408
T12,F297
T830,F8706
T1220,F159
T1864,F155
T163,F12078
T2972,F960
T394,F1794
T3277,F17072
T292,F3112
T2395,F227
T2176,F13317
T1142,F5896
T1251,F8243
T3017,F8948
T1562,F1916
T682,F4910
T3140,F4959
T3381,F11134
T916,F3764
T3199,F6304
T782,F87
T3486,F1675
T1737,F2557
T2388,F8853
T1110,F6046
T2851,F688
T1286,F1242
T1602,F8319
T2666,F1274
T1123,F7783
T385,F5666
T359,F3487
T1496,F5891
T2015,F11839
T2423,F8669
T1593,F1099
T1104,F4557
T577,F5136
T1716,F1726
T474,F10173
T830,F6618
T1035,F16475
T2642,F2423
T239,F6512
T2837,F2160
T1164,F10214
T533,F721
T2490,F928
T1104,F7482
T1402,F5053
T1605,F11890
T1313,F8690
T1916,F1493
T2530,F2027
T2656,F507
T336,F11261
T2402,F9510
T560,F7879
T3177,F7775
T763,F6335
T436,F3380
T2792,F9888
T686,F3952
T586,F2957
T1876,F5107
T2552,F9789
T381,F1437
T2289,F7639
T2619,F11363
T2215,F3038
T3226,F1751
T2731,F1457
T677,F1013
T672,F1157
T3354,F3842
T1895,F9147
T1166,F12674
T1267,F11315
T2700,F645
T1440,F74
T1305,F706
T2985,F7283
T2124,F7783
T1398,F80
T916,F1139
T1565,F4099
T2638,F16095
T2132,F8143
T201,F1145
T2848,F1819
T2537,F6842
T246,F7669
T3202,F8611
T963,F3454
T990,F4457
T712,F5218
T1276,F195
T1886,F102
T1319,F1651
T1535,F172
T2706,F12848
T2299,F4368
T654,F6538
T2540,F6019
T899,F8671
T3423,F11319
T297,F3690
T2611,F1209
T1570,F1776
T646,F4636
T310,F3160
T2410,F11861
T2757,F2362
T1589,F3906
T2073,F1369
T239,F16339
T1433,F1326
T2595,F2039
T3226,F407
T1240,F6437
T1729,F394
T2197,F1367
T232,F2839
T1002,F4383
T2241,F3327
T1434,F5519
T420,F1352
T931,F3603
T3165,F7285
T185,F5200
T63,F1382
T2471,F3217
T543,F2079
T517,F496
T1195,F12019
T2498,F14129
T390,F7289
T14,F7218
T2397,F454
T2599,F504
T392,F275
T119,F10643
T2287,F3708
T2339,F1980
T2722,F4476
T3496,F5398
T3305,F2744
T947,F9534
T3391,F120
T1478,F4079
T534,F12559
T698,F526
T3011,F10534
T2127,F3229
T2442,F2781
T2923,F2308
T2697,F1682
T954,F190
T2963,F3270
T398,F1437
T2296,F12756
T1889,F8269
T890,F6415
T3314,F4633
T1956,F6777
T2202,F1386
T2246,F3589
T2166,F2987
T777,F4244
T2622,F266
T1426,F6003
T1014,F4497
T3305,F6816
T875,F3449
T2047,F11945
T3160,F9161
T361,F6110
T518,F1909
T1199,F1010
T1768,F9784
T1756,F2423
T2789,F2833
T2826,F2275
T1940,F2657
T1385,F1951
T627,F3767
T784,F147
T1792,F1269
T1624,F3621
T2819,F878
T3048,F12494
T144,F6330
T519,F3019
T1095,F4845
T1777,F7076
T1644,F3747
T1765,F8182
T2113,F7268
T2637,F12439
T2084,F11596
T966,F8170
T1975,F3032
T1869,F6816
T1098,F11047
T2046,F640
T2277,F7009
T3137,F2659
T2100,F2744
T1195,F7971
T1093,F12441
T137,F6232
T316,F11031
T545,F7313
T653,F5228
T32,F7892
T1851,F7605
T3012,F1610
T654,F4782
T3114,F557
T2176,F12389
T1401,F8325
T135,F1884
T1070,F9447
T2646,F2587
T2723,F3506
T2112,F10950
T825,F12152
T49,F5808
T1662,F9168
T1703,F2030
T1149,F5398
T1940,F3538
T621,F11820
T1894,F4543
T215,F3366
T2605,F6466
T955,F1057
T3412,F15792
T266,F12957
T1674,F3488
T339,F4108
T907,F4206
T748,F6556
T3465,F4239
T3229,F3845
T1500,F4989
T1873,F4112
T1180,F4216
T1170,F1897
T1340,F11800
T2416,F354
T1810,F677
T78,F1036
T48,F1098
T377,F7974
T2254,F10256
T3426,F13355
T2136,F5663
T765,F2893
T668,F9988
T1925,F4344
T2100,F1011
T2991,F9311
T1597,F5247
T3397,F6677
T2650,F1759
T1365,F5461
T1577,F6834
T1537,F4108
T1229,F9024
T3432,F841
T2828,F1726
T2923,F3255
T3053,F7443
T2425,F1903
T1565,F5680
T2282,F2406
T3475,F4421
T615,F7454
T2156,F85
T1771,F3929
T2548,F2437
T2497,F1770
T1995,F611
T3472,F1107
T1568,F11238
T2462,F15205
T2440,F9933
T373,F8934
T2658,F6472
T3472,F1146
T271,F1797
T3471,F2295
T561,F7551
T1891,F873
T176,F1205
T1181,F7832
T386,F1702
T2433,F10104
T1276,F3051
T2655,F4478
T3065,F8794
T2439,F152
T1097,F9087
T1979,F4896
T848,F2845
T188,F2131
T1414,F182
T823,F728
T1201,F2765
T3293,F4641
T64,F80
T597,F5621
T1278,F814
T2170,F8784
T1396,F572
T2776,F7330
T2593,F247
T3408,F1409
T613,F4025
T2470,F566
T3083,F517
T3053,F666
T599,F483
T2244,F2665
T3077,F1876
T2328,F1032
T1592,F675
T2724,F2613
T3345,F9677
T2964,F4738
T192,F10066
T2121,F5823
T499,F11387
T3011,F3879
T2041,F12148
T1471,F12494
T1761,F2195
T1125,F4242
T752,F1783
T2252,F725
T2768,F9186
T2832,F3276
T1107,F6867
T238,F1256
T1651,F343
T3121,F10622
T2476,F877
T1046,F9803
T2171,F5656
T2038,F6811
T3054,F4479
T2954,F6875
T2641,F3087
T2109,F5209
T886,F1905
T3249,F9320
T2324,F8989
T2913,F4223
T2463,F3281
T3013,F5781
T311,F14432
T1973,F7764
T731,F8086
T465,F7606
T214,F1252
T1934,F291
T2547,F6119
T2396,F8410
T190,F95
T480,F3202
T3245,F2603
T2850,F7882
T422,F586
T1868,F16095
T1653,F11760
T1451,F7101
T622,F652
T28,F881
T1891,F1233
T1836,F4062
T3349,F9376
T2331,F7401
T803,F9435
T1131,F3163
T1934,F6085
T1547,F940
T215,F1300
T980,F364
T1638,F6173
T1959,F535
T354,F3259
T759,F3814
T343,F15999
T2502,F5802
T1500,F2249
T2929,F3174
T2081,F2520
T3406,F2224
T1150,F7500
T1400,F7643
T2956,F5316
T2963,F906
T286,F6926
T433,F4813
T315,F3367
T1943,F4889
T1661,F7446
T3131,F1866
T2317,F11690
T2257,F3296
T1915,F755
T1212,F6035
T3482,F11635
T485,F4917
T1680,F1242
T1226,F3371
T979,F2194
T2263,F5993
T3364,F6034
T2139,F15345
T3283,F2328
T1976,F847
T1810,F2541
T2483,F3543
T1291,F7416
T407,F7542
T2074,F1793
T3412,F3664
T774,F8
T267,F5325
T1651,F4393
T3021,F2945
T36,F9207
T580,F11389
T548,F971
T524,F6860
T1339,F10182
T1673,F11764
T2958,F2544
T2399,F1269
T1172,F2732
T1826,F273
T1018,F5951
T3255,F14690
T328,F9791
T3028,F1952
T2081,F7761
T572,F3744
T2170,F6960
T2020,F7722
T815,F8538
T1584,F10661
T3186,F1885
T1282,F7900
T2215,F8076
T1980,F32
T2749,F538
T1236,F6795
T3222,F3211
T836,F7385
T3257,F1485
T2343,F6508
T2715,F2843
T605,F3932
T3351,F5228
T1761,F1257
T263,F3221
T2239,F4027
T523,F1568
T1563,F9057
T2543,F6066
T681,F11737
T854,F4744
T207,F6189
T1442,F10915
T576,F3012
T770,F7365
T3442,F7158
T1608,F2558
T2325,F410
T1144,F11275
T557,F2103
T263,F1854
T649,F855
T276,F7887
T486,F9844
T804,F479
T1419,F1559
T2403,F4034
T3097,F5
T2140,F9632
T2966,F355
T2413,F2395
T67,F9580
T2683,F3551
T869,F2555
T570,F1317
T831,F2585
T2455,F6362
T2170,F7010
T3096,F5574
T2999,F9837
T3422,F3424
T725,F2766
T1638,F1746
T204,F10651
T1101,F12688
T2346,F2737
T2254,F8378
T405,F2053
T2947,F13301
T934,F3102
T67,F1891
T2439,F8294
T3157,F351
T144,F9762
T719,F2592
T2339,F450
T1164,F6532
T2620,F16690
T2680,F10899
T3247,F8596
T3007,F1034
T2142,F5756
T3190,F3096
T2335,F41
T31,F7103
T3497,F4681
T78,F5930
T1056,F6982
T557,F1396
T592,F10801
T3458,F3994
T999,F4206
T2591,F1008
T2943,F1684
T3095,F1461
T1033,F731
T2790,F1987
T851,F8201
T79,F4398
T523,F360
T1637,F9755
T1174,F978
T2969,F3261
T3435,F4664
T1289,F3079
T3444,F13422
T3090,F11439
T1833,F5587
T713,F12773
T2592,F444
T1578,F1684
T1538,F9535
T478,F2445
T3152,F255
T1914,F4275
T1245,F1966
T210,F3035
T2361,F10167
T602,F11780
T638,F1292
T3064,F6705
T1436,F2991
T2098,F8130
T2122,F2214
T1958,F2015
T631,F10314
T1930,F5991
T134,F3105
T280,F2584
T1525,F9925
T1839,F12982
T2287,F9133
T2994,F10017
T766,F4392
T2229,F15078
T3404,F732
T978,F12930
T2471,F6106
T729,F10200
T2856,F8127
T329,F719
T3185,F2352
T2943,F644
T2895,F2556
T2823,F2021
T2024,F6581
T1941,F3300
T2928,F3165
T1645,F1037
T1030,F1576
T365,F3764
T2549,F2435
T2690,F8326
T2536,F2392
T3247,F5936
T2163,F11595
T1460,F2321
T637,F3370
T3007,F3391
T1390,F8531
T2550,F7122
T2296,F8181
T2515,F2133
T2528,F6244
T2259,F15407
T2582,F9302
T2766,F6766
T112,F4857
T557,F919
T83,F10252
T2722,F12604
T782,F2083
T3128,F2243
T770,F9890
T2891,F3352
T681,F1286
T2678,F13781
T2824,F9079
T1751,F2916
T1217,F8441
T3030,F1176
T1555,F3631
T1661,F5271
T591,F9484
T1410,F6461
T1680,F11369
T507,F43
T1384,F738
T489,F8624
T2174,F6095
T2793,F10830
T457,F2659
T2075,F7029
T2280,F3738
T1832,F6602
T1656,F654
T1415,F4811
T2220,F14198
T2854,F7819
T944,F1597
T473,F8978
T1255,F2592
T1723,F2745
T2716,F5417
T3245,F6262
T1126,F925
T1,F873
T2510,F8156
T442,F11393
T286,F3043
T1037,F8526
T2193,F294
T3112,F9511
T2922,F4147
T273,F7955
T2703,F10651
T504,F4229
T1812,F3515
T2885,F5896
T1045,F4743
T3018,F3842
T2177,F7602
T1687,F4245
T2028,F2142
T1417,F7985
T186,F2987
T989,F8344
T356,F423
T60,F4271
T1571,F2897
T2612,F383
T25,F1641
T45,F4109
T1701,F1600
T3429,F722
T1576,F11858
T1416,F1537
T2672,F5005
T2047,F12154
T3219,F3067
T3356,F13232
T2610,F3161
T2998,F3704
T2520,F8628
T180,F5887
T2988,F2167
T2952,F9823
T2445,F2207
T391,F7303
T1681,F2307
T3010,F4631
T1502,F2721
T1348,F1834
T711,F6203
T3218,F5914
T140,F8568
T135,F9357
T1362,F6911
T1198,F9663
T1612,F4941
T2185,F3895
T3145,F5674
T1061,F1066
T193,F9627
T3061,F3407
T1487,F80
T1958,F2943
T2863,F10398
T561,F5382
T3498,F3194
T1775,F5166
T682,F2581
T1448,F2363
T364,F4655
T1676,F4437
T2437,F2131
T1197,F2722
T3419,F7673
T2100,F3747
T3194,F7061
T412,F7587
T2378,F3191
T2590,F2082
T1083,F12885
T755,F4118
T1631,F4624
T1192,F7448
T2219,F1184
T3436,F4440
T1323,F7763
T3383,F2204
T2146,F1446
T450,F9599
T2149,F252
T2782,F5665
T2822,F4675
T724,F4010
T2679,F5107
T1512,F7063
T3174,F4645
T271,F2862
T1075,F262
T772,F5279
T3393,F3141
T2357,F5493
T1366,F8437
T3077,F14392
T1448,F1324
T2033,F189
T732,F7155
T2036,F5703
T3168,F14297
T2434,F8200
T361,F2562
T744,F1475
T1460,F11713
T2968,F6384
T2121,F4751
T77,F14142
T2266,F3183
T1140,F16671
T1294,F476
T1204,F3266
T1461,F6374
T367,F5754
T612,F178
T1202,F719
T1228,F3024
T2854,F7660
T1579,F4197
T2795,F8094
T248,F7609
T1201,F1716
T581,F4140
T3275,F116
T49,F14143
T1459,F7628
T1743,F12241
T3476,F4696
T1567,F1323
T2836,F7155
T487,F1888
T3345,F9450
T846,F880
T687,F2883
T323,F5537
T1876,F2231
T2475,F15216
T804,F1466
T2796,F11629
T2125,F9469
T1904,F1038
T1951,F1667
T1436,F1112
T928,F384
T1321,F8263
T568,F2443
T1044,F9055
T1348,F4405
T2218,F5464
T1315,F4760
T203,F14451
T2743,F5184
T2520,F7378
T570,F2647
T1466,F119
T2664,F2544
T749,F4897
T1083,F13171
T932,F1455
T542,F8013
T1062,F14577
T2547,F9091
T2029,F4067
T2033,F1387
T3070,F7132
T1447,F4434
T3024,F2907
T1517,F1633
T2456,F941
T993,F13079
T2927,F3546
T2902,F9811
T2957,F5907
T536,F3405
T642,F7903
T1178,F11725
T2264,F1129
T2578,F18
T1815,F1800
T954,F5659
T3201,F5411
T1967,F11402
T2545,F3179
T2283,F9987
T1993,F1871
T722,F13118
T2955,F14089
T979,F4331
T1014,F1295
T2439,F5940
T2117,F11217
T704,F528
T2789,F441
T418,F1953
T2406,F6110
T113,F6761
T2370,F7702
T286,F8036
T1047,F3627
T1281,F2323
T911,F3020
T1621,F5708
T1482,F714
T1805,F1953
T349,F16415
T273,F4396
T237,F8398
T803,F11053
T1256,F2753
T2716,F3283
T1744,F574
T2950,F434
T2283,F14003
T140,F9335
T3084,F11662
T425,F5161
T3281,F6470
T2500,F3051
T210,F1353
T2183,F4590
T2823,F11599
T707,F5183
T1677,F9314
T1246,F1341
T1819,F11852
T3433,F5747
T1459,F150
T867,F10739
T2220,F13749
T2819,F1151
T3203,F2137
T2459,F1877
T3469,F6312
T528,F162
T2567,F4731
T3337,F331
T3440,F7448
T2021,F8857
T2195,F4133
T3145,F5735
T980,F9806
T1874,F11732
T1122,F5005
T2718,F14397
T387,F7873
T2704,F41
T1697,F17259
T1951,F5661
T396,F5445
T424,F2948
T1203,F8863
T267,F1251
T1322,F5721
T2370,F1433
T2743,F3145
T2916,F12106
T2677,F7808
T2273,F5736
T2646,F731
T11,F1662
T1998,F8233
T899,F703
T416,F9195
T286,F6016
T1183,F8067
T2172,F6271
T1346,F12528
T2474,F4518
T2450,F189
T1652,F1265
T3039,F610
T1712,F10701
T1463,F11938
T952,F10355
T146,F3377
T2620,F16615
T2257,F4447
T1565,F11950
T1515,F5254
T1545,F7824
T2302,F10380
T1873,F91
T2422,F8863
T3402,F12205
T3345,F7967
T626,F6183
T1941,F1346
T3407,F2319
T1842,F1370
T1556,F423
T1972,F3541
T518,F7323
T322,F156
T2856,F6178
T2071,F4602
T3490,F3649
T3281,F4714
T711,F643
T1085,F772
T1545,F2058
T1679,F3956
T2818,F6596
T2859,F99
T3169,F1522
T862,F3123
T278,F3412
T1262,F3610
T2463,F2665
T1396,F7347
T3407,F1528
T2529,F2483
T3326,F3870
T2265,F4568
T2934,F342
T1896,F9522
T1298,F550
T2571,F3196
T15,F528
T3323,F1908
T860,F1705
T2902,F3664
T2840,F2170
T1050,F11972
T471,F3658
T1498,F738
T2839,F9235
T1339,F4897
T2365,F7529
T3065,F16735
T1769,F347
T2406,F6103
T12,F2184
T2546,F1558
T2287,F4969
T609,F8223
T3047,F12554
T3471,F11244
T428,F9181
T1115,F2659
T413,F5405
T1555,F2394
T480,F10104
T1038,F10710
T1766,F2391
T2303,F14456
T941,F5478
T3150,F12582
T672,F3209
T1292,F16002
T2949,F10918
T1162,F2445
T456,F3444
T600,F7536
T1624,F4947
T2572,F4162
T803,F2648
T1384,F5336
T1025,F10150
T607,F3435
T1005,F4324
T2220,F7562
T2032,F3046
T2058,F5673
T2985,F10824
T792,F693
T1584,F8350
T3048,F6292
T1086,F5702
T2042,F1627
T2330,F15185
T3406,F8851
T2101,F3024
T78,F2369
T1387,F5063
T180,F11071
T1703,F4438
T2397,F2025
T677,F6944
T709,F5753
T896,F10888
T1317,F8402
T3218,F5232
T972,F10201
T1985,F5052
T6,F2908
T2468,F7600
T1140,F14341
T1142,F7200
T1054,F5970
T1463,F10937
T395,F2862
T801,F10740
T2518,F8003
T1246,F692
T1011,F9201
T995,F6472
T1500,F838
T2567,F10967
T1292,F2144
T3383,F4063
T472,F3868
T45,F3559
T3135,F4618
T850,F8209
T1963,F4537
T11,F3889
T280,F3236
T1450,F2454
T2232,F1139
T1806,F3904
T2378,F4183
T2418,F8362
T3158,F11365
T1270,F3191
T3015,F2733
T2575,F2579
T2781,F688
T3106,F7592
T3352,F1361
T2194,F6622
T164,F3112
T1110,F5090
T1691,F9317
T3488,F12489
T3013,F5470
T1044,F11591
T366,F3048
T1827,F9329
T300,F2823
T1387,F9242
T1704,F14364
T751,F7559
T1055,F3518
T3460,F3414
T880,F10275
T2445,F11148
T1864,F3838
T3300,F11394
T147,F4595
T3187,F14143
T1998,F6586
T184,F7169
T676,F4675
T2553,F11814
T2764,F271
T1444,F363
T3465,F6555
T1429,F4749
T842,F8990
T584,F3061
T56,F1803
T235,F6505
T1394,F5696
T1465,F1254
T1646,F5432
T2447,F7739
T3306,F3238
T1667,F8505
T2041,F16090
T1864,F2898
T764,F2990
T2837,F163
T2104,F5060
T640,F14940
T1865,F905
T3063,F10649
T1906,F2621
T61,F1319
T2324,F5689
T2795,F5867
T1283,F4049
T1978,F784
T3275,F1440
T2898,F946
T2689,F6403
T1454,F13218
T194,F825
T1712,F11070
T1140,F7891
T3013,F441
T3283,F2647
T2560,F2796
T2186,F5113
T528,F1954
T1851,F3949
T59,F9991
T881,F1901
T2526,F342
T865,F14645
T3323,F3040
T430,F5426
T659,F8161
T1932,F739
T945,F1185
T2202,F3210
T345,F10547
T2133,F836
T2348,F903
T1025,F7538
T2081,F7506
T374,F956
T265,F5064
T2024,F7698
T3220,F1385
T1386,F640
T1963,F7971
T3440,F7506
T1196,F15329
T1341,F912
T915,F12041
T2431,F2014
T1964,F395
T1312,F3491
T1430,F5895
T3161,F1585
T389,F4585
T2062,F8418
T3273,F7710
T1385,F835
T46,F8836
T920,F5624
T71,F4362
T2715,F2056
T622,F4823
T949,F7954
T2959,F5786
T2520,F8441
T990,F987
T50,F4992
T860,F2402
T1812,F3343
T1308,F3944
T1489,F6427
T2707,F12069
T3343,F4685
T1238,F6348
T2857,F1520
T2504,F4947
T1426,F5691
T2053,F8433
T1230,F1774
T3335,F3595
T996,F12045
T105,F4119
T3240,F9212
T3146,F4640
T1715,F1857
T2614,F3553
T1612,F669
T2303,F15906
T1477,F2102
T2994,F7190
T302,F1737
T222,F4500
T3068,F9260
T1866,F9591
T2768,F3338
T3362,F2368
T576,F9463
T1758,F9830
T586,F2492
T169,F1169
T438,F1160
T1268,F8023
T874,F9731
T303,F1388
T1211,F7530
T2188,F11105
T34,F9276
T120,F1741
T2701,F3595
T625,F5284
T1084,F9864
T1206,F948
T2308,F6876
T2120,F5079
T231,F241
T1707,F1303
T1738,F8946
T195,F2593
T531,F12156
T601,F6098
T2271,F13128
T98,F2650
T3347,F1131
T1777,F8847
T993,F12927
T2012,F4857
T2231,F12396
T2452,F7869
T2598,F4901
T2677,F3633
T3283,F3601
T3402,F12013
T942,F4306
T2578,F1041
T3472,F1496
T1583,F4272
T1986,F6450
T2266,F6240
T820,F5566
T2617,F9853
T229,F1567
T1584,F2717
T248,F4860
T2931,F4047
T869,F1539
T2957,F8263
T56,F4715
T2372,F717
T2205,F889
T1939,F3228
T1413,F2740
T1865,F1484
T3099,F12898
T1753,F686
T2217,F2555
T1508,F3343
T1717,F9311
T1394,F12904
T548,F2260
T2165,F3276
T229,F373
T267,F1605
T2331,F10595
T795,F3468
T2485,F13691
T1395,F3401
T331,F9045
T1406,F953
T95,F449
T1371,F2623
T578,F1589
T440,F10242
T289,F463
T1506,F2401
T1230,F8169
T475,F6874
T833,F1805
T2351,F1560
T9,F12186
T1624,F10923
T1949,F1012
T3477,F2424
T304,F6
T2089,F4304
T2381,F2615
T2559,F1763
T2605,F4072
T2221,F1200
T2617,F9159
T187,F5390
T1085,F4302
T3367,F2335
T560,F309
T896,F9309
T1686,F730
T1196,F7679
T415,F1263
T651,F2546
T1044,F2603
T1101,F7715
T33,F9322
T1497,F3614
T13,F6838
T159,F16440
T2983,F1818
T2819,F1052
T897,F6405
T1169,F584
T1870,F10119
T1488,F6622
T3332,F4200
T411,F970
T3414,F8231
T1093,F1270
T2239,F248
T901,F7012
T2311,F9248
T3250,F2140
T684,F3571
T1643,F7379
T1845,F4498
T724,F3510
T550,F7161
T3125,F13319
T1453,F12228
T2905,F5803
T2147,F10672
T2479,F1820
T1409,F9704
T3455,F2718
T8,F3352
T707,F13443
T1997,F9785
T127,F2353
T1325,F715
T2113,F5528
T627,F3037
T1510,F15333
T1514,F8054
T471,F5439
T1904,F1826
T2329,F604
T3155,F1913
T900,F5282
T349,F14611
T176,F288
T139,F607
T1395,F4238
T100,F3827
T1730,F3636
T2745,F3217
T3349,F3352
T3138,F6749
T1285,F11942
T2042,F11659
T1875,F2371
T1155,F600
T803,F9593
T2927,F521
T680,F9996
T1972,F8694
T2404,F1287
T3009,F4422
T3081,F312
T399,F857
T2442,F4930
T2604,F6930
T1975,F3620
T1363,F1992
T1582,F9265
T1598,F5880
T1879,F1958
T611,F14808
T323,F5535
T1338,F3282
T3391,F12778
T2835,F3797
T2307,F1568
T846,F475
T49,F13898
T2300,F15805
T2596,F5813
T1672,F864
T2154,F4755
T1375,F12085
T3297,F14547
T3485,F13706
T383,F4408
T3201,F6208
T2836,F12671
T2669,F3319
T1969,F2004
T3346,F6674
T2759,F1946
T25,F4805
T3289,F2909
T841,F1681
T2570,F3701
T2764,F8155
T2078,F6222
T3414,F10510
T3429,F2889
T259,F4384
T223,F1646
T2807,F287
T3277,F13690
T123,F4188
T3331,F1014
T1315,F10071
T2108,F6688
T1431,F1114
T2679,F1949
T539,F142
T1916,F10759
T2368,F1838
T2351,F2349
T239,F14536
T176,F1262
T1397,F337
T3340,F1995
T750,F2142
T2568,F2442
T734,F2446
T880,F3904
T807,F11298
T2513,F635
T787,F12571
T887,F1562
T1716,F5404
T2748,F358
T1087,F14160
T1051,F743
T143,F6387
T1556,F2376
T3147,F2115
T2017,F5081
T34,F8595
T3325,F10433
T1794,F4924
T2630,F3010
T940,F759
T2958,F4894
T246,F9859
T507,F5126
T1381,F5303
T3369,F10843
T2344,F1667
T2035,F1549
T2094,F1655
T1112,F8972
T1382,F8810
T51,F7563
T2415,F1691
T187,F6686
T137,F2054
T314,F7461
T3420,F3957
T185,F62
T151,F9878
T2265,F1805
T860,F137
T1700,F3427
T195,F6831
T2127,F1589
T3013,F1044
T733,F2540
T3294,F879
T1014,F4235
T192,F4894
T1725,F12126
T1996,F14633
T653,F24
T1097,F554
T2939,F12444
T2999,F1812
T263,F3188
T335,F5111
T372,F8053
T464,F217
T3252,F4478
T1377,F5460
T660,F11015
T3364,F4279
T1963,F4347
T2294,F1320
T1365,F4836
T2456,F154
T666,F4673
T3474,F3453
T426,F11793
T821,F7944
T2695,F7366
T2333,F1359
T2639,F5649
T2344,F5864
T3016,F4353
T314,F1089
T960,F1072
T2204,F477
T2905,F2090
T2098,F2692
T2572,F7640
T2656,F991
T2217,F4177
T905,F13004
T1511,F1311
T3139,F8635
T2103,F1957
T2535,F4117
T2252,F2562
T1984,F6356
T2512,F4701
T3205,F2548
T2432,F3083
T1881,F2339
T2862,F11134
T2254,F5519
T2028,F3558
T1678,F3263
T1886,F4026
T1706,F6543
T2800,F5483
T165,F4323
T2915,F446
T2381,F3059
T386,F883
T1544,F16669
T1808,F1141
T2651,F1149
T2817,F284
T1186,F8439
T2358,F6170
T1694,F10324
T984,F1933
T3120,F6189
T175,F5415
T2283,F12221
T115,F3211
T2498,F8870
T3175,F1004
T3062,F5373
T2683,F4663
T2901,F1484
T1779,F6126
T176,F3806
T3062,F3929
T1832,F5509
T2486,F3551
T285,F11347
T2629,F4854
T1560,F1064
T2241,F1934
T2984,F3926
T2568,F7305
T2922,F4575
T2494,F8796
T65,F8391
T1358,F6915
T1566,F5394
T2772,F7997
T3009,F13040
T1742,F15037
T3175,F3432
T672,F3728
T2180,F10181
T204,F14529
T3240,F9951
T3424,F449
T3046,F15998
T1734,F10461
T3220,F6629
T3020,F1898
T371,F5308
T3354,F11461
T3249,F843
T2222,F11354
T1176,F1612
T2843,F2576
T283,F2299
T1576,F3150
T1443,F3054
T1037,F3837
T1977,F7820
T1426,F3149
T2836,F1271
T2702,F5625
T3182,F3420
T2883,F5264
T2036,F5460
T683,F265
T232,F992
T567,F10338
T2776,F479
T183,F7192
T215,F1435
T2554,F1089
T1626,F1268
T2469,F7724
T2398,F3215
T408,F6715
T311,F8693
T164,F10168
T1611,F3761
T2281,F3314
T434,F8591
T1452,F2329
T3362,F2917
T224,F3309
T3315,F1770
T3114,F2421
T2053,F5146
T650,F3015
T1335,F3133
T1467,F7571
T2010,F2367
T2686,F3430
T729,F10742
T444,F895
T2482,F1664
T3144,F2665
T1362,F6505
T1658,F466
T2018,F3181
T1367,F10221
T324,F2419
T850,F10246
T1471,F13060
T2848,F2300
T1666,F5879
T3330,F17692
T1767,F452
T1905,F1958
T1614,F9922
T470,F2299
T2314,F2819
T2144,F4509
T3055,F2631
T1093,F5722
T2646,F2638
T88,F15997
T2010,F484
T287,F2988
T2873,F543
T3241,F344
T2089,F1915
T80,F1159
T1217,F8509
T1468,F11860
T2274,F6702
T1786,F5637
T717,F8461
T2217,F590
T1306,F1525
T2106,F14395
T3258,F3169
T1185,F3287
T2308,F10168
T1787,F3466
T3281,F10776
T1461,F8119
T1763,F4899
T1645,F1654
T703,F10241
T3031,F1873
T1817,F3707
T1941,F84
T539,F2498
T2544,F291
T1211,F4821
T2443,F11046
T3498,F3629
T3295,F1805
T2610,F1320
T1950,F4576
T3170,F3185
T1719,F6140
T3088,F4540
T1107,F3374
T945,F4360
T1703,F176
T1149,F1080
T2304,F6731
T3359,F7920
T233,F3732
T2730,F14103
T155,F3421
T1343,F564
T2263,F3080
T240,F5703
T1526,F525
T2564,F4241
T3123,F738
T461,F14083
T949,F1691
T3488,F8016
T846,F39
T1015,F1373
T173,F2276
T905,F788
T668,F4802
T401,F5209
T1721,F12077
T1171,F10555
T1639,F781
T2505,F747
T732,F9389
T2040,F1669
T3292,F3197
T515,F696
T290,F3072
T715,F282
T2477,F7569
T3140,F7154
T948,F5633
T2238,F6149
T3463,F818
T2689,F11645
T664,F5117
T2575,F2213
T2750,F2758
T1261,F7195
T3063,F10098
T2724,F15172
T889,F2077
T3489,F4007
T1165,F13428
T564,F8806
T1375,F5558
T140,F10265
T2118,F5159
T1461,F6211
T2355,F2320
T560,F783
T65,F729
T2238,F270
T2524,F6601
T1928,F1031
T3421,F1769
T1054,F3536
T2380,F10231
T1055,F4763
T2836,F10871
T1111,F3855
T2227,F8246
T3454,F1940
T921,F1615
T2349,F1946
T1288,F14724
T2278,F2581
T2301,F4361
T2417,F5220
T1484,F3545
T1793,F403
T2536,F4055
T145,F78
T1243,F13872
T418,F4448
T2419,F1372
T3128,F31
T3248,F7137
T3277,F12353
T2439,F1041
T1677,F8205
T3071,F2265
T1737,F4749
T2287,F369
T2899,F1000
T1719,F4675
T1826,F2260
T1663,F1855
T2225,F13939
T1594,F200
T544,F1206
T1000,F3929
T3378,F1787
T1537,F2201
T2088,F3203
T2619,F177
T1666,F3949
T250,F697
T510,F2820
T1022,F5198
T1597,F3920
T1816,F9583
T1861,F4843
T3162,F382
T3456,F1574
T1126,F1109
T2382,F1459
T2521,F3235
T1405,F696
T2376,F14373
T3035,F7196
T2328,F1241
T2276,F3031
T2206,F2581
T2407,F1138
T2774,F9573
T1620,F8962
T1892,F11031
T1067,F5777
T2519,F8374
T1641,F8432
T983,F9078
T3260,F1765
T1907,F5617
T2676,F1603
T1815,F2290
T2100,F1537
T574,F1480
T3487,F984
T1023,F7691
T1451,F11593
T1706,F14726
T15,F8192
T93,F1225
T753,F3545
T295,F6121
T2359,F2927
T843,F722
T436,F2264
T1362,F2941
T927,F3858
T873,F5657
T1073,F1604
T760,F7254
T3418,F11573
T2253,F9489
T869,F1808
T1053,F1816
T1399,F3270
T628,F7286
T2453,F6865
T2367,F5975
T1130,F2394
T1841,F814
T1215,F11620
T3389,F5932
T1836,F5789
T222,F7845
T735,F5760
T1516,F14158
T3420,F353
T1607,F3111
T1818,F10665
T2590,F3883
T1552,F8109
T1279,F2636
T1362,F1703
T1439,F1642
T317,F1626
T2327,F10134
T357,F5626
T2025,F858
T3034,F246
T751,F14391
T296,F27
T3051,F1876
T807,F11773
T1256,F13805
T1623,F1345
T1897,F945
T1370,F6481
T3457,F4058
T3469,F2430
T3256,F9549
T2111,F868
T1016,F3624
T179,F4721
T1940,F245
T2242,F3304
T1434,F5268
T1839,F9174
T3177,F2298
T945,F9713
T2574,F7112
T3447,F5237
T716,F1416
T1560,F3350
T2662,F4847
T2959,F9661
T2873,F12316
T2487,F9533
T2507,F7541
T445,F4112
T882,F2151
T3467,F5973
T2854,F6631
T307,F230
T600,F6033
T1988,F7420
T3120,F2366
T2194,F10578
T3238,F6770
T1541,F2064
T779,F4787
T2373,F1006
T2203,F1812
T1408,F2560
T1722,F1515
T26,F3580
T251,F14797
T266,F2803
T2881,F4887
T2288,F8560
T2018,F2194
T1442,F7804
T1123,F5133
T1661,F4634
T2893,F1160
T894,F2773
T888,F7370
T1934,F7035
T2618,F1541
T2004,F1515
T1345,F2437
T1665,F1910
T1951,F2183
T838,F5537
T3301,F2380
T657,F10133
T790,F1070
T2429,F2576
T3392,F3281
T2979,F3757
T1187,F8596
T2343,F1573
T1457,F16314
T690,F2787
T1949,F683
T2896,F7165
T2218,F868
T1476,F2336
T1336,F7271
T2075,F3839
T1934,F7992
T1459,F539
T1009,F7231
T282,F1362
T2007,F4894
T427,F4753
T374,F2271
T3471,F11993
T384,F10690
T1604,F10144
T608,F4068
T3122,F5212
T1671,F2267
T1578,F11188
T1450,F2569
T1194,F8318
T1836,F5522
T3279,F750
T2943,F4092
T2110,F3454
T123,F9766
T1994,F800
T3481,F7233
T970,F6428
T3471,F13017
T2312,F3169
T1490,F2879
T2869,F11984
T2189,F4031
T753,F1300
T3289,F5044
T17,F5620
T82,F5998
T945,F5601
T2302,F1764
T120,F1140
T949,F1678
T2315,F7514
T3381,F781
T2760,F2969
T2059,F11963
T2677,F2646
T2743,F397
T1138,F2155
T978,F133
T2227,F6434
T1566,F4936
T2970,F12875
T1766,F881
T1602,F5551
T28,F1350
T757,F8871
T18,F5821
T3216,F1583
T1322,F14837
T1976,F3717
T2428,F2760
T2633,F8539
T2796,F8922
T350,F78
T1174,F3237
T793,F9349
T1024,F11057
T2066,F4036
T894,F2102
T1351,F1049
T1735,F925
T633,F1944
T121,F13610
T1379,F1744
T446,F5814
T1645,F397
T2365,F75
T1987,F10607
T1350,F13720
T2694,F11179
T1202,F1962
T2968,F15
T3069,F2071
T1818,F6893
T3061,F13592
T2588,F5253
T59,F9959
T3068,F9662
T3466,F3098
T3321,F4590
T849,F10912
T790,F4759
T294,F1319
T1088,F3662
T332,F10874
T2578,F4039
T815,F3338
T2098,F10148
T1073,F10361
T525,F8697
T936,F4267
T2154,F3969
T2598,F3685
T2794,F5656
T539,F68
T2634,F290
T886,F10654
T1721,F3521
T2148,F4212
T2461,F1322
T1890,F7692
T186,F2133
T219,F4039
T791,F368
T1285,F13376
T1345,F327
T3274,F1573
T2068,F6668
T809,F6115
T1701,F2627
T113,F961
T1404,F6782
T719,F9434
T2608,F2756
T375,F8279
T1314,F3119
T3183,F7474
T34,F10942
T3261,F6825
T3007,F978
T1552,F3428
T873,F2224
T3161,F10278
T2058,F621
T1487,F2986
T3395,F5206
T2371,F4441
T3168,F2927
T2061,F11992
T3175,F4204
T2174,F4156
T2600,F1416
T1145,F2639
T340,F3963
T1261,F5986
T1371,F2084
T2553,F15296
T1740,F5633
T3243,F3334
T3243,F968
T2684,F3972
T3339,F12936
T1755,F117
T2226,F5302
T809,F9547
T3213,F2259
T585,F3938
T2374,F7833
T3079,F10708
T1262,F3818
T3162,F4611
T530,F12907
T3107,F668
T2511,F9144
T2232,F6870
T1994,F4699
T1005,F5284
T2011,F11971
T2366,F11379
T1751,F2066
T800,F806
T124,F3930
T1617,F1035
T2769,F4265
T363,F3694
T2984,F7872
T77,F12120
T2327,F13114
T484,F239
T2283,F12952
T2026,F112
T376,F4163
T933,F5562
T2068,F1681
T133,F8150
T1152,F671
T162,F9266
T3482,F4670
T1080,F2613
T1488,F8254
T1382,F1331
T739,F8903
T2051,F2079
T846,F3357
T32,F203
T419,F1896
T1426,F3345
T3118,F15160
T1494,F8097
T1608,F8873
T1834,F79
T1673,F14711
T2671,F6956
T2213,F6198
T2231,F10304
T3279,F9859
T609,F2255
T1683,F12406
T1709,F8921
T3373,F5406
T584,F2124
T1995,F1299
T1759,F1485
T1126,F2831
T2959,F10556
T1334,F2433
T331,F3470
T1855,F4184
T637,F4753
T515,F8876
T1812,F826
T2829,F5797
T570,F2292
T640,F11635
T1237,F7293
T189,F6173
T1610,F1782
T3260,F12359
T483,F2702
T3037,F1045
T3438,F2032
T400,F1517
T812,F1030
T921,F7120
T462,F883
T933,F7548
T3017,F2989
T590,F10313
T2604,F6730
T2424,F2387
T1728,F1063
T1159,F11972
T1894,F1191
T2533,F195
T479,F8215
T1498,F1417
T1714,F1718
T514,F537
T1672,F4399
T3213,F6061
T1490,F1333
T958,F12057
T1601,F6601
T1898,F2351
T2270,F4483
T3377,F3828
T2878,F1115
T1919,F293
T2203,F194
T2546,F2647
T2216,F7328
T725,F12177
T2567,F3457
T1845,F3699
T3335,F13611
T1724,F13656
T86,F2512
T3279,F11869
T16,F2926
T2699,F4187
T3026,F11002
T816,F5723
T1459,F6224
T1892,F15688
T838,F10024
T2907,F3089
T1126,F3049
T3446,F3196
T40,F2967
T2713,F931
T610,F1581
T385,F5950
T746,F1270
T2659,F1893
T1586,F1832
T2642,F1135
T1416,F1086
T1457,F7038
T2065,F10697
T2951,F6433
T2239,F1028
T2708,F1601
T3065,F10651
T1481,F677
T2470,F3346
T3246,F8131
T2566,F7589
T2506,F6658
T2188,F8038
T415,F2743
T3199,F10586
T1291,F6157
T2438,F1435
T3284,F7228
T3058,F5121
T408,F7154
T411,F2321
T1933,F6113
T1627,F4865
T2592,F2911
T209,F13612
T2683,F2109
T2022,F753
T1202,F9922
T1953,F6382
T2078,F14955
T3222,F1660
T232,F465
T3261,F1747
T1202,F7559
T1342,F8729
T2013,F4652
T2011,F2545
T2548,F829
T189,F3243
T2107,F12217
T2520,F6618
T3104,F9235
T1576,F3417
T1359,F1093
T2377,F4499
T2784,F7114
T2679,F11805
T1091,F855
T1698,F3781
T994,F8779
T3017,F6661
T1234,F1277
T977,F13533
T1110,F6087
T690,F1691
T1043,F3298
T397,F8765
T1854,F3029
T2214,F6164
T4,F2770
T2522,F13085
T442,F2008
T491,F1288
T2066,F10237
T2164,F12393
T3055,F1844
T487,F844
T1040,F14368
T2237,F1860
T2308,F7871
T111,F1423
T2604,F337
T3022,F14182
T2285,F4387
T2483,F4897
T1974,F3351
T2601,F13661
T2922,F1955
T2778,F9120
T33,F9330
T840,F2750
T712,F4923
T1568,F94
T2221,F9835
T2698,F441
T659,F3527
T1267,F3805
T595,F15718
T1183,F10128
T807,F7482
T1994,F416
T1889,F16579
T3075,F12293
T1429,F2610
T2953,F3856
T2379,F775
T2798,F2559
T829,F10248
T401,F14050
T1263,F435
T1510,F7133
T1528,F9710
T2290,F11379
T2519,F1153
T1073,F238
T1668,F7496
T190,F1565
T389,F3919
T2959,F13508
T2261,F6452
T382,F7347
T665,F7440
T1410,F6159
T232,F575
T3122,F8771
T824,F9833
T1071,F1227
T43,F10919
T3346,F7522
T740,F11769
T1321,F1786
T1550,F2991
T1786,F9704
T3106,F2344
T3233,F625
T3343,F255
T600,F12731
T1983,F6531
T3098,F2220
T791,F5489
T624,F2457
T1638,F2775
T1653,F9552
T2093,F4319
T2356,F10212
T784,F700
T1057,F7121
T1312,F7791
T1462,F9200
T1991,F1479
T325,F818
T3315,F4196
T1636,F1653
T2252,F9318
T1346,F10907
T2355,F1239
T1275,F6663
T1197,F1821
T444,F6826
T1352,F1229
T2226,F2346
T1548,F3432
T1678,F3975
T1243,F14308
T219,F4235
T2236,F7611
T2901,F1334
T3294,F5537
T2722,F12799
T3410,F1389
T554,F4983
T266,F1358
T1012,F12947
T1635,F6707
T593,F1785
T1514,F467
T1757,F14448
T1893,F16868
T2948,F5116
T821,F12432
T3027,F7289
T2733,F1081
T3464,F2502
T3404,F1002
T1403,F6414
T899,F584
T53,F3292
T2189,F2040
T158,F3013
T1859,F5630
T992,F5562
T418,F1143
T2370,F3057
T2673,F7396
T3154,F1805
T380,F8997
T1937,F7556
T2760,F9007
T446,F16374
T2456,F5843
T3030,F10487
T1504,F2374
T55,F740
T997,F5731
T1935,F7435
T308,F8887
T2046,F4751
T58,F2368
T526,F12760
T1589,F1799
T3434,F6973
T3386,F8756
T66,F782
T1880,F3379
T1997,F8147
T2830,F9449
T3324,F8716
T919,F2577
T3122,F10380
T469,F13386
T3453,F3044
T2278,F4657
T1147,F31
T977,F2992
T976,F7526
T2571,F562
T1157,F9733
T1127,F5680
T1324,F15486
T2048,F7739
T776,F5401
T3108,F3863
T3463,F12595
T3307,F15523
T1570,F3580
T3445,F2196
T3387,F1951
T349,F13002
T2627,F6170
T1663,F1415
T274,F4207
T914,F5534
T2567,F1808
T153,F5049
T2323,F1767
T2777,F1364
T1203,F2535
T3314,F8941
T1326,F11761
T1301,F3434
T2737,F11115
T3197,F9198
T2741,F3752
T2841,F464
T122,F3063
T944,F2378
T2806,F8843
T326,F1645
T3007,F3219
T3094,F8607
T3210,F5876
T777,F10037
T1311,F2183
T1127,F6583
T3116,F1084
T3418,F4991
T1308,F1257
T325,F2632
T684,F12608
T959,F2768
T1817,F2583
T3372,F985
T2679,F16260
T2554,F2628
T839,F10222
T2509,F5960
T3234,F2115
T1635,F4906
T2639,F2983
T2089,F5402
T1626,F7251
T659,F522
T934,F2356
T1846,F1236
T2266,F5237
T310,F12534
T880,F2880
T3233,F960
T236,F2950
T1556,F2046
T1983,F10607
T385,F2365
T3341,F6528
T175,F1595
T3173,F9876
T1618,F6500
T3492,F11127
T156,F9554
T543,F730
T990,F5576
T2031,F415
T313,F6793
T2058,F4092
T210,F2155
T2061,F12865
T936,F3399
T2551,F2218
T2543,F1032
T526,F11746
T1833,F14214
T1869,F3062
T2251,F6675
T1260,F2599
T1633,F8462
T901,F4681
T64,F2276
T1328,F6108
T157,F6526
T2593,F2264
T835,F263
T367,F5807
T1102,F839
T2101,F957
T792,F1962
T3194,F6306
T3485,F11793
T1266,F12484
T2532,F17246
T1799,F13465
T504,F4483
T876,F4195
T205,F2130
T75,F1111
T2467,F4476
T778,F15595
T2245,F5102
T2252,F5172
T130,F3770
T2972,F2149
T3118,F13649
T497,F8248
T1988,F13561
T3375,F13206
T175,F11374
T610,F1940
T3462,F3430
T3010,F8139
T2351,F2466
T2972,F2117
T1120,F347
T1760,F2025
T2611,F11436
T1566,F4538
T1531,F1914
T2363,F15836
T1434,F3134
T793,F7595
T1134,F995
T174,F17306
T1681,F4665
T1536,F6257
T2941,F4997
T1871,F187
T269,F7816
T2345,F13082
T2096,F5469
T446,F9847
T19,F10007
T82,F4324
T527,F806
T1914,F3880
T369,F3547
T2194,F329
T596,F2826
T503,F2834
T1517,F3829
T3312,F3716
T1419,F2163
T640,F9713
T1313,F4224
T3264,F3451
T1329,F10316
T2961,F2046
T2306,F204
T2546,F441
T2697,F916
T3340,F1235
T3094,F2175
T1,F2721
T941,F1371
T313,F6766
T2732,F3011
T472,F7882
T2363,F6367
T1670,F4194
T2717,F2310
